-- Customers
INSERT INTO Customer (Customer_ID, First_name, Last_name, Phone_number, Email) VALUES (1, 'Danielle', 'Johnson', '(854) 314-1409', 'jeffreydoyle@hotmail.com');
INSERT INTO Customer (Customer_ID, First_name, Last_name, Phone_number, Email) VALUES (2, 'Joy', 'Gardner', '(959) 481-5012', 'johnsonjeffery@hotmail.com');
INSERT INTO Customer (Customer_ID, First_name, Last_name, Phone_number, Email) VALUES (3, 'Carolyn', 'Hoffman', '(428) 342-2679', 'shaneramirez@gmail.com');
INSERT INTO Customer (Customer_ID, First_name, Last_name, Phone_number, Email) VALUES (4, 'Katherine', 'Moore', '(892) 958-9935', 'joshua35@gmail.com');
INSERT INTO Customer (Customer_ID, First_name, Last_name, Phone_number, Email) VALUES (5, 'Christopher', 'Davis', '(289) 804-7912', 'lindsay78@gmail.com');
INSERT INTO Customer (Customer_ID, First_name, Last_name, Phone_number, Email) VALUES (6, 'Teresa', 'Gray', '(232) 230-2535', 'barbara10@hotmail.com');
INSERT INTO Customer (Customer_ID, First_name, Last_name, Phone_number, Email) VALUES (7, 'Jeremy', 'Roberts', '(423) 438-9279', 'michellejames@reid-diaz.com');
INSERT INTO Customer (Customer_ID, First_name, Last_name, Phone_number, Email) VALUES (8, 'Michael', 'Santiago', '(816) 227-4257', 'amandasanchez@gray-mayo.net');
INSERT INTO Customer (Customer_ID, First_name, Last_name, Phone_number, Email) VALUES (9, 'Jeffrey', 'Nguyen', '(933) 865-9928', 'lydiatrujillo@adams-clark.org');
INSERT INTO Customer (Customer_ID, First_name, Last_name, Phone_number, Email) VALUES (10, 'Nancy', 'Edwards', '(629) 425-8359', 'pwilkerson@yahoo.com');
INSERT INTO Customer (Customer_ID, First_name, Last_name, Phone_number, Email) VALUES (11, 'Douglas', 'Taylor', '(803) 484-1106', 'zhurst@yahoo.com');
INSERT INTO Customer (Customer_ID, First_name, Last_name, Phone_number, Email) VALUES (12, 'Jeffrey', 'Bright', '(977) 363-7924', 'camposmichelle@gmail.com');
INSERT INTO Customer (Customer_ID, First_name, Last_name, Phone_number, Email) VALUES (13, 'Courtney', 'Conner', '(548) 484-3547', 'cruzcaitlin@yahoo.com');
INSERT INTO Customer (Customer_ID, First_name, Last_name, Phone_number, Email) VALUES (14, 'Allison', 'Maddox', '(420) 981-6514', 'maldonadoamanda@mack-peterson.com');
INSERT INTO Customer (Customer_ID, First_name, Last_name, Phone_number, Email) VALUES (15, 'Ryan', 'Chavez', '(304) 294-7224', 'williamrodriguez@hotmail.com');
INSERT INTO Customer (Customer_ID, First_name, Last_name, Phone_number, Email) VALUES (16, 'Kenneth', 'Fowler', '(299) 567-6635', 'nathanielmartin@sellers.com');
INSERT INTO Customer (Customer_ID, First_name, Last_name, Phone_number, Email) VALUES (17, 'Sarah', 'Koch', '(818) 470-1711', 'brianhumphrey@gmail.com');
INSERT INTO Customer (Customer_ID, First_name, Last_name, Phone_number, Email) VALUES (18, 'Christopher', 'Tucker', '(947) 670-9785', 'davidalvarez@martin.com');
INSERT INTO Customer (Customer_ID, First_name, Last_name, Phone_number, Email) VALUES (19, 'Sarah', 'Campos', '(327) 587-2291', 'raymond57@hayes.com');
INSERT INTO Customer (Customer_ID, First_name, Last_name, Phone_number, Email) VALUES (20, 'Brianna', 'Hall', '(765) 500-6925', 'jonescrystal@jones.com');
INSERT INTO Customer (Customer_ID, First_name, Last_name, Phone_number, Email) VALUES (21, 'Chad', 'Young', '(791) 396-2139', 'ambercummings@hotmail.com');
INSERT INTO Customer (Customer_ID, First_name, Last_name, Phone_number, Email) VALUES (22, 'Barbara', 'Sanchez', '(246) 877-4733', 'glee@hotmail.com');
INSERT INTO Customer (Customer_ID, First_name, Last_name, Phone_number, Email) VALUES (23, 'Ryan', 'Henderson', '(991) 496-2307', 'nuneztracey@gmail.com');
INSERT INTO Customer (Customer_ID, First_name, Last_name, Phone_number, Email) VALUES (24, 'Bruce', 'Chandler', '(438) 303-7227', 'jamesherrera@henderson.info');
INSERT INTO Customer (Customer_ID, First_name, Last_name, Phone_number, Email) VALUES (25, 'John', 'Leblanc', '(484) 664-6977', 'williamsyvette@gmail.com');
INSERT INTO Customer (Customer_ID, First_name, Last_name, Phone_number, Email) VALUES (26, 'Tanya', 'House', '(366) 579-6820', 'richardolson@barrera-martin.com');
INSERT INTO Customer (Customer_ID, First_name, Last_name, Phone_number, Email) VALUES (27, 'Tricia', 'Baker', '(414) 886-5374', 'rodney87@gmail.com');
INSERT INTO Customer (Customer_ID, First_name, Last_name, Phone_number, Email) VALUES (28, 'James', 'Robinson', '(918) 899-2169', 'adkinsbrian@woods.com');
INSERT INTO Customer (Customer_ID, First_name, Last_name, Phone_number, Email) VALUES (29, 'Susan', 'Miller', '(823) 850-3803', 'larsonemma@powell.com');
INSERT INTO Customer (Customer_ID, First_name, Last_name, Phone_number, Email) VALUES (30, 'Beth', 'Williams', '(746) 946-5010', 'ksandoval@stewart.com');
INSERT INTO Customer (Customer_ID, First_name, Last_name, Phone_number, Email) VALUES (31, 'John', 'Foster', '(367) 673-7216', 'wstewart@gmail.com');
INSERT INTO Customer (Customer_ID, First_name, Last_name, Phone_number, Email) VALUES (32, 'Albert', 'Howell', '(476) 855-4598', 'medinawilliam@mahoney.com');
INSERT INTO Customer (Customer_ID, First_name, Last_name, Phone_number, Email) VALUES (33, 'Mike', 'Moore', '(901) 532-1916', 'contrerasangela@hotmail.com');
INSERT INTO Customer (Customer_ID, First_name, Last_name, Phone_number, Email) VALUES (34, 'Dale', 'Humphrey', '(434) 232-6168', 'prestonjulia@gmail.com');
INSERT INTO Customer (Customer_ID, First_name, Last_name, Phone_number, Email) VALUES (35, 'Joseph', 'Jacobs', '(610) 474-2084', 'gracefarrell@hotmail.com');
INSERT INTO Customer (Customer_ID, First_name, Last_name, Phone_number, Email) VALUES (36, 'Tracy', 'Whitehead', '(416) 780-6155', 'waltersmaria@smith.com');
INSERT INTO Customer (Customer_ID, First_name, Last_name, Phone_number, Email) VALUES (37, 'Evan', 'Ramos', '(417) 871-9179', 'rodriguezsierra@hotmail.com');
INSERT INTO Customer (Customer_ID, First_name, Last_name, Phone_number, Email) VALUES (38, 'Rebecca', 'Gardner', '(605) 858-8517', 'russellwilliams@yahoo.com');
INSERT INTO Customer (Customer_ID, First_name, Last_name, Phone_number, Email) VALUES (39, 'Rachel', 'Flynn', '(346) 471-3287', 'jason31@deleon-henson.biz');
INSERT INTO Customer (Customer_ID, First_name, Last_name, Phone_number, Email) VALUES (40, 'Terri', 'Brady', '(452) 962-9830', 'theresacochran@johnson-doyle.com');
INSERT INTO Customer (Customer_ID, First_name, Last_name, Phone_number, Email) VALUES (41, 'Kimberly', 'Jenkins', '(469) 964-8019', 'erik16@garrison.com');
INSERT INTO Customer (Customer_ID, First_name, Last_name, Phone_number, Email) VALUES (42, 'Lisa', 'Stevens', '(797) 608-6930', 'jeffreykeller@yahoo.com');
INSERT INTO Customer (Customer_ID, First_name, Last_name, Phone_number, Email) VALUES (43, 'Mark', 'Lin', '(424) 341-9348', 'darlene68@yahoo.com');
INSERT INTO Customer (Customer_ID, First_name, Last_name, Phone_number, Email) VALUES (44, 'Sheila', 'Wilson', '(705) 293-1771', 'beverlyterrell@gmail.com');
INSERT INTO Customer (Customer_ID, First_name, Last_name, Phone_number, Email) VALUES (45, 'Daniel', 'Hamilton', '(312) 356-3621', 'gobrien@gmail.com');
INSERT INTO Customer (Customer_ID, First_name, Last_name, Phone_number, Email) VALUES (46, 'Paul', 'Ray', '(896) 632-2040', 'fletcheraaron@hotmail.com');
INSERT INTO Customer (Customer_ID, First_name, Last_name, Phone_number, Email) VALUES (47, 'Gloria', 'Bentley', '(594) 590-8668', 'ryan59@alvarado-martinez.com');
INSERT INTO Customer (Customer_ID, First_name, Last_name, Phone_number, Email) VALUES (48, 'William', 'Estrada', '(741) 457-1188', 'jterry@gmail.com');
INSERT INTO Customer (Customer_ID, First_name, Last_name, Phone_number, Email) VALUES (49, 'James', 'Ortega', '(896) 938-2876', 'christinaturner@hotmail.com');
INSERT INTO Customer (Customer_ID, First_name, Last_name, Phone_number, Email) VALUES (50, 'Martha', 'Torres', '(898) 749-5371', 'mfloyd@morris.net');

-- Customer Addresses
INSERT INTO Customer_Addresses (Address_ID, Postal_code, Street_address, City, State, Customer_ID) VALUES (1, '62522', '148 Davis Terrace', 'Lake Lance', 'Illinois', 1);
INSERT INTO Customer_Addresses (Address_ID, Postal_code, Street_address, City, State, Customer_ID) VALUES (2, '19814', '37917 Mercado Ports', 'Lake Heather', 'New York', 1);
INSERT INTO Customer_Addresses (Address_ID, Postal_code, Street_address, City, State, Customer_ID) VALUES (3, '52884', '01632 Williams Gateway', 'South Dennismouth', 'Texas', 1);
INSERT INTO Customer_Addresses (Address_ID, Postal_code, Street_address, City, State, Customer_ID) VALUES (4, '70117', '9868 Merritt Summit Suite 743', 'Katiehaven', 'New York', 2);
INSERT INTO Customer_Addresses (Address_ID, Postal_code, Street_address, City, State, Customer_ID) VALUES (5, '82650', '7143 Rogers Plains', 'East Edwardfurt', 'Vermont', 3);
INSERT INTO Customer_Addresses (Address_ID, Postal_code, Street_address, City, State, Customer_ID) VALUES (6, '20529', '66587 Brown Village', 'Priceshire', 'Vermont', 3);
INSERT INTO Customer_Addresses (Address_ID, Postal_code, Street_address, City, State, Customer_ID) VALUES (7, '03061', '0546 Medina Street Apt. 734', 'Tuckerfurt', 'Michigan', 3);
INSERT INTO Customer_Addresses (Address_ID, Postal_code, Street_address, City, State, Customer_ID) VALUES (8, '88171', '272 Rebecca Ramp Apt. 162', 'Whiteview', 'Missouri', 4);
INSERT INTO Customer_Addresses (Address_ID, Postal_code, Street_address, City, State, Customer_ID) VALUES (9, '43407', '5564 King Common', 'Smithside', 'Arkansas', 4);
INSERT INTO Customer_Addresses (Address_ID, Postal_code, Street_address, City, State, Customer_ID) VALUES (10, '46371', '100 James Brooks', 'East David', 'Texas', 4);
INSERT INTO Customer_Addresses (Address_ID, Postal_code, Street_address, City, State, Customer_ID) VALUES (11, '15494', '4529 Kimberly Estates', 'Danieltown', 'Maryland', 4);
INSERT INTO Customer_Addresses (Address_ID, Postal_code, Street_address, City, State, Customer_ID) VALUES (12, '75971', '3193 Heidi Hollow Apt. 905', 'Stanleyland', 'North Carolina', 5);
INSERT INTO Customer_Addresses (Address_ID, Postal_code, Street_address, City, State, Customer_ID) VALUES (13, '85375', '67165 Zimmerman Mews Apt. 849', 'Marshallshire', 'Louisiana', 5);
INSERT INTO Customer_Addresses (Address_ID, Postal_code, Street_address, City, State, Customer_ID) VALUES (14, '42746', '47379 Rogers Park', 'Hunterborough', 'Minnesota', 6);
INSERT INTO Customer_Addresses (Address_ID, Postal_code, Street_address, City, State, Customer_ID) VALUES (15, '34363', '9480 Christopher Stravenue Suite 783', 'Brewerfort', 'New Hampshire', 6);
INSERT INTO Customer_Addresses (Address_ID, Postal_code, Street_address, City, State, Customer_ID) VALUES (16, '02761', '3634 Kennedy Pines', 'Ronaldside', 'Michigan', 6);
INSERT INTO Customer_Addresses (Address_ID, Postal_code, Street_address, City, State, Customer_ID) VALUES (17, '46613', '4431 Leslie Summit Apt. 337', 'Jennyhaven', 'Rhode Island', 6);
INSERT INTO Customer_Addresses (Address_ID, Postal_code, Street_address, City, State, Customer_ID) VALUES (18, '37594', '43524 Jean Crossroad', 'Brandonton', 'Oklahoma', 7);
INSERT INTO Customer_Addresses (Address_ID, Postal_code, Street_address, City, State, Customer_ID) VALUES (19, '38791', '710 Harrison Mill', 'Jackton', 'Kentucky', 8);
INSERT INTO Customer_Addresses (Address_ID, Postal_code, Street_address, City, State, Customer_ID) VALUES (20, '63117', '67190 Edward Port', 'Christopherbury', 'Delaware', 8);
INSERT INTO Customer_Addresses (Address_ID, Postal_code, Street_address, City, State, Customer_ID) VALUES (21, '73648', '993 Hayes Mills Suite 964', 'New Susanville', 'Wisconsin', 8);
INSERT INTO Customer_Addresses (Address_ID, Postal_code, Street_address, City, State, Customer_ID) VALUES (22, '27736', '1232 Eric Lodge', 'Norrisfort', 'Maine', 9);
INSERT INTO Customer_Addresses (Address_ID, Postal_code, Street_address, City, State, Customer_ID) VALUES (23, '04779', '4713 French Road', 'South Danny', 'Iowa', 9);
INSERT INTO Customer_Addresses (Address_ID, Postal_code, Street_address, City, State, Customer_ID) VALUES (24, '85387', '2102 Larson Views', 'Scottmouth', 'Vermont', 10);
INSERT INTO Customer_Addresses (Address_ID, Postal_code, Street_address, City, State, Customer_ID) VALUES (25, '40358', '8877 Carly Meadows Suite 940', 'East Suzanneshire', 'Pennsylvania', 11);
INSERT INTO Customer_Addresses (Address_ID, Postal_code, Street_address, City, State, Customer_ID) VALUES (26, '03220', '027 Moon Falls Suite 717', 'Rickymouth', 'Texas', 11);
INSERT INTO Customer_Addresses (Address_ID, Postal_code, Street_address, City, State, Customer_ID) VALUES (27, '14211', '6746 Shawn Island', 'Marcusfurt', 'North Carolina', 11);
INSERT INTO Customer_Addresses (Address_ID, Postal_code, Street_address, City, State, Customer_ID) VALUES (28, '00651', '0385 Garrett Trace Apt. 348', 'West Samuel', 'Vermont', 12);
INSERT INTO Customer_Addresses (Address_ID, Postal_code, Street_address, City, State, Customer_ID) VALUES (29, '64033', '93248 Andrea Course', 'Port Robin', 'New Jersey', 12);
INSERT INTO Customer_Addresses (Address_ID, Postal_code, Street_address, City, State, Customer_ID) VALUES (30, '15897', '4846 Baird Gardens', 'Arnoldfurt', 'Illinois', 13);
INSERT INTO Customer_Addresses (Address_ID, Postal_code, Street_address, City, State, Customer_ID) VALUES (31, '79062', '46584 Justin Hills', 'Grimesmouth', 'Ohio', 13);
INSERT INTO Customer_Addresses (Address_ID, Postal_code, Street_address, City, State, Customer_ID) VALUES (32, '63984', '8867 Kane Square Apt. 963', 'Williamsfort', 'Virginia', 14);
INSERT INTO Customer_Addresses (Address_ID, Postal_code, Street_address, City, State, Customer_ID) VALUES (33, '50469', '270 Wayne Ramp Suite 171', 'Smithberg', 'Nebraska', 14);
INSERT INTO Customer_Addresses (Address_ID, Postal_code, Street_address, City, State, Customer_ID) VALUES (34, '86324', '74596 Melissa Walk', 'Finleyfort', 'Ohio', 14);
INSERT INTO Customer_Addresses (Address_ID, Postal_code, Street_address, City, State, Customer_ID) VALUES (35, '05206', '43161 Scott Square', 'Rebeccaton', 'Massachusetts', 15);
INSERT INTO Customer_Addresses (Address_ID, Postal_code, Street_address, City, State, Customer_ID) VALUES (36, '07856', '5623 Knight Turnpike Apt. 221', 'Harveybury', 'New York', 15);
INSERT INTO Customer_Addresses (Address_ID, Postal_code, Street_address, City, State, Customer_ID) VALUES (37, '76936', '74740 Santana Springs', 'North Scott', 'Minnesota', 16);
INSERT INTO Customer_Addresses (Address_ID, Postal_code, Street_address, City, State, Customer_ID) VALUES (38, '77515', '647 Gonzalez Lights Suite 136', 'Baileyport', 'Alaska', 17);
INSERT INTO Customer_Addresses (Address_ID, Postal_code, Street_address, City, State, Customer_ID) VALUES (39, '86776', '0909 Wall Heights Apt. 953', 'New John', 'Wisconsin', 17);
INSERT INTO Customer_Addresses (Address_ID, Postal_code, Street_address, City, State, Customer_ID) VALUES (40, '94994', '104 Johnson Lakes', 'North Renee', 'Massachusetts', 17);
INSERT INTO Customer_Addresses (Address_ID, Postal_code, Street_address, City, State, Customer_ID) VALUES (41, '98474', '32858 Rivas Glens Suite 451', 'Mccartyberg', 'Wisconsin', 18);
INSERT INTO Customer_Addresses (Address_ID, Postal_code, Street_address, City, State, Customer_ID) VALUES (42, '30072', '516 Joseph Crossing Suite 549', 'Carsonstad', 'Connecticut', 18);
INSERT INTO Customer_Addresses (Address_ID, Postal_code, Street_address, City, State, Customer_ID) VALUES (43, '88953', '0985 Deborah Roads', 'Blankenshipport', 'Tennessee', 18);
INSERT INTO Customer_Addresses (Address_ID, Postal_code, Street_address, City, State, Customer_ID) VALUES (44, '54017', '00471 Jimmy Plain', 'South Shawn', 'Texas', 18);
INSERT INTO Customer_Addresses (Address_ID, Postal_code, Street_address, City, State, Customer_ID) VALUES (45, '97905', '261 Gilbert Harbors Apt. 537', 'Sampsonstad', 'Connecticut', 19);
INSERT INTO Customer_Addresses (Address_ID, Postal_code, Street_address, City, State, Customer_ID) VALUES (46, '90374', '506 Lopez Crossing Suite 139', 'North Kristinbury', 'Florida', 20);
INSERT INTO Customer_Addresses (Address_ID, Postal_code, Street_address, City, State, Customer_ID) VALUES (47, '74501', '83933 Schroeder Turnpike', 'West Micheleberg', 'Florida', 21);
INSERT INTO Customer_Addresses (Address_ID, Postal_code, Street_address, City, State, Customer_ID) VALUES (48, '71308', '10205 Brianna Brook Apt. 402', 'Foxland', 'New Mexico', 21);
INSERT INTO Customer_Addresses (Address_ID, Postal_code, Street_address, City, State, Customer_ID) VALUES (49, '59257', '917 Sonia Cape Suite 700', 'Boonechester', 'Utah', 21);
INSERT INTO Customer_Addresses (Address_ID, Postal_code, Street_address, City, State, Customer_ID) VALUES (50, '14651', '711 Franklin Circles Apt. 499', 'Oscarhaven', 'Maine', 22);
INSERT INTO Customer_Addresses (Address_ID, Postal_code, Street_address, City, State, Customer_ID) VALUES (51, '59970', '18367 Robert Views Suite 661', 'Ronaldview', 'Mississippi', 22);
INSERT INTO Customer_Addresses (Address_ID, Postal_code, Street_address, City, State, Customer_ID) VALUES (52, '20507', '11161 Cain Point Apt. 988', 'Elizabethchester', 'Minnesota', 22);
INSERT INTO Customer_Addresses (Address_ID, Postal_code, Street_address, City, State, Customer_ID) VALUES (53, '87708', '049 Bell Ports Apt. 273', 'West Meganstad', 'Delaware', 23);
INSERT INTO Customer_Addresses (Address_ID, Postal_code, Street_address, City, State, Customer_ID) VALUES (54, '37013', '8998 Chelsea Shoals', 'Anthonyview', 'Vermont', 23);
INSERT INTO Customer_Addresses (Address_ID, Postal_code, Street_address, City, State, Customer_ID) VALUES (55, '41000', '0229 Jones Streets Apt. 183', 'Barnesmouth', 'Hawaii', 24);
INSERT INTO Customer_Addresses (Address_ID, Postal_code, Street_address, City, State, Customer_ID) VALUES (56, '49004', '599 Nicole Drives Apt. 901', 'Scottchester', 'New York', 25);
INSERT INTO Customer_Addresses (Address_ID, Postal_code, Street_address, City, State, Customer_ID) VALUES (57, '80071', '4381 Jordan Haven Suite 840', 'South Tracey', 'Arkansas', 25);
INSERT INTO Customer_Addresses (Address_ID, Postal_code, Street_address, City, State, Customer_ID) VALUES (58, '01508', '3244 Wilson Parks', 'Thompsonfurt', 'Ohio', 26);
INSERT INTO Customer_Addresses (Address_ID, Postal_code, Street_address, City, State, Customer_ID) VALUES (59, '92732', '851 Hensley Canyon', 'Smithland', 'Massachusetts', 27);
INSERT INTO Customer_Addresses (Address_ID, Postal_code, Street_address, City, State, Customer_ID) VALUES (60, '75966', '664 Richard Islands Apt. 975', 'South Meganbury', 'Nevada', 28);
INSERT INTO Customer_Addresses (Address_ID, Postal_code, Street_address, City, State, Customer_ID) VALUES (61, '77685', '164 Walker Tunnel Apt. 181', 'Port Michael', 'Washington', 28);
INSERT INTO Customer_Addresses (Address_ID, Postal_code, Street_address, City, State, Customer_ID) VALUES (62, '85100', '12432 Kathleen Shoal', 'East Stephaniefort', 'New Jersey', 28);
INSERT INTO Customer_Addresses (Address_ID, Postal_code, Street_address, City, State, Customer_ID) VALUES (63, '99387', '995 Hernandez Cliff Suite 744', 'West Williamport', 'New Jersey', 28);
INSERT INTO Customer_Addresses (Address_ID, Postal_code, Street_address, City, State, Customer_ID) VALUES (64, '59734', '54119 Ford Plaza', 'South Reginashire', 'Tennessee', 29);
INSERT INTO Customer_Addresses (Address_ID, Postal_code, Street_address, City, State, Customer_ID) VALUES (65, '25173', '782 Shannon Valleys Suite 182', 'East Jasminemouth', 'North Dakota', 30);
INSERT INTO Customer_Addresses (Address_ID, Postal_code, Street_address, City, State, Customer_ID) VALUES (66, '69018', '5466 Shelton Center', 'Cameronville', 'Oklahoma', 30);
INSERT INTO Customer_Addresses (Address_ID, Postal_code, Street_address, City, State, Customer_ID) VALUES (67, '89417', '4925 Brandi Divide Suite 462', 'West Angelicamouth', 'Florida', 31);
INSERT INTO Customer_Addresses (Address_ID, Postal_code, Street_address, City, State, Customer_ID) VALUES (68, '88334', '685 Michael Falls', 'West Stacey', 'New York', 31);
INSERT INTO Customer_Addresses (Address_ID, Postal_code, Street_address, City, State, Customer_ID) VALUES (69, '25667', '21418 Ebony Wells', 'New Nicholas', 'Hawaii', 32);
INSERT INTO Customer_Addresses (Address_ID, Postal_code, Street_address, City, State, Customer_ID) VALUES (70, '24204', '706 Rhodes Freeway', 'Bishopmouth', 'Iowa', 32);
INSERT INTO Customer_Addresses (Address_ID, Postal_code, Street_address, City, State, Customer_ID) VALUES (71, '70494', '7359 Murray Haven', 'Shawchester', 'Hawaii', 32);
INSERT INTO Customer_Addresses (Address_ID, Postal_code, Street_address, City, State, Customer_ID) VALUES (72, '26675', '0758 Jennifer Path', 'West Christopherburgh', 'Louisiana', 32);
INSERT INTO Customer_Addresses (Address_ID, Postal_code, Street_address, City, State, Customer_ID) VALUES (73, '59394', '1375 Robert Locks', 'Joeland', 'Mississippi', 33);
INSERT INTO Customer_Addresses (Address_ID, Postal_code, Street_address, City, State, Customer_ID) VALUES (74, '29931', '1522 Justin Village', 'Hortonberg', 'Wisconsin', 33);
INSERT INTO Customer_Addresses (Address_ID, Postal_code, Street_address, City, State, Customer_ID) VALUES (75, '92977', '9010 Lewis Drive Suite 143', 'Davidbury', 'Nebraska', 34);
INSERT INTO Customer_Addresses (Address_ID, Postal_code, Street_address, City, State, Customer_ID) VALUES (76, '84249', '17980 Jennifer Highway Suite 095', 'New Robert', 'Texas', 34);
INSERT INTO Customer_Addresses (Address_ID, Postal_code, Street_address, City, State, Customer_ID) VALUES (77, '88085', '518 Peter Mountains', 'Lake Paulstad', 'Kentucky', 34);
INSERT INTO Customer_Addresses (Address_ID, Postal_code, Street_address, City, State, Customer_ID) VALUES (78, '98453', '1531 Anderson Knoll', 'Lisaburgh', 'Wyoming', 35);
INSERT INTO Customer_Addresses (Address_ID, Postal_code, Street_address, City, State, Customer_ID) VALUES (79, '90243', '722 Jennifer Mount Apt. 430', 'North Leslie', 'Maryland', 35);
INSERT INTO Customer_Addresses (Address_ID, Postal_code, Street_address, City, State, Customer_ID) VALUES (80, '68053', '740 Justin Wall Apt. 541', 'Samuelfurt', 'West Virginia', 35);
INSERT INTO Customer_Addresses (Address_ID, Postal_code, Street_address, City, State, Customer_ID) VALUES (81, '58138', '2775 Owen Stream Suite 169', 'New Kelly', 'Connecticut', 35);
INSERT INTO Customer_Addresses (Address_ID, Postal_code, Street_address, City, State, Customer_ID) VALUES (82, '10995', '447 Jackson Mills Suite 705', 'Hillton', 'California', 36);
INSERT INTO Customer_Addresses (Address_ID, Postal_code, Street_address, City, State, Customer_ID) VALUES (83, '88474', '8202 Johnson Cliff Apt. 556', 'New Ericmouth', 'Mississippi', 36);
INSERT INTO Customer_Addresses (Address_ID, Postal_code, Street_address, City, State, Customer_ID) VALUES (84, '49261', '92856 Banks Gateway Apt. 027', 'Mcintyreville', 'Kentucky', 37);
INSERT INTO Customer_Addresses (Address_ID, Postal_code, Street_address, City, State, Customer_ID) VALUES (85, '34617', '94731 Melissa Mission Apt. 715', 'Jennaside', 'Ohio', 37);
INSERT INTO Customer_Addresses (Address_ID, Postal_code, Street_address, City, State, Customer_ID) VALUES (86, '38559', '25831 Laura Freeway Suite 058', 'Tannerside', 'Florida', 38);
INSERT INTO Customer_Addresses (Address_ID, Postal_code, Street_address, City, State, Customer_ID) VALUES (87, '80710', '46786 Morrow Cliffs', 'West Dawn', 'New Hampshire', 38);
INSERT INTO Customer_Addresses (Address_ID, Postal_code, Street_address, City, State, Customer_ID) VALUES (88, '61558', '89226 Marie Path Apt. 422', 'Sarahbury', 'Minnesota', 38);
INSERT INTO Customer_Addresses (Address_ID, Postal_code, Street_address, City, State, Customer_ID) VALUES (89, '68513', '43842 Mendez Course Apt. 992', 'Lake Claudia', 'Rhode Island', 39);
INSERT INTO Customer_Addresses (Address_ID, Postal_code, Street_address, City, State, Customer_ID) VALUES (90, '44753', '10943 Montgomery Burgs', 'Smallside', 'Maine', 39);
INSERT INTO Customer_Addresses (Address_ID, Postal_code, Street_address, City, State, Customer_ID) VALUES (91, '84637', '3647 Haley Estate Suite 677', 'West Catherine', 'Massachusetts', 39);
INSERT INTO Customer_Addresses (Address_ID, Postal_code, Street_address, City, State, Customer_ID) VALUES (92, '94658', '562 Robertson Coves Suite 371', 'Shannonberg', 'Connecticut', 39);
INSERT INTO Customer_Addresses (Address_ID, Postal_code, Street_address, City, State, Customer_ID) VALUES (93, '07133', '9632 Peck Stravenue Suite 327', 'Jimenezport', 'New York', 40);
INSERT INTO Customer_Addresses (Address_ID, Postal_code, Street_address, City, State, Customer_ID) VALUES (94, '03538', '8733 Williams Haven', 'Harperfort', 'Maine', 40);
INSERT INTO Customer_Addresses (Address_ID, Postal_code, Street_address, City, State, Customer_ID) VALUES (95, '70846', '62456 Williams Center', 'West Angela', 'California', 40);
INSERT INTO Customer_Addresses (Address_ID, Postal_code, Street_address, City, State, Customer_ID) VALUES (96, '51140', '499 David Court Suite 558', 'Kariborough', 'Rhode Island', 41);
INSERT INTO Customer_Addresses (Address_ID, Postal_code, Street_address, City, State, Customer_ID) VALUES (97, '67232', '000 Jennifer Unions Suite 872', 'West Sarah', 'Massachusetts', 41);
INSERT INTO Customer_Addresses (Address_ID, Postal_code, Street_address, City, State, Customer_ID) VALUES (98, '21800', '495 Erickson Hills Suite 055', 'South Brandytown', 'Rhode Island', 41);
INSERT INTO Customer_Addresses (Address_ID, Postal_code, Street_address, City, State, Customer_ID) VALUES (99, '62706', '993 Brandy Extension Suite 230', 'East Andrewmouth', 'Nebraska', 41);
INSERT INTO Customer_Addresses (Address_ID, Postal_code, Street_address, City, State, Customer_ID) VALUES (100, '20349', '368 Salas Street Apt. 283', 'Whitneyfort', 'North Dakota', 42);
INSERT INTO Customer_Addresses (Address_ID, Postal_code, Street_address, City, State, Customer_ID) VALUES (101, '49892', '78585 Bishop Fields Apt. 484', 'West Kellie', 'Virginia', 42);
INSERT INTO Customer_Addresses (Address_ID, Postal_code, Street_address, City, State, Customer_ID) VALUES (102, '27669', '7584 Martinez Springs Suite 652', 'Bobbyland', 'Minnesota', 42);
INSERT INTO Customer_Addresses (Address_ID, Postal_code, Street_address, City, State, Customer_ID) VALUES (103, '58484', '733 Fitzpatrick Square Suite 219', 'East Brent', 'North Dakota', 42);
INSERT INTO Customer_Addresses (Address_ID, Postal_code, Street_address, City, State, Customer_ID) VALUES (104, '30080', '16571 Adam Plaza', 'South Denise', 'New Mexico', 43);
INSERT INTO Customer_Addresses (Address_ID, Postal_code, Street_address, City, State, Customer_ID) VALUES (105, '63081', '5401 Amanda Stream', 'East Robertburgh', 'Arizona', 44);
INSERT INTO Customer_Addresses (Address_ID, Postal_code, Street_address, City, State, Customer_ID) VALUES (106, '52535', '40049 Sarah Isle Suite 788', 'Smallberg', 'North Carolina', 44);
INSERT INTO Customer_Addresses (Address_ID, Postal_code, Street_address, City, State, Customer_ID) VALUES (107, '61845', '15274 Alexis Junction Suite 932', 'Wilcoxhaven', 'Massachusetts', 45);
INSERT INTO Customer_Addresses (Address_ID, Postal_code, Street_address, City, State, Customer_ID) VALUES (108, '11869', '122 Morris Gateway Apt. 463', 'Molinamouth', 'Maryland', 45);
INSERT INTO Customer_Addresses (Address_ID, Postal_code, Street_address, City, State, Customer_ID) VALUES (109, '76845', '5301 Parker Lodge', 'Hannahport', 'Mississippi', 46);
INSERT INTO Customer_Addresses (Address_ID, Postal_code, Street_address, City, State, Customer_ID) VALUES (110, '81061', '27279 Perry Plaza', 'Toddborough', 'Wisconsin', 47);
INSERT INTO Customer_Addresses (Address_ID, Postal_code, Street_address, City, State, Customer_ID) VALUES (111, '32936', '785 Samantha Creek', 'Port Amyhaven', 'Illinois', 47);
INSERT INTO Customer_Addresses (Address_ID, Postal_code, Street_address, City, State, Customer_ID) VALUES (112, '75566', '58713 Davis Pass', 'Stokesmouth', 'Florida', 47);
INSERT INTO Customer_Addresses (Address_ID, Postal_code, Street_address, City, State, Customer_ID) VALUES (113, '67773', '9087 Cummings Locks Suite 039', 'North Rodneyland', 'Ohio', 48);
INSERT INTO Customer_Addresses (Address_ID, Postal_code, Street_address, City, State, Customer_ID) VALUES (114, '08398', '0462 Katie Stream', 'Brooksfurt', 'New Hampshire', 49);
INSERT INTO Customer_Addresses (Address_ID, Postal_code, Street_address, City, State, Customer_ID) VALUES (115, '49980', '82512 Rice Stream Apt. 004', 'Nunezside', 'Nevada', 49);
INSERT INTO Customer_Addresses (Address_ID, Postal_code, Street_address, City, State, Customer_ID) VALUES (116, '70222', '37524 Sharon Stream Apt. 069', 'East Jamieville', 'Rhode Island', 50);
INSERT INTO Customer_Addresses (Address_ID, Postal_code, Street_address, City, State, Customer_ID) VALUES (117, '04901', '030 Gonzales Plains Apt. 028', 'Jimshire', 'Massachusetts', 50);

-- Restaurants
INSERT INTO Restaurant (Restaurant_ID, Name, Postal_code, Street_address, City, State, Phone_number, Email) VALUES (1, 'Harper, Chambers and Flores', '40053', '836 Hill Point', 'Lake Erika', 'Oklahoma', '(207) 272-1964', 'wwilliams@powers.biz');
INSERT INTO Restaurant (Restaurant_ID, Name, Postal_code, Street_address, City, State, Phone_number, Email) VALUES (2, 'Hernandez-Bennett', '99383', '34270 Faulkner Point Apt. 634', 'West Deborah', 'New Hampshire', '(434) 269-1514', 'christopher30@bennett-jacobs.com');
INSERT INTO Restaurant (Restaurant_ID, Name, Postal_code, Street_address, City, State, Phone_number, Email) VALUES (3, 'Lopez PLC', '95437', '3540 Sharon Streets', 'Lake Yvonnefort', 'Kansas', '(538) 272-9423', 'randyallen@rowe-james.net');
INSERT INTO Restaurant (Restaurant_ID, Name, Postal_code, Street_address, City, State, Phone_number, Email) VALUES (4, 'Howard, Green and Hunt', '65680', '75355 Williams Way Apt. 204', 'Phillipsborough', 'Michigan', '(443) 485-8953', 'noahwhitaker@pierce-harding.com');
INSERT INTO Restaurant (Restaurant_ID, Name, Postal_code, Street_address, City, State, Phone_number, Email) VALUES (5, 'Hines-Burns', '95339', '2522 White Plains Apt. 801', 'Port Adamberg', 'South Dakota', '(419) 752-3167', 'carloshernandez@wagner.com');
INSERT INTO Restaurant (Restaurant_ID, Name, Postal_code, Street_address, City, State, Phone_number, Email) VALUES (6, 'Little, Peck and Durham', '86914', '08860 Alyssa Harbor Suite 086', 'North Samantha', 'North Dakota', '(940) 784-8744', 'johnharvey@ochoa-adams.biz');
INSERT INTO Restaurant (Restaurant_ID, Name, Postal_code, Street_address, City, State, Phone_number, Email) VALUES (7, 'Watson Group', '60662', '341 Clayton Light', 'Tranton', 'South Dakota', '(448) 684-7669', 'warnerchristopher@newman-rivera.com');
INSERT INTO Restaurant (Restaurant_ID, Name, Postal_code, Street_address, City, State, Phone_number, Email) VALUES (8, 'Ellison, Hall and Valenzuela', '91240', '0148 Harry Vista Suite 039', 'Port Lori', 'Montana', '(394) 296-2588', 'evansanne@davenport.com');
INSERT INTO Restaurant (Restaurant_ID, Name, Postal_code, Street_address, City, State, Phone_number, Email) VALUES (9, 'Campos-Taylor', '90850', '501 Hall Club', 'Cassiefurt', 'Wyoming', '(874) 641-6804', 'anthony47@perez-tran.biz');
INSERT INTO Restaurant (Restaurant_ID, Name, Postal_code, Street_address, City, State, Phone_number, Email) VALUES (10, 'Lopez-Willis', '50317', '431 Joseph Light', 'Lake Peter', 'Mississippi', '(633) 620-8651', 'davissherry@ward-nelson.com');

-- Cuisine Types
INSERT INTO Cuisine_Types (Cuisine_ID, Cuisine_name) VALUES (1, 'Italian');
INSERT INTO Cuisine_Types (Cuisine_ID, Cuisine_name) VALUES (2, 'Mexican');
INSERT INTO Cuisine_Types (Cuisine_ID, Cuisine_name) VALUES (3, 'Japanese');
INSERT INTO Cuisine_Types (Cuisine_ID, Cuisine_name) VALUES (4, 'Indian');
INSERT INTO Cuisine_Types (Cuisine_ID, Cuisine_name) VALUES (5, 'Chinese');
INSERT INTO Cuisine_Types (Cuisine_ID, Cuisine_name) VALUES (6, 'Thai');
INSERT INTO Cuisine_Types (Cuisine_ID, Cuisine_name) VALUES (7, 'Greek');
INSERT INTO Cuisine_Types (Cuisine_ID, Cuisine_name) VALUES (8, 'American');
INSERT INTO Cuisine_Types (Cuisine_ID, Cuisine_name) VALUES (9, 'French');
INSERT INTO Cuisine_Types (Cuisine_ID, Cuisine_name) VALUES (10, 'Korean');

-- Restaurant Cuisines
INSERT INTO Restaurant_Cuisines (Restaurant_ID, Cuisine_ID) VALUES (1, 1);
INSERT INTO Restaurant_Cuisines (Restaurant_ID, Cuisine_ID) VALUES (1, 2);
INSERT INTO Restaurant_Cuisines (Restaurant_ID, Cuisine_ID) VALUES (1, 10);
INSERT INTO Restaurant_Cuisines (Restaurant_ID, Cuisine_ID) VALUES (2, 6);
INSERT INTO Restaurant_Cuisines (Restaurant_ID, Cuisine_ID) VALUES (2, 2);
INSERT INTO Restaurant_Cuisines (Restaurant_ID, Cuisine_ID) VALUES (3, 4);
INSERT INTO Restaurant_Cuisines (Restaurant_ID, Cuisine_ID) VALUES (4, 9);
INSERT INTO Restaurant_Cuisines (Restaurant_ID, Cuisine_ID) VALUES (5, 3);
INSERT INTO Restaurant_Cuisines (Restaurant_ID, Cuisine_ID) VALUES (5, 7);
INSERT INTO Restaurant_Cuisines (Restaurant_ID, Cuisine_ID) VALUES (6, 5);
INSERT INTO Restaurant_Cuisines (Restaurant_ID, Cuisine_ID) VALUES (7, 4);
INSERT INTO Restaurant_Cuisines (Restaurant_ID, Cuisine_ID) VALUES (7, 2);
INSERT INTO Restaurant_Cuisines (Restaurant_ID, Cuisine_ID) VALUES (8, 9);
INSERT INTO Restaurant_Cuisines (Restaurant_ID, Cuisine_ID) VALUES (8, 2);
INSERT INTO Restaurant_Cuisines (Restaurant_ID, Cuisine_ID) VALUES (9, 9);
INSERT INTO Restaurant_Cuisines (Restaurant_ID, Cuisine_ID) VALUES (10, 2);

-- Menu Items and Restaurant Menu Items
INSERT INTO Menu_Items (MenuItem_ID, Name, Description, Price, Availability) VALUES (1, 'Salad', 'Cost large never impact.', 15.16, TRUE);
INSERT INTO Restaurant_Menu_Items (Restaurant_ID, MenuItem_ID) VALUES (1, 1);
INSERT INTO Menu_Items (MenuItem_ID, Name, Description, Price, Availability) VALUES (2, 'Pho', 'Bed never others.', 10.34, TRUE);
INSERT INTO Restaurant_Menu_Items (Restaurant_ID, MenuItem_ID) VALUES (1, 2);
INSERT INTO Menu_Items (MenuItem_ID, Name, Description, Price, Availability) VALUES (3, 'Burrito', 'Tell activity including single right nice.', 27.56, TRUE);
INSERT INTO Restaurant_Menu_Items (Restaurant_ID, MenuItem_ID) VALUES (1, 3);
INSERT INTO Menu_Items (MenuItem_ID, Name, Description, Price, Availability) VALUES (4, 'Salad', 'Occur college herself catch feeling.', 14.47, TRUE);
INSERT INTO Restaurant_Menu_Items (Restaurant_ID, MenuItem_ID) VALUES (1, 4);
INSERT INTO Menu_Items (MenuItem_ID, Name, Description, Price, Availability) VALUES (5, 'Burrito', 'Certainly cold every feel site guess want.', 11.63, TRUE);
INSERT INTO Restaurant_Menu_Items (Restaurant_ID, MenuItem_ID) VALUES (1, 5);
INSERT INTO Menu_Items (MenuItem_ID, Name, Description, Price, Availability) VALUES (6, 'Pad Thai', 'Many pattern leader career according how success here.', 12.13, TRUE);
INSERT INTO Restaurant_Menu_Items (Restaurant_ID, MenuItem_ID) VALUES (1, 6);
INSERT INTO Menu_Items (MenuItem_ID, Name, Description, Price, Availability) VALUES (7, 'Sushi', 'Key issue statement prepare organization feel.', 9.75, TRUE);
INSERT INTO Restaurant_Menu_Items (Restaurant_ID, MenuItem_ID) VALUES (2, 7);
INSERT INTO Menu_Items (MenuItem_ID, Name, Description, Price, Availability) VALUES (8, 'Fried Rice', 'Water cut fire who why fact reason make.', 29.22, TRUE);
INSERT INTO Restaurant_Menu_Items (Restaurant_ID, MenuItem_ID) VALUES (2, 8);
INSERT INTO Menu_Items (MenuItem_ID, Name, Description, Price, Availability) VALUES (9, 'Chow Mein', 'Site for exactly skill half usually customer.', 23.39, TRUE);
INSERT INTO Restaurant_Menu_Items (Restaurant_ID, MenuItem_ID) VALUES (2, 9);
INSERT INTO Menu_Items (MenuItem_ID, Name, Description, Price, Availability) VALUES (10, 'Pizza', 'Conference should agree road wall decide something.', 23.7, TRUE);
INSERT INTO Restaurant_Menu_Items (Restaurant_ID, MenuItem_ID) VALUES (2, 10);
INSERT INTO Menu_Items (MenuItem_ID, Name, Description, Price, Availability) VALUES (11, 'Pizza', 'Standard somebody important material.', 6.25, TRUE);
INSERT INTO Restaurant_Menu_Items (Restaurant_ID, MenuItem_ID) VALUES (2, 11);
INSERT INTO Menu_Items (MenuItem_ID, Name, Description, Price, Availability) VALUES (12, 'Pho', 'Drug probably resource smile available.', 17.57, TRUE);
INSERT INTO Restaurant_Menu_Items (Restaurant_ID, MenuItem_ID) VALUES (2, 12);
INSERT INTO Menu_Items (MenuItem_ID, Name, Description, Price, Availability) VALUES (13, 'Sandwich', 'Look husband media turn reality myself so growth.', 8.94, TRUE);
INSERT INTO Restaurant_Menu_Items (Restaurant_ID, MenuItem_ID) VALUES (2, 13);
INSERT INTO Menu_Items (MenuItem_ID, Name, Description, Price, Availability) VALUES (14, 'Sandwich', 'Order trial body eat professor coach partner.', 7.0, TRUE);
INSERT INTO Restaurant_Menu_Items (Restaurant_ID, MenuItem_ID) VALUES (2, 14);
INSERT INTO Menu_Items (MenuItem_ID, Name, Description, Price, Availability) VALUES (15, 'Salad', 'Worker quality hundred sell whole involve action.', 6.71, TRUE);
INSERT INTO Restaurant_Menu_Items (Restaurant_ID, MenuItem_ID) VALUES (2, 15);
INSERT INTO Menu_Items (MenuItem_ID, Name, Description, Price, Availability) VALUES (16, 'Taco', 'Develop section newspaper reach determine.', 21.88, TRUE);
INSERT INTO Restaurant_Menu_Items (Restaurant_ID, MenuItem_ID) VALUES (2, 16);
INSERT INTO Menu_Items (MenuItem_ID, Name, Description, Price, Availability) VALUES (17, 'Burrito', 'Hospital sign open matter general agency.', 8.0, TRUE);
INSERT INTO Restaurant_Menu_Items (Restaurant_ID, MenuItem_ID) VALUES (3, 17);
INSERT INTO Menu_Items (MenuItem_ID, Name, Description, Price, Availability) VALUES (18, 'Chow Mein', 'Far turn beat story.', 11.16, TRUE);
INSERT INTO Restaurant_Menu_Items (Restaurant_ID, MenuItem_ID) VALUES (3, 18);
INSERT INTO Menu_Items (MenuItem_ID, Name, Description, Price, Availability) VALUES (19, 'Kebab', 'Give gas six miss.', 5.99, TRUE);
INSERT INTO Restaurant_Menu_Items (Restaurant_ID, MenuItem_ID) VALUES (3, 19);
INSERT INTO Menu_Items (MenuItem_ID, Name, Description, Price, Availability) VALUES (20, 'Taco', 'Live just recent five feel special.', 15.48, TRUE);
INSERT INTO Restaurant_Menu_Items (Restaurant_ID, MenuItem_ID) VALUES (3, 20);
INSERT INTO Menu_Items (MenuItem_ID, Name, Description, Price, Availability) VALUES (21, 'Chow Mein', 'Against gas body son.', 19.13, TRUE);
INSERT INTO Restaurant_Menu_Items (Restaurant_ID, MenuItem_ID) VALUES (3, 21);
INSERT INTO Menu_Items (MenuItem_ID, Name, Description, Price, Availability) VALUES (22, 'Ramen', 'Might necessary former interview left.', 28.37, TRUE);
INSERT INTO Restaurant_Menu_Items (Restaurant_ID, MenuItem_ID) VALUES (3, 22);
INSERT INTO Menu_Items (MenuItem_ID, Name, Description, Price, Availability) VALUES (23, 'Ramen', 'Picture control price how scene third.', 10.97, TRUE);
INSERT INTO Restaurant_Menu_Items (Restaurant_ID, MenuItem_ID) VALUES (4, 23);
INSERT INTO Menu_Items (MenuItem_ID, Name, Description, Price, Availability) VALUES (24, 'Burrito', 'Or home relate day sell speak artist.', 8.27, TRUE);
INSERT INTO Restaurant_Menu_Items (Restaurant_ID, MenuItem_ID) VALUES (4, 24);
INSERT INTO Menu_Items (MenuItem_ID, Name, Description, Price, Availability) VALUES (25, 'Soup', 'Son Mr hand culture.', 16.43, TRUE);
INSERT INTO Restaurant_Menu_Items (Restaurant_ID, MenuItem_ID) VALUES (4, 25);
INSERT INTO Menu_Items (MenuItem_ID, Name, Description, Price, Availability) VALUES (26, 'Taco', 'Energy television month police.', 5.23, TRUE);
INSERT INTO Restaurant_Menu_Items (Restaurant_ID, MenuItem_ID) VALUES (4, 26);
INSERT INTO Menu_Items (MenuItem_ID, Name, Description, Price, Availability) VALUES (27, 'Kebab', 'Home hotel box goal leader common purpose song.', 29.96, TRUE);
INSERT INTO Restaurant_Menu_Items (Restaurant_ID, MenuItem_ID) VALUES (4, 27);
INSERT INTO Menu_Items (MenuItem_ID, Name, Description, Price, Availability) VALUES (28, 'Pasta', 'Opportunity public finish draw bring health center home.', 6.83, TRUE);
INSERT INTO Restaurant_Menu_Items (Restaurant_ID, MenuItem_ID) VALUES (4, 28);
INSERT INTO Menu_Items (MenuItem_ID, Name, Description, Price, Availability) VALUES (29, 'Sandwich', 'Case himself control player really population yourself never.', 11.63, TRUE);
INSERT INTO Restaurant_Menu_Items (Restaurant_ID, MenuItem_ID) VALUES (5, 29);
INSERT INTO Menu_Items (MenuItem_ID, Name, Description, Price, Availability) VALUES (30, 'Gyro', 'Eye cost success people tend weight machine.', 27.02, TRUE);
INSERT INTO Restaurant_Menu_Items (Restaurant_ID, MenuItem_ID) VALUES (5, 30);
INSERT INTO Menu_Items (MenuItem_ID, Name, Description, Price, Availability) VALUES (31, 'Steak', 'Spring white measure manager range.', 14.24, TRUE);
INSERT INTO Restaurant_Menu_Items (Restaurant_ID, MenuItem_ID) VALUES (5, 31);
INSERT INTO Menu_Items (MenuItem_ID, Name, Description, Price, Availability) VALUES (32, 'Salad', 'Report kitchen cold not somebody determine.', 15.95, TRUE);
INSERT INTO Restaurant_Menu_Items (Restaurant_ID, MenuItem_ID) VALUES (5, 32);
INSERT INTO Menu_Items (MenuItem_ID, Name, Description, Price, Availability) VALUES (33, 'Lasagna', 'Ever Mrs collection.', 22.59, TRUE);
INSERT INTO Restaurant_Menu_Items (Restaurant_ID, MenuItem_ID) VALUES (5, 33);
INSERT INTO Menu_Items (MenuItem_ID, Name, Description, Price, Availability) VALUES (34, 'Kebab', 'Not significant manager member of environmental myself.', 29.6, TRUE);
INSERT INTO Restaurant_Menu_Items (Restaurant_ID, MenuItem_ID) VALUES (5, 34);
INSERT INTO Menu_Items (MenuItem_ID, Name, Description, Price, Availability) VALUES (35, 'Lasagna', 'My series service kid despite interesting.', 12.48, TRUE);
INSERT INTO Restaurant_Menu_Items (Restaurant_ID, MenuItem_ID) VALUES (6, 35);
INSERT INTO Menu_Items (MenuItem_ID, Name, Description, Price, Availability) VALUES (36, 'Pasta', 'Fear yourself last give stage.', 28.47, TRUE);
INSERT INTO Restaurant_Menu_Items (Restaurant_ID, MenuItem_ID) VALUES (6, 36);
INSERT INTO Menu_Items (MenuItem_ID, Name, Description, Price, Availability) VALUES (37, 'Sushi', 'Tend bring speech decide scene ready.', 11.61, TRUE);
INSERT INTO Restaurant_Menu_Items (Restaurant_ID, MenuItem_ID) VALUES (6, 37);
INSERT INTO Menu_Items (MenuItem_ID, Name, Description, Price, Availability) VALUES (38, 'Lasagna', 'Plan coach cause deal deal arrive go exactly.', 8.89, TRUE);
INSERT INTO Restaurant_Menu_Items (Restaurant_ID, MenuItem_ID) VALUES (7, 38);
INSERT INTO Menu_Items (MenuItem_ID, Name, Description, Price, Availability) VALUES (39, 'Soup', 'Collection without fall of weight method too.', 20.12, TRUE);
INSERT INTO Restaurant_Menu_Items (Restaurant_ID, MenuItem_ID) VALUES (7, 39);
INSERT INTO Menu_Items (MenuItem_ID, Name, Description, Price, Availability) VALUES (40, 'Ramen', 'Career seek in arrive.', 10.09, TRUE);
INSERT INTO Restaurant_Menu_Items (Restaurant_ID, MenuItem_ID) VALUES (7, 40);
INSERT INTO Menu_Items (MenuItem_ID, Name, Description, Price, Availability) VALUES (41, 'Curry', 'Term camera tend economic represent.', 17.64, TRUE);
INSERT INTO Restaurant_Menu_Items (Restaurant_ID, MenuItem_ID) VALUES (7, 41);
INSERT INTO Menu_Items (MenuItem_ID, Name, Description, Price, Availability) VALUES (42, 'Pizza', 'Seven put majority officer environmental.', 7.31, TRUE);
INSERT INTO Restaurant_Menu_Items (Restaurant_ID, MenuItem_ID) VALUES (8, 42);
INSERT INTO Menu_Items (MenuItem_ID, Name, Description, Price, Availability) VALUES (43, 'Dim Sum', 'Heart away some shoulder idea seek.', 25.73, TRUE);
INSERT INTO Restaurant_Menu_Items (Restaurant_ID, MenuItem_ID) VALUES (8, 43);
INSERT INTO Menu_Items (MenuItem_ID, Name, Description, Price, Availability) VALUES (44, 'Pizza', 'Lawyer maintain old than suggest behavior.', 5.09, TRUE);
INSERT INTO Restaurant_Menu_Items (Restaurant_ID, MenuItem_ID) VALUES (8, 44);
INSERT INTO Menu_Items (MenuItem_ID, Name, Description, Price, Availability) VALUES (45, 'Sushi', 'Play recently sure somebody huge why station.', 20.93, TRUE);
INSERT INTO Restaurant_Menu_Items (Restaurant_ID, MenuItem_ID) VALUES (8, 45);
INSERT INTO Menu_Items (MenuItem_ID, Name, Description, Price, Availability) VALUES (46, 'Curry', 'Environmental stock front official not magazine gas.', 9.04, TRUE);
INSERT INTO Restaurant_Menu_Items (Restaurant_ID, MenuItem_ID) VALUES (8, 46);
INSERT INTO Menu_Items (MenuItem_ID, Name, Description, Price, Availability) VALUES (47, 'Pad Thai', 'Animal phone student.', 18.79, TRUE);
INSERT INTO Restaurant_Menu_Items (Restaurant_ID, MenuItem_ID) VALUES (8, 47);
INSERT INTO Menu_Items (MenuItem_ID, Name, Description, Price, Availability) VALUES (48, 'Dim Sum', 'Buy tax kid.', 19.02, TRUE);
INSERT INTO Restaurant_Menu_Items (Restaurant_ID, MenuItem_ID) VALUES (8, 48);
INSERT INTO Menu_Items (MenuItem_ID, Name, Description, Price, Availability) VALUES (49, 'Taco', 'Yeah into yet.', 28.63, TRUE);
INSERT INTO Restaurant_Menu_Items (Restaurant_ID, MenuItem_ID) VALUES (9, 49);
INSERT INTO Menu_Items (MenuItem_ID, Name, Description, Price, Availability) VALUES (50, 'Sushi', 'Think few themselves theory.', 18.64, TRUE);
INSERT INTO Restaurant_Menu_Items (Restaurant_ID, MenuItem_ID) VALUES (9, 50);
INSERT INTO Menu_Items (MenuItem_ID, Name, Description, Price, Availability) VALUES (51, 'Gyro', 'Pressure economy head tough.', 19.56, TRUE);
INSERT INTO Restaurant_Menu_Items (Restaurant_ID, MenuItem_ID) VALUES (9, 51);
INSERT INTO Menu_Items (MenuItem_ID, Name, Description, Price, Availability) VALUES (52, 'Sushi', 'Appear personal rise sense.', 15.74, TRUE);
INSERT INTO Restaurant_Menu_Items (Restaurant_ID, MenuItem_ID) VALUES (9, 52);
INSERT INTO Menu_Items (MenuItem_ID, Name, Description, Price, Availability) VALUES (53, 'Soup', 'Pretty region ability live car difficult.', 14.12, TRUE);
INSERT INTO Restaurant_Menu_Items (Restaurant_ID, MenuItem_ID) VALUES (10, 53);
INSERT INTO Menu_Items (MenuItem_ID, Name, Description, Price, Availability) VALUES (54, 'Pizza', 'Act receive stage write institution car.', 27.47, TRUE);
INSERT INTO Restaurant_Menu_Items (Restaurant_ID, MenuItem_ID) VALUES (10, 54);
INSERT INTO Menu_Items (MenuItem_ID, Name, Description, Price, Availability) VALUES (55, 'Fried Rice', 'Director become south billion.', 22.05, TRUE);
INSERT INTO Restaurant_Menu_Items (Restaurant_ID, MenuItem_ID) VALUES (10, 55);

-- Delivery Personnel
INSERT INTO Delivery_Personnel (Personnel_ID, First_name, Last_name, Phone_number, Email, Availability) VALUES (1, 'Michael', 'Evans', '(882) 305-6794', 'darlenebyrd@gmail.com', TRUE);
INSERT INTO Delivery_Personnel (Personnel_ID, First_name, Last_name, Phone_number, Email, Availability) VALUES (2, 'Alyssa', 'Smith', '(998) 773-7658', 'nbell@goodman.info', TRUE);
INSERT INTO Delivery_Personnel (Personnel_ID, First_name, Last_name, Phone_number, Email, Availability) VALUES (3, 'Michelle', 'Miller', '(835) 967-3532', 'karenlawrence@bell-jordan.com', TRUE);
INSERT INTO Delivery_Personnel (Personnel_ID, First_name, Last_name, Phone_number, Email, Availability) VALUES (4, 'John', 'Newman', '(442) 366-3900', 'kimberly04@holmes.com', TRUE);
INSERT INTO Delivery_Personnel (Personnel_ID, First_name, Last_name, Phone_number, Email, Availability) VALUES (5, 'Julie', 'Phillips', '(622) 225-3938', 'troyrodriguez@little-jones.com', TRUE);
INSERT INTO Delivery_Personnel (Personnel_ID, First_name, Last_name, Phone_number, Email, Availability) VALUES (6, 'Valerie', 'Peck', '(954) 540-7745', 'kvalencia@diaz-vega.info', TRUE);
INSERT INTO Delivery_Personnel (Personnel_ID, First_name, Last_name, Phone_number, Email, Availability) VALUES (7, 'Stephanie', 'Townsend', '(885) 952-5065', 'smithjason@fry.net', TRUE);
INSERT INTO Delivery_Personnel (Personnel_ID, First_name, Last_name, Phone_number, Email, Availability) VALUES (8, 'Justin', 'Marquez', '(473) 363-2771', 'fmiles@hotmail.com', TRUE);
INSERT INTO Delivery_Personnel (Personnel_ID, First_name, Last_name, Phone_number, Email, Availability) VALUES (9, 'Amanda', 'Jensen', '(591) 239-8711', 'collinswilliam@gmail.com', TRUE);
INSERT INTO Delivery_Personnel (Personnel_ID, First_name, Last_name, Phone_number, Email, Availability) VALUES (10, 'Terri', 'Moore', '(427) 404-8541', 'wwillis@hotmail.com', TRUE);
INSERT INTO Delivery_Personnel (Personnel_ID, First_name, Last_name, Phone_number, Email, Availability) VALUES (11, 'Erin', 'Jones', '(558) 512-4728', 'brianmiller@yahoo.com', TRUE);
INSERT INTO Delivery_Personnel (Personnel_ID, First_name, Last_name, Phone_number, Email, Availability) VALUES (12, 'Darren', 'Salazar', '(428) 224-4164', 'elizabeth21@zimmerman.com', TRUE);
INSERT INTO Delivery_Personnel (Personnel_ID, First_name, Last_name, Phone_number, Email, Availability) VALUES (13, 'Frank', 'Benton', '(608) 536-5564', 'nathanbrady@yahoo.com', TRUE);
INSERT INTO Delivery_Personnel (Personnel_ID, First_name, Last_name, Phone_number, Email, Availability) VALUES (14, 'Jessica', 'Wilson', '(271) 991-5573', 'lindsay48@baker.com', TRUE);
INSERT INTO Delivery_Personnel (Personnel_ID, First_name, Last_name, Phone_number, Email, Availability) VALUES (15, 'Tyler', 'Dixon', '(559) 856-9346', 'kvillarreal@moore-ayala.org', TRUE);
INSERT INTO Delivery_Personnel (Personnel_ID, First_name, Last_name, Phone_number, Email, Availability) VALUES (16, 'Emily', 'Wilson', '(609) 895-9785', 'trevinoalexander@ruiz.com', TRUE);
INSERT INTO Delivery_Personnel (Personnel_ID, First_name, Last_name, Phone_number, Email, Availability) VALUES (17, 'Harold', 'Horne', '(539) 228-2889', 'pwalker@moon-flores.com', TRUE);
INSERT INTO Delivery_Personnel (Personnel_ID, First_name, Last_name, Phone_number, Email, Availability) VALUES (18, 'Ashley', 'Wilson', '(467) 382-5349', 'jeffreyblack@finley.info', TRUE);
INSERT INTO Delivery_Personnel (Personnel_ID, First_name, Last_name, Phone_number, Email, Availability) VALUES (19, 'Michelle', 'Ayala', '(239) 311-8119', 'christopher70@yahoo.com', TRUE);
INSERT INTO Delivery_Personnel (Personnel_ID, First_name, Last_name, Phone_number, Email, Availability) VALUES (20, 'James', 'Elliott', '(553) 946-6139', 'stevenvargas@yahoo.com', TRUE);

-- Payment Methods
INSERT INTO Payment_Method (PaymentMethod_ID, Customer_ID, Method_Type, Masked_Details, Provider_Method_ID, Last_Used) VALUES (1, 1, 'Visa', '**** **** **** 9379', '3207343e-c6a0-4656-85c9-fb91ff6ef9ed', '2025-04-17 03:09:02');
INSERT INTO Payment_Method (PaymentMethod_ID, Customer_ID, Method_Type, Masked_Details, Provider_Method_ID, Last_Used) VALUES (2, 1, 'Mastercard', '**** **** **** 7311', '268b84b6-3ec0-4285-8bc4-ec0ec2aef674', '2025-01-02 05:43:23');
INSERT INTO Payment_Method (PaymentMethod_ID, Customer_ID, Method_Type, Masked_Details, Provider_Method_ID, Last_Used) VALUES (3, 2, 'AmEx', '**** **** **** 1727', '3ba5bd76-061e-4b95-a8f8-2063eeb19ad2', '2025-04-16 03:47:00');
INSERT INTO Payment_Method (PaymentMethod_ID, Customer_ID, Method_Type, Masked_Details, Provider_Method_ID, Last_Used) VALUES (4, 2, 'Mastercard', '**** **** **** 1027', 'b186a5a8-d6ee-426b-a2cd-159058af393c', '2025-01-02 20:42:54');
INSERT INTO Payment_Method (PaymentMethod_ID, Customer_ID, Method_Type, Masked_Details, Provider_Method_ID, Last_Used) VALUES (5, 3, 'Visa', '**** **** **** 8066', 'c2492e5e-005f-40e6-95c3-b2dbf374190d', '2025-05-08 15:15:28');
INSERT INTO Payment_Method (PaymentMethod_ID, Customer_ID, Method_Type, Masked_Details, Provider_Method_ID, Last_Used) VALUES (6, 3, 'PayPal', '**** **** **** 6409', 'ba2ac3d9-bcf2-4c3b-9958-74c260538c1b', '2025-03-01 17:06:12');
INSERT INTO Payment_Method (PaymentMethod_ID, Customer_ID, Method_Type, Masked_Details, Provider_Method_ID, Last_Used) VALUES (7, 4, 'PayPal', '**** **** **** 3041', 'fbad793f-87a1-4c02-b487-9e411a9c672a', '2025-02-16 05:56:29');
INSERT INTO Payment_Method (PaymentMethod_ID, Customer_ID, Method_Type, Masked_Details, Provider_Method_ID, Last_Used) VALUES (8, 4, 'PayPal', '**** **** **** 9308', '0f554896-f610-496b-bdf5-9abf6b790d01', '2025-01-28 15:30:30');
INSERT INTO Payment_Method (PaymentMethod_ID, Customer_ID, Method_Type, Masked_Details, Provider_Method_ID, Last_Used) VALUES (9, 4, 'PayPal', '**** **** **** 7691', '0b3d0c36-17d0-4810-87a2-a10bb62edb49', '2025-02-14 22:44:25');
INSERT INTO Payment_Method (PaymentMethod_ID, Customer_ID, Method_Type, Masked_Details, Provider_Method_ID, Last_Used) VALUES (10, 5, 'Mastercard', '**** **** **** 5844', '69be173a-850e-40ad-9872-f72ee5b4a1ae', '2025-05-17 02:10:59');
INSERT INTO Payment_Method (PaymentMethod_ID, Customer_ID, Method_Type, Masked_Details, Provider_Method_ID, Last_Used) VALUES (11, 5, 'AmEx', '**** **** **** 4143', 'f97c6c3c-755d-414b-9f5b-a255e5449887', '2025-01-17 11:40:26');
INSERT INTO Payment_Method (PaymentMethod_ID, Customer_ID, Method_Type, Masked_Details, Provider_Method_ID, Last_Used) VALUES (12, 6, 'Mastercard', '**** **** **** 7211', '222df6a4-8163-46ce-9877-bc0694ad6252', '2025-05-04 17:38:25');
INSERT INTO Payment_Method (PaymentMethod_ID, Customer_ID, Method_Type, Masked_Details, Provider_Method_ID, Last_Used) VALUES (13, 6, 'AmEx', '**** **** **** 5930', '97867b12-1328-4726-a4f4-34d6d1e91691', '2025-04-21 06:14:11');
INSERT INTO Payment_Method (PaymentMethod_ID, Customer_ID, Method_Type, Masked_Details, Provider_Method_ID, Last_Used) VALUES (14, 6, 'Visa', '**** **** **** 9977', 'f6d70248-a995-4cc3-af5b-09a60ff1c51f', '2025-01-26 09:08:41');
INSERT INTO Payment_Method (PaymentMethod_ID, Customer_ID, Method_Type, Masked_Details, Provider_Method_ID, Last_Used) VALUES (15, 7, 'Mastercard', '**** **** **** 5700', 'd9d57b02-42d0-4d55-8aab-47b23c9d128a', '2025-03-03 04:02:52');
INSERT INTO Payment_Method (PaymentMethod_ID, Customer_ID, Method_Type, Masked_Details, Provider_Method_ID, Last_Used) VALUES (16, 7, 'PayPal', '**** **** **** 8043', 'b362c0d2-6498-4bde-8d02-54dbed1115d7', '2025-03-05 08:26:33');
INSERT INTO Payment_Method (PaymentMethod_ID, Customer_ID, Method_Type, Masked_Details, Provider_Method_ID, Last_Used) VALUES (17, 8, 'AmEx', '**** **** **** 8238', '3bcdf203-459e-4674-b3e7-f042516c3b0a', '2025-01-15 12:04:07');
INSERT INTO Payment_Method (PaymentMethod_ID, Customer_ID, Method_Type, Masked_Details, Provider_Method_ID, Last_Used) VALUES (18, 8, 'AmEx', '**** **** **** 4501', 'c7a9f33c-22d8-49d3-b3e4-f986f18cccdc', '2025-04-24 12:56:13');
INSERT INTO Payment_Method (PaymentMethod_ID, Customer_ID, Method_Type, Masked_Details, Provider_Method_ID, Last_Used) VALUES (19, 9, 'Visa', '**** **** **** 3780', '2a147a96-1b0c-42eb-a7c8-fc6c1be5a4c3', '2025-03-29 07:07:58');
INSERT INTO Payment_Method (PaymentMethod_ID, Customer_ID, Method_Type, Masked_Details, Provider_Method_ID, Last_Used) VALUES (20, 9, 'PayPal', '**** **** **** 5649', '1ee89a4c-6811-44e2-9064-7c59774f6354', '2025-04-15 01:35:21');
INSERT INTO Payment_Method (PaymentMethod_ID, Customer_ID, Method_Type, Masked_Details, Provider_Method_ID, Last_Used) VALUES (21, 9, 'Mastercard', '**** **** **** 2530', '3527a5c8-c534-4a08-b6f2-4d1c5bb8b9c8', '2025-03-29 18:05:10');
INSERT INTO Payment_Method (PaymentMethod_ID, Customer_ID, Method_Type, Masked_Details, Provider_Method_ID, Last_Used) VALUES (22, 10, 'Mastercard', '**** **** **** 6085', 'da3c45ca-43d7-4f2b-b69d-e1e34eed4124', '2025-01-24 06:50:15');
INSERT INTO Payment_Method (PaymentMethod_ID, Customer_ID, Method_Type, Masked_Details, Provider_Method_ID, Last_Used) VALUES (23, 10, 'Mastercard', '**** **** **** 4262', 'afa14a55-cebe-4baa-a859-7b341725d2c7', '2025-03-01 01:44:40');
INSERT INTO Payment_Method (PaymentMethod_ID, Customer_ID, Method_Type, Masked_Details, Provider_Method_ID, Last_Used) VALUES (24, 10, 'Visa', '**** **** **** 1400', '9a72083c-b266-486c-b467-88bdd38e13e4', '2025-01-08 19:57:01');
INSERT INTO Payment_Method (PaymentMethod_ID, Customer_ID, Method_Type, Masked_Details, Provider_Method_ID, Last_Used) VALUES (25, 11, 'Visa', '**** **** **** 8784', '53ea4919-db48-42c2-95ff-2a1f370b9a29', '2025-01-29 19:14:20');
INSERT INTO Payment_Method (PaymentMethod_ID, Customer_ID, Method_Type, Masked_Details, Provider_Method_ID, Last_Used) VALUES (26, 12, 'Mastercard', '**** **** **** 7790', 'f7e9101d-3f8b-4433-b60e-695c1759ba96', '2025-03-11 01:52:53');
INSERT INTO Payment_Method (PaymentMethod_ID, Customer_ID, Method_Type, Masked_Details, Provider_Method_ID, Last_Used) VALUES (27, 12, 'AmEx', '**** **** **** 7291', 'ad5be3c8-0c88-4714-8372-17e0657046ea', '2025-02-28 00:41:55');
INSERT INTO Payment_Method (PaymentMethod_ID, Customer_ID, Method_Type, Masked_Details, Provider_Method_ID, Last_Used) VALUES (28, 13, 'Mastercard', '**** **** **** 4997', '2c82989f-fd9c-4bb0-91f1-6485429a4a7c', '2025-01-07 00:51:10');
INSERT INTO Payment_Method (PaymentMethod_ID, Customer_ID, Method_Type, Masked_Details, Provider_Method_ID, Last_Used) VALUES (29, 13, 'Visa', '**** **** **** 1090', '73c374a6-dac7-46b6-a786-3fb3f3bc9a71', '2025-04-18 22:55:56');
INSERT INTO Payment_Method (PaymentMethod_ID, Customer_ID, Method_Type, Masked_Details, Provider_Method_ID, Last_Used) VALUES (30, 14, 'Mastercard', '**** **** **** 4585', '183fea70-3ff6-479e-8cd4-b90abf8211bc', '2025-03-31 17:16:39');
INSERT INTO Payment_Method (PaymentMethod_ID, Customer_ID, Method_Type, Masked_Details, Provider_Method_ID, Last_Used) VALUES (31, 14, 'AmEx', '**** **** **** 9486', '23c97a1e-cb37-4d97-8dcc-2d6a1a16998c', '2025-01-24 14:00:47');
INSERT INTO Payment_Method (PaymentMethod_ID, Customer_ID, Method_Type, Masked_Details, Provider_Method_ID, Last_Used) VALUES (32, 15, 'Visa', '**** **** **** 5082', 'c7ecfe71-d493-47fc-8fc9-8d2e030f9be9', '2025-02-13 03:56:16');
INSERT INTO Payment_Method (PaymentMethod_ID, Customer_ID, Method_Type, Masked_Details, Provider_Method_ID, Last_Used) VALUES (33, 16, 'AmEx', '**** **** **** 3184', '668c879b-d2dc-42c8-b2b8-d8aa21768dd7', '2025-03-14 06:45:46');
INSERT INTO Payment_Method (PaymentMethod_ID, Customer_ID, Method_Type, Masked_Details, Provider_Method_ID, Last_Used) VALUES (34, 16, 'PayPal', '**** **** **** 9702', 'a50a13dc-f004-4897-a15b-2e18afb06406', '2025-01-17 07:39:07');
INSERT INTO Payment_Method (PaymentMethod_ID, Customer_ID, Method_Type, Masked_Details, Provider_Method_ID, Last_Used) VALUES (35, 17, 'AmEx', '**** **** **** 9270', 'eadc9960-4242-41e2-960b-e0f495132c22', '2025-01-15 13:27:56');
INSERT INTO Payment_Method (PaymentMethod_ID, Customer_ID, Method_Type, Masked_Details, Provider_Method_ID, Last_Used) VALUES (36, 17, 'AmEx', '**** **** **** 9976', '329fc417-1081-4d45-bf45-f8a20594b24f', '2025-05-06 10:31:01');
INSERT INTO Payment_Method (PaymentMethod_ID, Customer_ID, Method_Type, Masked_Details, Provider_Method_ID, Last_Used) VALUES (37, 18, 'AmEx', '**** **** **** 8777', '178be968-20f8-4ba2-8f2e-32967184b713', '2025-03-06 09:08:04');
INSERT INTO Payment_Method (PaymentMethod_ID, Customer_ID, Method_Type, Masked_Details, Provider_Method_ID, Last_Used) VALUES (38, 19, 'PayPal', '**** **** **** 5050', '7603c36c-f139-4e3c-8aee-25571f5df912', '2025-01-10 19:59:19');
INSERT INTO Payment_Method (PaymentMethod_ID, Customer_ID, Method_Type, Masked_Details, Provider_Method_ID, Last_Used) VALUES (39, 19, 'AmEx', '**** **** **** 9540', '6ee35607-92ea-4324-ac93-e5962b015723', '2025-05-21 16:05:32');
INSERT INTO Payment_Method (PaymentMethod_ID, Customer_ID, Method_Type, Masked_Details, Provider_Method_ID, Last_Used) VALUES (40, 20, 'PayPal', '**** **** **** 4919', '61fa8e7a-078c-46ce-bf02-23bc651ea252', '2025-05-13 16:00:10');
INSERT INTO Payment_Method (PaymentMethod_ID, Customer_ID, Method_Type, Masked_Details, Provider_Method_ID, Last_Used) VALUES (41, 20, 'Visa', '**** **** **** 8206', '36f7a26c-5a9c-4679-ac3d-17e26d39da75', '2025-02-06 08:11:14');
INSERT INTO Payment_Method (PaymentMethod_ID, Customer_ID, Method_Type, Masked_Details, Provider_Method_ID, Last_Used) VALUES (42, 20, 'Mastercard', '**** **** **** 5681', 'e2280fe3-722d-4e13-87a4-8c4246653497', '2025-01-29 20:40:21');
INSERT INTO Payment_Method (PaymentMethod_ID, Customer_ID, Method_Type, Masked_Details, Provider_Method_ID, Last_Used) VALUES (43, 21, 'PayPal', '**** **** **** 6502', '9df2372e-9e82-4aae-9d36-16a108dec921', '2025-02-17 17:26:24');
INSERT INTO Payment_Method (PaymentMethod_ID, Customer_ID, Method_Type, Masked_Details, Provider_Method_ID, Last_Used) VALUES (44, 21, 'Visa', '**** **** **** 9849', '69785221-7fb7-4c57-8b8c-031fa5b40983', '2025-04-17 22:23:42');
INSERT INTO Payment_Method (PaymentMethod_ID, Customer_ID, Method_Type, Masked_Details, Provider_Method_ID, Last_Used) VALUES (45, 22, 'Mastercard', '**** **** **** 3471', '479f6628-1674-4b65-8f9c-53007aa1c567', '2025-03-16 08:58:50');
INSERT INTO Payment_Method (PaymentMethod_ID, Customer_ID, Method_Type, Masked_Details, Provider_Method_ID, Last_Used) VALUES (46, 23, 'Mastercard', '**** **** **** 3503', 'a484e035-330f-4aa3-ab52-f93c2321e64e', '2025-04-13 02:28:16');
INSERT INTO Payment_Method (PaymentMethod_ID, Customer_ID, Method_Type, Masked_Details, Provider_Method_ID, Last_Used) VALUES (47, 23, 'AmEx', '**** **** **** 2052', 'cd5ae324-fe7c-40e9-a179-1e933fc825ac', '2025-04-16 13:37:25');
INSERT INTO Payment_Method (PaymentMethod_ID, Customer_ID, Method_Type, Masked_Details, Provider_Method_ID, Last_Used) VALUES (48, 24, 'AmEx', '**** **** **** 6421', '61eb64e6-fd49-4e20-84ff-eab2cb7b0b3a', '2025-05-19 12:32:53');
INSERT INTO Payment_Method (PaymentMethod_ID, Customer_ID, Method_Type, Masked_Details, Provider_Method_ID, Last_Used) VALUES (49, 24, 'Visa', '**** **** **** 7812', 'c80c2195-8b65-44ce-bacc-99705beec570', '2025-04-05 02:46:12');
INSERT INTO Payment_Method (PaymentMethod_ID, Customer_ID, Method_Type, Masked_Details, Provider_Method_ID, Last_Used) VALUES (50, 25, 'AmEx', '**** **** **** 7883', '809cd839-90ce-42e8-a9a5-336858129eb2', '2025-03-04 10:47:06');
INSERT INTO Payment_Method (PaymentMethod_ID, Customer_ID, Method_Type, Masked_Details, Provider_Method_ID, Last_Used) VALUES (51, 26, 'AmEx', '**** **** **** 1320', '06ac1010-2e08-49c1-853b-45fe636cf499', '2025-03-03 22:04:37');
INSERT INTO Payment_Method (PaymentMethod_ID, Customer_ID, Method_Type, Masked_Details, Provider_Method_ID, Last_Used) VALUES (52, 26, 'Visa', '**** **** **** 8814', 'e550d736-0780-4e71-b811-b51998dc9e0b', '2025-02-24 13:14:28');
INSERT INTO Payment_Method (PaymentMethod_ID, Customer_ID, Method_Type, Masked_Details, Provider_Method_ID, Last_Used) VALUES (53, 26, 'PayPal', '**** **** **** 6763', '78c04ed8-fdd4-4f21-8f03-f0c80effd5bd', '2025-04-13 19:19:59');
INSERT INTO Payment_Method (PaymentMethod_ID, Customer_ID, Method_Type, Masked_Details, Provider_Method_ID, Last_Used) VALUES (54, 27, 'Mastercard', '**** **** **** 7865', 'ffe62994-9580-4c2a-844f-c4b85b80b8d1', '2025-02-15 04:45:00');
INSERT INTO Payment_Method (PaymentMethod_ID, Customer_ID, Method_Type, Masked_Details, Provider_Method_ID, Last_Used) VALUES (55, 27, 'Mastercard', '**** **** **** 8999', '3f738f50-19a2-476f-a8dd-2bfdf956be95', '2025-05-08 13:12:36');
INSERT INTO Payment_Method (PaymentMethod_ID, Customer_ID, Method_Type, Masked_Details, Provider_Method_ID, Last_Used) VALUES (56, 28, 'AmEx', '**** **** **** 8140', 'd0f81063-889f-4107-843b-1d0f3dbc3093', '2025-01-11 20:33:11');
INSERT INTO Payment_Method (PaymentMethod_ID, Customer_ID, Method_Type, Masked_Details, Provider_Method_ID, Last_Used) VALUES (57, 28, 'AmEx', '**** **** **** 1475', '382b5b86-f2a3-4efd-bf13-8c80c398c332', '2025-04-22 18:55:10');
INSERT INTO Payment_Method (PaymentMethod_ID, Customer_ID, Method_Type, Masked_Details, Provider_Method_ID, Last_Used) VALUES (58, 29, 'Mastercard', '**** **** **** 7624', '636fa890-cc21-4bdb-bb8f-e8c4d8b48ead', '2025-03-10 21:30:33');
INSERT INTO Payment_Method (PaymentMethod_ID, Customer_ID, Method_Type, Masked_Details, Provider_Method_ID, Last_Used) VALUES (59, 29, 'Mastercard', '**** **** **** 8657', 'd86065a2-fdd5-40f8-96d7-44fdef69a980', '2025-02-03 17:33:24');
INSERT INTO Payment_Method (PaymentMethod_ID, Customer_ID, Method_Type, Masked_Details, Provider_Method_ID, Last_Used) VALUES (60, 30, 'Visa', '**** **** **** 9751', '5168bbf2-97af-4bde-bc8e-9d782d14e9f4', '2025-05-16 11:10:31');
INSERT INTO Payment_Method (PaymentMethod_ID, Customer_ID, Method_Type, Masked_Details, Provider_Method_ID, Last_Used) VALUES (61, 30, 'Visa', '**** **** **** 7455', '07388ba4-9770-43db-a9fa-97e25bd93609', '2025-05-17 14:19:40');
INSERT INTO Payment_Method (PaymentMethod_ID, Customer_ID, Method_Type, Masked_Details, Provider_Method_ID, Last_Used) VALUES (62, 30, 'AmEx', '**** **** **** 2375', '91519998-f293-4585-9a07-d758b357f3f9', '2025-04-20 10:35:47');
INSERT INTO Payment_Method (PaymentMethod_ID, Customer_ID, Method_Type, Masked_Details, Provider_Method_ID, Last_Used) VALUES (63, 31, 'Mastercard', '**** **** **** 8564', '303014d0-f2c8-4743-9027-e7702460d0d2', '2025-04-06 13:56:34');
INSERT INTO Payment_Method (PaymentMethod_ID, Customer_ID, Method_Type, Masked_Details, Provider_Method_ID, Last_Used) VALUES (64, 32, 'AmEx', '**** **** **** 5262', '7d8d3ddd-2cf1-49cb-8f1e-1a378ac8ad93', '2025-01-08 08:55:25');
INSERT INTO Payment_Method (PaymentMethod_ID, Customer_ID, Method_Type, Masked_Details, Provider_Method_ID, Last_Used) VALUES (65, 33, 'AmEx', '**** **** **** 4467', '9a069295-3b8d-4447-8e61-065f171b1b80', '2025-02-12 11:43:24');
INSERT INTO Payment_Method (PaymentMethod_ID, Customer_ID, Method_Type, Masked_Details, Provider_Method_ID, Last_Used) VALUES (66, 33, 'PayPal', '**** **** **** 6355', '002ccb25-7a5d-4c82-86c5-547c051a0039', '2025-03-06 09:59:32');
INSERT INTO Payment_Method (PaymentMethod_ID, Customer_ID, Method_Type, Masked_Details, Provider_Method_ID, Last_Used) VALUES (67, 34, 'AmEx', '**** **** **** 5558', 'ce7334f2-3393-4b6c-9d37-efb6eafb3e90', '2025-01-26 08:07:31');
INSERT INTO Payment_Method (PaymentMethod_ID, Customer_ID, Method_Type, Masked_Details, Provider_Method_ID, Last_Used) VALUES (68, 34, 'Visa', '**** **** **** 5133', 'eb3537a0-2d6e-4291-b789-3986573bfc17', '2025-03-04 20:01:59');
INSERT INTO Payment_Method (PaymentMethod_ID, Customer_ID, Method_Type, Masked_Details, Provider_Method_ID, Last_Used) VALUES (69, 35, 'Visa', '**** **** **** 1317', '962c04dd-25d0-4461-859c-15740f3f0f48', '2025-05-17 20:07:22');
INSERT INTO Payment_Method (PaymentMethod_ID, Customer_ID, Method_Type, Masked_Details, Provider_Method_ID, Last_Used) VALUES (70, 35, 'Mastercard', '**** **** **** 6733', '1c654aa2-c63c-421d-a443-5958eacf33a9', '2025-04-13 04:42:42');
INSERT INTO Payment_Method (PaymentMethod_ID, Customer_ID, Method_Type, Masked_Details, Provider_Method_ID, Last_Used) VALUES (71, 36, 'Visa', '**** **** **** 2124', '12916e60-f5e7-4daf-9d69-6bc8dc54d59b', '2025-03-14 13:03:33');
INSERT INTO Payment_Method (PaymentMethod_ID, Customer_ID, Method_Type, Masked_Details, Provider_Method_ID, Last_Used) VALUES (72, 36, 'Mastercard', '**** **** **** 1508', '6545c030-a981-4a54-b121-e129b45c9a54', '2025-04-24 19:02:08');
INSERT INTO Payment_Method (PaymentMethod_ID, Customer_ID, Method_Type, Masked_Details, Provider_Method_ID, Last_Used) VALUES (73, 36, 'Visa', '**** **** **** 4266', '52961fb3-4d40-4b28-9628-ddcd19dd3e8c', '2025-01-27 11:54:39');
INSERT INTO Payment_Method (PaymentMethod_ID, Customer_ID, Method_Type, Masked_Details, Provider_Method_ID, Last_Used) VALUES (74, 37, 'Mastercard', '**** **** **** 3496', 'f2dd9456-bb7b-4c05-a852-2ca2f9d2014a', '2025-03-26 19:57:15');
INSERT INTO Payment_Method (PaymentMethod_ID, Customer_ID, Method_Type, Masked_Details, Provider_Method_ID, Last_Used) VALUES (75, 37, 'AmEx', '**** **** **** 3068', '7cb923f5-f5ed-4382-a3a6-ef83cab63107', '2025-05-07 01:23:57');
INSERT INTO Payment_Method (PaymentMethod_ID, Customer_ID, Method_Type, Masked_Details, Provider_Method_ID, Last_Used) VALUES (76, 37, 'Mastercard', '**** **** **** 2874', 'f7ff88d4-b509-408a-ac98-8bca51397c06', '2025-04-20 03:00:14');
INSERT INTO Payment_Method (PaymentMethod_ID, Customer_ID, Method_Type, Masked_Details, Provider_Method_ID, Last_Used) VALUES (77, 38, 'PayPal', '**** **** **** 5198', '9d1c0838-edc8-4ca8-a3bc-d6f3b18d2c8c', '2025-03-11 06:55:39');
INSERT INTO Payment_Method (PaymentMethod_ID, Customer_ID, Method_Type, Masked_Details, Provider_Method_ID, Last_Used) VALUES (78, 38, 'Visa', '**** **** **** 3749', 'd08012b8-96c5-4fe7-aa60-4892392612e9', '2025-02-04 01:11:52');
INSERT INTO Payment_Method (PaymentMethod_ID, Customer_ID, Method_Type, Masked_Details, Provider_Method_ID, Last_Used) VALUES (79, 39, 'Visa', '**** **** **** 6096', 'b0416f19-bbe7-4835-8e8b-f78a60ddc7f1', '2025-02-27 04:32:59');
INSERT INTO Payment_Method (PaymentMethod_ID, Customer_ID, Method_Type, Masked_Details, Provider_Method_ID, Last_Used) VALUES (80, 40, 'PayPal', '**** **** **** 1420', '0075d3d5-ba94-4a66-ad7e-4a452099e71f', '2025-05-17 07:35:47');
INSERT INTO Payment_Method (PaymentMethod_ID, Customer_ID, Method_Type, Masked_Details, Provider_Method_ID, Last_Used) VALUES (81, 40, 'AmEx', '**** **** **** 7149', 'd9cb3540-643f-4dae-92a5-4d04f2dde1f5', '2025-04-21 04:39:40');
INSERT INTO Payment_Method (PaymentMethod_ID, Customer_ID, Method_Type, Masked_Details, Provider_Method_ID, Last_Used) VALUES (82, 40, 'Visa', '**** **** **** 4249', '5176a9d1-9a36-44d6-ae9c-e8ff084a3c4b', '2025-04-29 17:14:33');
INSERT INTO Payment_Method (PaymentMethod_ID, Customer_ID, Method_Type, Masked_Details, Provider_Method_ID, Last_Used) VALUES (83, 41, 'Visa', '**** **** **** 4978', '1aa6f7cb-90c7-46ac-a3bf-e403388c9751', '2025-04-07 08:23:23');
INSERT INTO Payment_Method (PaymentMethod_ID, Customer_ID, Method_Type, Masked_Details, Provider_Method_ID, Last_Used) VALUES (84, 41, 'Visa', '**** **** **** 5941', '13eb22c9-bece-421a-94c7-743b2401342a', '2025-02-16 05:08:29');
INSERT INTO Payment_Method (PaymentMethod_ID, Customer_ID, Method_Type, Masked_Details, Provider_Method_ID, Last_Used) VALUES (85, 41, 'PayPal', '**** **** **** 1672', '2afaab7b-51cb-49e5-bb7d-3ba158c88c48', '2025-05-04 12:50:42');
INSERT INTO Payment_Method (PaymentMethod_ID, Customer_ID, Method_Type, Masked_Details, Provider_Method_ID, Last_Used) VALUES (86, 42, 'PayPal', '**** **** **** 8018', 'd2586d90-16b6-4f61-b68c-62e6e2a45909', '2025-05-18 16:01:12');
INSERT INTO Payment_Method (PaymentMethod_ID, Customer_ID, Method_Type, Masked_Details, Provider_Method_ID, Last_Used) VALUES (87, 42, 'PayPal', '**** **** **** 2129', 'e2fbb984-bab2-4bce-a39c-3bd5ab86bafd', '2025-03-07 04:42:21');
INSERT INTO Payment_Method (PaymentMethod_ID, Customer_ID, Method_Type, Masked_Details, Provider_Method_ID, Last_Used) VALUES (88, 42, 'AmEx', '**** **** **** 1207', '35adde88-43e4-4668-82ea-d2df725656e3', '2025-02-18 10:56:40');
INSERT INTO Payment_Method (PaymentMethod_ID, Customer_ID, Method_Type, Masked_Details, Provider_Method_ID, Last_Used) VALUES (89, 43, 'AmEx', '**** **** **** 2729', '41b455b8-59b9-422c-915a-ffacb173fcdf', '2025-01-21 23:28:39');
INSERT INTO Payment_Method (PaymentMethod_ID, Customer_ID, Method_Type, Masked_Details, Provider_Method_ID, Last_Used) VALUES (90, 43, 'AmEx', '**** **** **** 6934', '62ccc604-0c53-444b-8053-f649b86d066b', '2025-03-27 02:15:13');
INSERT INTO Payment_Method (PaymentMethod_ID, Customer_ID, Method_Type, Masked_Details, Provider_Method_ID, Last_Used) VALUES (91, 44, 'AmEx', '**** **** **** 3506', '2a9527f6-f817-4ebf-ab6e-64c5bb8aa843', '2025-03-22 09:28:08');
INSERT INTO Payment_Method (PaymentMethod_ID, Customer_ID, Method_Type, Masked_Details, Provider_Method_ID, Last_Used) VALUES (92, 44, 'PayPal', '**** **** **** 3885', '59ea4936-60f3-4ebc-a1bb-b8cd7e3a9f07', '2025-04-17 00:39:22');
INSERT INTO Payment_Method (PaymentMethod_ID, Customer_ID, Method_Type, Masked_Details, Provider_Method_ID, Last_Used) VALUES (93, 44, 'AmEx', '**** **** **** 9817', '7abfcebf-d42c-41ae-99f7-38cb6016c743', '2025-04-23 05:56:01');
INSERT INTO Payment_Method (PaymentMethod_ID, Customer_ID, Method_Type, Masked_Details, Provider_Method_ID, Last_Used) VALUES (94, 45, 'PayPal', '**** **** **** 8136', '39bfca38-afe9-4e90-821c-3fb3a6a5f0ff', '2025-02-01 14:02:03');
INSERT INTO Payment_Method (PaymentMethod_ID, Customer_ID, Method_Type, Masked_Details, Provider_Method_ID, Last_Used) VALUES (95, 45, 'Mastercard', '**** **** **** 6280', 'd883e3f8-cc98-43de-92de-9e5a7387928a', '2025-01-07 11:42:53');
INSERT INTO Payment_Method (PaymentMethod_ID, Customer_ID, Method_Type, Masked_Details, Provider_Method_ID, Last_Used) VALUES (96, 46, 'AmEx', '**** **** **** 5569', '42d943ee-5197-4e75-8523-d4fd4b7f2183', '2025-01-21 08:03:14');
INSERT INTO Payment_Method (PaymentMethod_ID, Customer_ID, Method_Type, Masked_Details, Provider_Method_ID, Last_Used) VALUES (97, 47, 'AmEx', '**** **** **** 8613', 'e34f76b4-2b8c-43bf-9780-be1712fecc2b', '2025-03-14 21:45:38');
INSERT INTO Payment_Method (PaymentMethod_ID, Customer_ID, Method_Type, Masked_Details, Provider_Method_ID, Last_Used) VALUES (98, 48, 'AmEx', '**** **** **** 1470', '8c0b393a-1333-4bc9-bb63-5ff529310971', '2025-01-19 01:53:57');
INSERT INTO Payment_Method (PaymentMethod_ID, Customer_ID, Method_Type, Masked_Details, Provider_Method_ID, Last_Used) VALUES (99, 48, 'Mastercard', '**** **** **** 6325', '9d17d218-fc3b-4de5-9812-62ac5683ede0', '2025-04-04 17:42:59');
INSERT INTO Payment_Method (PaymentMethod_ID, Customer_ID, Method_Type, Masked_Details, Provider_Method_ID, Last_Used) VALUES (100, 49, 'PayPal', '**** **** **** 4475', 'f143e545-6e6b-44b9-87ef-2ba8b45a6ab3', '2025-05-07 22:09:38');
INSERT INTO Payment_Method (PaymentMethod_ID, Customer_ID, Method_Type, Masked_Details, Provider_Method_ID, Last_Used) VALUES (101, 49, 'PayPal', '**** **** **** 5232', '6f27c1b9-e3c6-4edb-9b79-2afa2a3d418d', '2025-01-31 12:09:24');
INSERT INTO Payment_Method (PaymentMethod_ID, Customer_ID, Method_Type, Masked_Details, Provider_Method_ID, Last_Used) VALUES (102, 50, 'Visa', '**** **** **** 5526', '349ef4a9-54c2-4d5c-99ec-08290db5d441', '2025-02-06 21:23:26');
INSERT INTO Payment_Method (PaymentMethod_ID, Customer_ID, Method_Type, Masked_Details, Provider_Method_ID, Last_Used) VALUES (103, 50, 'Mastercard', '**** **** **** 9464', 'b8d77d2f-8dda-4ff2-b27b-7bb468c690b2', '2025-04-15 21:10:01');

-- Orders, Order Items, and Payments
INSERT INTO Orders (Order_ID, Created_At, Delivery_time, Real_time_location, Special_Instructions, Status, OrderItem_Price, Taxes, Delivery_Fee, Customer_ID, Restaurant_ID, Personnel_ID, Delivery_Address_ID) VALUES (1, '2025-02-21 12:13:24', '2025-02-21 13:27:24', '10698 Hernandez Lake Apt. 614, Gonzaleztown, GA 84149', 'With list break size likely.', 'Processing', 126.4, 10.11, 3.32, 1, 4, 14, 2);
INSERT INTO Order_Item (OrderItem_ID, Quantity, MenuItem_ID, Order_ID) VALUES (1, 2, 49, 1);
INSERT INTO Order_Item (OrderItem_ID, Quantity, MenuItem_ID, Order_ID) VALUES (2, 2, 16, 1);
INSERT INTO Order_Item (OrderItem_ID, Quantity, MenuItem_ID, Order_ID) VALUES (3, 2, 45, 1);
INSERT INTO Order_Item (OrderItem_ID, Quantity, MenuItem_ID, Order_ID) VALUES (4, 2, 31, 1);
INSERT INTO Order_Item (OrderItem_ID, Quantity, MenuItem_ID, Order_ID) VALUES (5, 1, 42, 1);
INSERT INTO Order_Item (OrderItem_ID, Quantity, MenuItem_ID, Order_ID) VALUES (6, 1, 46, 1);
INSERT INTO Order_Item (OrderItem_ID, Quantity, MenuItem_ID, Order_ID) VALUES (7, 3, 32, 1);
INSERT INTO Order_Item (OrderItem_ID, Quantity, MenuItem_ID, Order_ID) VALUES (8, 1, 29, 1);
INSERT INTO Order_Item (OrderItem_ID, Quantity, MenuItem_ID, Order_ID) VALUES (9, 2, 2, 1);
INSERT INTO Payments (Payment_ID, Order_ID, PaymentMethod_ID, Transaction_ID, Amount, Payment_Status, Timestamp) VALUES (1, 1, 1, '1754bf08-43d7-4413-a939-ebd1e516b0d4', 139.83, 'Completed', '2025-02-21 13:27:24');
INSERT INTO Orders (Order_ID, Created_At, Delivery_time, Real_time_location, Special_Instructions, Status, OrderItem_Price, Taxes, Delivery_Fee, Customer_ID, Restaurant_ID, Personnel_ID, Delivery_Address_ID) VALUES (2, '2025-05-05 15:18:50', '2025-05-05 16:06:50', '6527 Jose Mountain, Jeremyview, AR 20309', 'Beat gas must wife.', 'Processing', 78.53999999999999, 6.28, 5.33, 1, 9, 6, 1);
INSERT INTO Order_Item (OrderItem_ID, Quantity, MenuItem_ID, Order_ID) VALUES (10, 1, 48, 2);
INSERT INTO Order_Item (OrderItem_ID, Quantity, MenuItem_ID, Order_ID) VALUES (11, 2, 31, 2);
INSERT INTO Order_Item (OrderItem_ID, Quantity, MenuItem_ID, Order_ID) VALUES (12, 1, 18, 2);
INSERT INTO Order_Item (OrderItem_ID, Quantity, MenuItem_ID, Order_ID) VALUES (13, 2, 47, 2);
INSERT INTO Payments (Payment_ID, Order_ID, PaymentMethod_ID, Transaction_ID, Amount, Payment_Status, Timestamp) VALUES (2, 2, 1, '0f9ca17b-8db8-4adf-ba3e-46b096f84ff7', 90.15, 'Completed', '2025-05-05 16:06:50');
INSERT INTO Orders (Order_ID, Created_At, Delivery_time, Real_time_location, Special_Instructions, Status, OrderItem_Price, Taxes, Delivery_Fee, Customer_ID, Restaurant_ID, Personnel_ID, Delivery_Address_ID) VALUES (3, '2025-03-17 04:02:42', '2025-03-17 05:12:42', '793 Evans Locks Apt. 898, North Stacy, HI 22411', 'Speak call interest write itself.', 'Processing', 10.84, 0.87, 5.78, 2, 3, 9, 4);
INSERT INTO Order_Item (OrderItem_ID, Quantity, MenuItem_ID, Order_ID) VALUES (14, 2, 36, 3);
INSERT INTO Payments (Payment_ID, Order_ID, PaymentMethod_ID, Transaction_ID, Amount, Payment_Status, Timestamp) VALUES (3, 3, 3, '25db5946-a091-45b4-9293-8e6eff4d0930', 17.49, 'Completed', '2025-03-17 05:12:42');
INSERT INTO Orders (Order_ID, Created_At, Delivery_time, Real_time_location, Special_Instructions, Status, OrderItem_Price, Taxes, Delivery_Fee, Customer_ID, Restaurant_ID, Personnel_ID, Delivery_Address_ID) VALUES (4, '2025-04-26 13:07:23', '2025-04-26 13:44:23', '68685 Stone Well, Port Isabellashire, WY 55498', 'Increase challenge onto serve.', 'Processing', 99.91000000000001, 7.99, 5.98, 2, 1, 19, 4);
INSERT INTO Order_Item (OrderItem_ID, Quantity, MenuItem_ID, Order_ID) VALUES (15, 3, 31, 4);
INSERT INTO Order_Item (OrderItem_ID, Quantity, MenuItem_ID, Order_ID) VALUES (16, 2, 29, 4);
INSERT INTO Order_Item (OrderItem_ID, Quantity, MenuItem_ID, Order_ID) VALUES (17, 3, 22, 4);
INSERT INTO Order_Item (OrderItem_ID, Quantity, MenuItem_ID, Order_ID) VALUES (18, 3, 12, 4);
INSERT INTO Order_Item (OrderItem_ID, Quantity, MenuItem_ID, Order_ID) VALUES (19, 3, 4, 4);
INSERT INTO Order_Item (OrderItem_ID, Quantity, MenuItem_ID, Order_ID) VALUES (20, 1, 17, 4);
INSERT INTO Order_Item (OrderItem_ID, Quantity, MenuItem_ID, Order_ID) VALUES (21, 3, 55, 4);
INSERT INTO Order_Item (OrderItem_ID, Quantity, MenuItem_ID, Order_ID) VALUES (22, 2, 8, 4);
INSERT INTO Payments (Payment_ID, Order_ID, PaymentMethod_ID, Transaction_ID, Amount, Payment_Status, Timestamp) VALUES (4, 4, 4, '1b0ae22e-ecc8-47a6-99a6-f80ef08ce6c2', 113.88, 'Completed', '2025-04-26 13:44:23');
INSERT INTO Orders (Order_ID, Created_At, Delivery_time, Real_time_location, Special_Instructions, Status, OrderItem_Price, Taxes, Delivery_Fee, Customer_ID, Restaurant_ID, Personnel_ID, Delivery_Address_ID) VALUES (5, '2025-04-20 06:17:46', '2025-04-20 06:51:46', '564 Pena Ports Suite 024, Thomasfurt, MO 43950', 'Any little environmental head full.', 'Processing', 68.68, 5.49, 2.7, 2, 8, 10, 4);
INSERT INTO Order_Item (OrderItem_ID, Quantity, MenuItem_ID, Order_ID) VALUES (23, 1, 37, 5);
INSERT INTO Order_Item (OrderItem_ID, Quantity, MenuItem_ID, Order_ID) VALUES (24, 1, 40, 5);
INSERT INTO Order_Item (OrderItem_ID, Quantity, MenuItem_ID, Order_ID) VALUES (25, 2, 4, 5);
INSERT INTO Order_Item (OrderItem_ID, Quantity, MenuItem_ID, Order_ID) VALUES (26, 2, 48, 5);
INSERT INTO Order_Item (OrderItem_ID, Quantity, MenuItem_ID, Order_ID) VALUES (27, 3, 7, 5);
INSERT INTO Payments (Payment_ID, Order_ID, PaymentMethod_ID, Transaction_ID, Amount, Payment_Status, Timestamp) VALUES (5, 5, 4, '47c4cc51-4f9a-4f98-8d95-0273cb2cc805', 76.87, 'Completed', '2025-04-20 06:51:46');
INSERT INTO Orders (Order_ID, Created_At, Delivery_time, Real_time_location, Special_Instructions, Status, OrderItem_Price, Taxes, Delivery_Fee, Customer_ID, Restaurant_ID, Personnel_ID, Delivery_Address_ID) VALUES (6, '2025-04-06 11:06:41', '2025-04-06 12:03:41', '24754 Jacobs Corners, South Jason, MT 97618', 'Service test start middle city find medical.', 'Processing', 98.71000000000001, 7.9, 5.73, 2, 5, 2, 4);
INSERT INTO Order_Item (OrderItem_ID, Quantity, MenuItem_ID, Order_ID) VALUES (28, 1, 46, 6);
INSERT INTO Order_Item (OrderItem_ID, Quantity, MenuItem_ID, Order_ID) VALUES (29, 3, 19, 6);
INSERT INTO Order_Item (OrderItem_ID, Quantity, MenuItem_ID, Order_ID) VALUES (30, 1, 45, 6);
INSERT INTO Order_Item (OrderItem_ID, Quantity, MenuItem_ID, Order_ID) VALUES (31, 3, 30, 6);
INSERT INTO Order_Item (OrderItem_ID, Quantity, MenuItem_ID, Order_ID) VALUES (32, 1, 5, 6);
INSERT INTO Payments (Payment_ID, Order_ID, PaymentMethod_ID, Transaction_ID, Amount, Payment_Status, Timestamp) VALUES (6, 6, 4, '86379f04-d9ee-4dc9-87cf-eca822b9f24c', 112.34, 'Completed', '2025-04-06 12:03:41');
INSERT INTO Orders (Order_ID, Created_At, Delivery_time, Real_time_location, Special_Instructions, Status, OrderItem_Price, Taxes, Delivery_Fee, Customer_ID, Restaurant_ID, Personnel_ID, Delivery_Address_ID) VALUES (7, '2025-04-21 10:12:18', '2025-04-21 11:26:18', '03070 Bush Harbor, Madisonhaven, SC 16737', 'Drop major land.', 'Processing', 47.129999999999995, 3.77, 2.5, 2, 3, 3, 4);
INSERT INTO Order_Item (OrderItem_ID, Quantity, MenuItem_ID, Order_ID) VALUES (33, 2, 51, 7);
INSERT INTO Order_Item (OrderItem_ID, Quantity, MenuItem_ID, Order_ID) VALUES (34, 3, 20, 7);
INSERT INTO Order_Item (OrderItem_ID, Quantity, MenuItem_ID, Order_ID) VALUES (35, 2, 39, 7);
INSERT INTO Payments (Payment_ID, Order_ID, PaymentMethod_ID, Transaction_ID, Amount, Payment_Status, Timestamp) VALUES (7, 7, 4, '963dc8bf-797e-4984-9ed7-d3eff5e4a9c1', 53.4, 'Completed', '2025-04-21 11:26:18');
INSERT INTO Orders (Order_ID, Created_At, Delivery_time, Real_time_location, Special_Instructions, Status, OrderItem_Price, Taxes, Delivery_Fee, Customer_ID, Restaurant_ID, Personnel_ID, Delivery_Address_ID) VALUES (8, '2025-04-18 01:24:04', '2025-04-18 02:42:04', '1406 Frank Ports, Port Jeffrey, TX 27597', 'Prepare message ten whose radio.', 'Processing', 119.67999999999998, 9.57, 4.3, 2, 9, 18, 4);
INSERT INTO Order_Item (OrderItem_ID, Quantity, MenuItem_ID, Order_ID) VALUES (36, 1, 6, 8);
INSERT INTO Order_Item (OrderItem_ID, Quantity, MenuItem_ID, Order_ID) VALUES (37, 2, 39, 8);
INSERT INTO Order_Item (OrderItem_ID, Quantity, MenuItem_ID, Order_ID) VALUES (38, 3, 3, 8);
INSERT INTO Order_Item (OrderItem_ID, Quantity, MenuItem_ID, Order_ID) VALUES (39, 3, 28, 8);
INSERT INTO Order_Item (OrderItem_ID, Quantity, MenuItem_ID, Order_ID) VALUES (40, 2, 48, 8);
INSERT INTO Order_Item (OrderItem_ID, Quantity, MenuItem_ID, Order_ID) VALUES (41, 2, 21, 8);
INSERT INTO Order_Item (OrderItem_ID, Quantity, MenuItem_ID, Order_ID) VALUES (42, 1, 54, 8);
INSERT INTO Order_Item (OrderItem_ID, Quantity, MenuItem_ID, Order_ID) VALUES (43, 3, 17, 8);
INSERT INTO Payments (Payment_ID, Order_ID, PaymentMethod_ID, Transaction_ID, Amount, Payment_Status, Timestamp) VALUES (8, 8, 4, 'a5ba2472-21df-4609-a959-137f795e6f2b', 133.55, 'Completed', '2025-04-18 02:42:04');
INSERT INTO Orders (Order_ID, Created_At, Delivery_time, Real_time_location, Special_Instructions, Status, OrderItem_Price, Taxes, Delivery_Fee, Customer_ID, Restaurant_ID, Personnel_ID, Delivery_Address_ID) VALUES (9, '2025-02-03 15:10:24', '2025-02-03 16:00:24', '49446 York Mount, Jefferyport, NC 82238', 'Once account yourself whom style no.', 'Processing', 102.39999999999999, 8.19, 3.82, 2, 8, 3, 4);
INSERT INTO Order_Item (OrderItem_ID, Quantity, MenuItem_ID, Order_ID) VALUES (44, 2, 27, 9);
INSERT INTO Order_Item (OrderItem_ID, Quantity, MenuItem_ID, Order_ID) VALUES (45, 2, 22, 9);
INSERT INTO Order_Item (OrderItem_ID, Quantity, MenuItem_ID, Order_ID) VALUES (46, 1, 21, 9);
INSERT INTO Order_Item (OrderItem_ID, Quantity, MenuItem_ID, Order_ID) VALUES (47, 2, 43, 9);
INSERT INTO Order_Item (OrderItem_ID, Quantity, MenuItem_ID, Order_ID) VALUES (48, 3, 7, 9);
INSERT INTO Order_Item (OrderItem_ID, Quantity, MenuItem_ID, Order_ID) VALUES (49, 1, 11, 9);
INSERT INTO Payments (Payment_ID, Order_ID, PaymentMethod_ID, Transaction_ID, Amount, Payment_Status, Timestamp) VALUES (9, 9, 4, '4c68eb17-485d-431c-9bea-b52998017a2f', 114.41, 'Completed', '2025-02-03 16:00:24');
INSERT INTO Orders (Order_ID, Created_At, Delivery_time, Real_time_location, Special_Instructions, Status, OrderItem_Price, Taxes, Delivery_Fee, Customer_ID, Restaurant_ID, Personnel_ID, Delivery_Address_ID) VALUES (10, '2025-05-13 21:35:47', '2025-05-13 22:05:47', '4544 Lopez Path, North Linda, PA 53466', 'Race return pretty young else industry.', 'Processing', 129.4, 10.35, 3.24, 2, 7, 2, 4);
INSERT INTO Order_Item (OrderItem_ID, Quantity, MenuItem_ID, Order_ID) VALUES (50, 3, 24, 10);
INSERT INTO Order_Item (OrderItem_ID, Quantity, MenuItem_ID, Order_ID) VALUES (51, 2, 40, 10);
INSERT INTO Order_Item (OrderItem_ID, Quantity, MenuItem_ID, Order_ID) VALUES (52, 1, 49, 10);
INSERT INTO Order_Item (OrderItem_ID, Quantity, MenuItem_ID, Order_ID) VALUES (53, 1, 32, 10);
INSERT INTO Order_Item (OrderItem_ID, Quantity, MenuItem_ID, Order_ID) VALUES (54, 1, 41, 10);
INSERT INTO Order_Item (OrderItem_ID, Quantity, MenuItem_ID, Order_ID) VALUES (55, 2, 29, 10);
INSERT INTO Order_Item (OrderItem_ID, Quantity, MenuItem_ID, Order_ID) VALUES (56, 1, 53, 10);
INSERT INTO Order_Item (OrderItem_ID, Quantity, MenuItem_ID, Order_ID) VALUES (57, 3, 4, 10);
INSERT INTO Order_Item (OrderItem_ID, Quantity, MenuItem_ID, Order_ID) VALUES (58, 1, 14, 10);
INSERT INTO Payments (Payment_ID, Order_ID, PaymentMethod_ID, Transaction_ID, Amount, Payment_Status, Timestamp) VALUES (10, 10, 4, '95410a9d-090a-4a93-bc9a-79986365fc2a', 142.99, 'Completed', '2025-05-13 22:05:47');
INSERT INTO Orders (Order_ID, Created_At, Delivery_time, Real_time_location, Special_Instructions, Status, OrderItem_Price, Taxes, Delivery_Fee, Customer_ID, Restaurant_ID, Personnel_ID, Delivery_Address_ID) VALUES (11, '2025-05-18 11:50:25', '2025-05-18 13:19:25', 'Unit 3538 Box 7584, DPO AE 86695', 'Congress best campaign else space several consumer.', 'Processing', 127.46, 10.2, 3.66, 2, 5, 17, 4);
INSERT INTO Order_Item (OrderItem_ID, Quantity, MenuItem_ID, Order_ID) VALUES (59, 3, 54, 11);
INSERT INTO Order_Item (OrderItem_ID, Quantity, MenuItem_ID, Order_ID) VALUES (60, 2, 31, 11);
INSERT INTO Order_Item (OrderItem_ID, Quantity, MenuItem_ID, Order_ID) VALUES (61, 1, 55, 11);
INSERT INTO Order_Item (OrderItem_ID, Quantity, MenuItem_ID, Order_ID) VALUES (62, 2, 16, 11);
INSERT INTO Order_Item (OrderItem_ID, Quantity, MenuItem_ID, Order_ID) VALUES (63, 3, 30, 11);
INSERT INTO Order_Item (OrderItem_ID, Quantity, MenuItem_ID, Order_ID) VALUES (64, 2, 36, 11);
INSERT INTO Order_Item (OrderItem_ID, Quantity, MenuItem_ID, Order_ID) VALUES (65, 3, 10, 11);
INSERT INTO Payments (Payment_ID, Order_ID, PaymentMethod_ID, Transaction_ID, Amount, Payment_Status, Timestamp) VALUES (11, 11, 4, 'a7890770-55ec-424a-a64b-9b37ae01a122', 141.32, 'Completed', '2025-05-18 13:19:25');
INSERT INTO Orders (Order_ID, Created_At, Delivery_time, Real_time_location, Special_Instructions, Status, OrderItem_Price, Taxes, Delivery_Fee, Customer_ID, Restaurant_ID, Personnel_ID, Delivery_Address_ID) VALUES (12, '2025-01-18 08:10:02', '2025-01-18 09:00:02', '465 Green Hill, Yorkfort, SC 76991', 'Want author threat matter test high fear approach.', 'Processing', 115.23, 9.22, 3.64, 3, 8, 18, 6);
INSERT INTO Order_Item (OrderItem_ID, Quantity, MenuItem_ID, Order_ID) VALUES (66, 3, 22, 12);
INSERT INTO Order_Item (OrderItem_ID, Quantity, MenuItem_ID, Order_ID) VALUES (67, 2, 36, 12);
INSERT INTO Order_Item (OrderItem_ID, Quantity, MenuItem_ID, Order_ID) VALUES (68, 3, 49, 12);
INSERT INTO Order_Item (OrderItem_ID, Quantity, MenuItem_ID, Order_ID) VALUES (69, 2, 35, 12);
INSERT INTO Order_Item (OrderItem_ID, Quantity, MenuItem_ID, Order_ID) VALUES (70, 2, 25, 12);
INSERT INTO Order_Item (OrderItem_ID, Quantity, MenuItem_ID, Order_ID) VALUES (71, 3, 30, 12);
INSERT INTO Payments (Payment_ID, Order_ID, PaymentMethod_ID, Transaction_ID, Amount, Payment_Status, Timestamp) VALUES (12, 12, 5, 'fe0a824e-232a-4e82-a699-6aabdaaf7529', 128.09, 'Completed', '2025-01-18 09:00:02');
INSERT INTO Orders (Order_ID, Created_At, Delivery_time, Real_time_location, Special_Instructions, Status, OrderItem_Price, Taxes, Delivery_Fee, Customer_ID, Restaurant_ID, Personnel_ID, Delivery_Address_ID) VALUES (13, '2025-02-08 21:26:59', '2025-02-08 22:39:59', '52175 Lawrence Centers Apt. 743, New Kathy, WY 12040', 'Pass plant idea whole.', 'Processing', 129.16, 10.33, 3.31, 3, 8, 2, 5);
INSERT INTO Order_Item (OrderItem_ID, Quantity, MenuItem_ID, Order_ID) VALUES (72, 3, 38, 13);
INSERT INTO Order_Item (OrderItem_ID, Quantity, MenuItem_ID, Order_ID) VALUES (73, 2, 22, 13);
INSERT INTO Order_Item (OrderItem_ID, Quantity, MenuItem_ID, Order_ID) VALUES (74, 2, 7, 13);
INSERT INTO Order_Item (OrderItem_ID, Quantity, MenuItem_ID, Order_ID) VALUES (75, 3, 29, 13);
INSERT INTO Order_Item (OrderItem_ID, Quantity, MenuItem_ID, Order_ID) VALUES (76, 3, 53, 13);
INSERT INTO Order_Item (OrderItem_ID, Quantity, MenuItem_ID, Order_ID) VALUES (77, 2, 34, 13);
INSERT INTO Order_Item (OrderItem_ID, Quantity, MenuItem_ID, Order_ID) VALUES (78, 3, 30, 13);
INSERT INTO Order_Item (OrderItem_ID, Quantity, MenuItem_ID, Order_ID) VALUES (79, 1, 1, 13);
INSERT INTO Order_Item (OrderItem_ID, Quantity, MenuItem_ID, Order_ID) VALUES (80, 3, 47, 13);
INSERT INTO Payments (Payment_ID, Order_ID, PaymentMethod_ID, Transaction_ID, Amount, Payment_Status, Timestamp) VALUES (13, 13, 5, '88a5fa0d-09a8-4dc5-8131-ff3b62210670', 142.8, 'Completed', '2025-02-08 22:39:59');
INSERT INTO Orders (Order_ID, Created_At, Delivery_time, Real_time_location, Special_Instructions, Status, OrderItem_Price, Taxes, Delivery_Fee, Customer_ID, Restaurant_ID, Personnel_ID, Delivery_Address_ID) VALUES (14, '2025-02-08 17:20:15', '2025-02-08 18:00:15', '8300 Jeremy Wells, Larryville, NY 77659', 'Cold statement fear fact road.', 'Processing', 39.29, 3.14, 2.4, 3, 4, 10, 5);
INSERT INTO Order_Item (OrderItem_ID, Quantity, MenuItem_ID, Order_ID) VALUES (81, 3, 28, 14);
INSERT INTO Order_Item (OrderItem_ID, Quantity, MenuItem_ID, Order_ID) VALUES (82, 2, 7, 14);
INSERT INTO Payments (Payment_ID, Order_ID, PaymentMethod_ID, Transaction_ID, Amount, Payment_Status, Timestamp) VALUES (14, 14, 5, '6f04af36-567c-4d44-862c-92fd98abb2e7', 44.83, 'Completed', '2025-02-08 18:00:15');
INSERT INTO Orders (Order_ID, Created_At, Delivery_time, Real_time_location, Special_Instructions, Status, OrderItem_Price, Taxes, Delivery_Fee, Customer_ID, Restaurant_ID, Personnel_ID, Delivery_Address_ID) VALUES (15, '2025-05-14 08:37:38', '2025-05-14 10:05:38', 'Unit 5753 Box 2603, DPO AE 95812', 'Deep against mean but.', 'Processing', 91.96, 7.36, 2.96, 4, 6, 2, 10);
INSERT INTO Order_Item (OrderItem_ID, Quantity, MenuItem_ID, Order_ID) VALUES (83, 3, 24, 15);
INSERT INTO Order_Item (OrderItem_ID, Quantity, MenuItem_ID, Order_ID) VALUES (84, 1, 28, 15);
INSERT INTO Order_Item (OrderItem_ID, Quantity, MenuItem_ID, Order_ID) VALUES (85, 1, 10, 15);
INSERT INTO Order_Item (OrderItem_ID, Quantity, MenuItem_ID, Order_ID) VALUES (86, 2, 16, 15);
INSERT INTO Order_Item (OrderItem_ID, Quantity, MenuItem_ID, Order_ID) VALUES (87, 3, 34, 15);
INSERT INTO Order_Item (OrderItem_ID, Quantity, MenuItem_ID, Order_ID) VALUES (88, 2, 27, 15);
INSERT INTO Payments (Payment_ID, Order_ID, PaymentMethod_ID, Transaction_ID, Amount, Payment_Status, Timestamp) VALUES (15, 15, 8, '0990a647-cac8-487e-a689-d07fb60b4f87', 102.28, 'Completed', '2025-05-14 10:05:38');
INSERT INTO Orders (Order_ID, Created_At, Delivery_time, Real_time_location, Special_Instructions, Status, OrderItem_Price, Taxes, Delivery_Fee, Customer_ID, Restaurant_ID, Personnel_ID, Delivery_Address_ID) VALUES (16, '2025-03-14 20:31:24', '2025-03-14 21:54:24', '909 Ebony Shoal Apt. 016, Jamesside, NJ 92496', 'Day rate act inside.', 'Processing', 135.76999999999998, 10.86, 3.18, 5, 1, 15, 13);
INSERT INTO Order_Item (OrderItem_ID, Quantity, MenuItem_ID, Order_ID) VALUES (89, 3, 11, 16);
INSERT INTO Order_Item (OrderItem_ID, Quantity, MenuItem_ID, Order_ID) VALUES (90, 2, 5, 16);
INSERT INTO Order_Item (OrderItem_ID, Quantity, MenuItem_ID, Order_ID) VALUES (91, 2, 29, 16);
INSERT INTO Order_Item (OrderItem_ID, Quantity, MenuItem_ID, Order_ID) VALUES (92, 1, 23, 16);
INSERT INTO Order_Item (OrderItem_ID, Quantity, MenuItem_ID, Order_ID) VALUES (93, 3, 38, 16);
INSERT INTO Order_Item (OrderItem_ID, Quantity, MenuItem_ID, Order_ID) VALUES (94, 3, 20, 16);
INSERT INTO Order_Item (OrderItem_ID, Quantity, MenuItem_ID, Order_ID) VALUES (95, 3, 41, 16);
INSERT INTO Order_Item (OrderItem_ID, Quantity, MenuItem_ID, Order_ID) VALUES (96, 1, 28, 16);
INSERT INTO Order_Item (OrderItem_ID, Quantity, MenuItem_ID, Order_ID) VALUES (97, 3, 45, 16);
INSERT INTO Payments (Payment_ID, Order_ID, PaymentMethod_ID, Transaction_ID, Amount, Payment_Status, Timestamp) VALUES (16, 16, 11, '451d38fe-8532-4c74-a998-7bdf19d9d0b5', 149.81, 'Completed', '2025-03-14 21:54:24');
INSERT INTO Orders (Order_ID, Created_At, Delivery_time, Real_time_location, Special_Instructions, Status, OrderItem_Price, Taxes, Delivery_Fee, Customer_ID, Restaurant_ID, Personnel_ID, Delivery_Address_ID) VALUES (17, '2025-05-01 22:26:52', '2025-05-01 23:53:52', '1891 Wilson Coves, Gonzalezborough, KS 69070', 'Group important civil nature travel.', 'Processing', 77.93, 6.23, 4.51, 5, 5, 8, 13);
INSERT INTO Order_Item (OrderItem_ID, Quantity, MenuItem_ID, Order_ID) VALUES (98, 3, 41, 17);
INSERT INTO Order_Item (OrderItem_ID, Quantity, MenuItem_ID, Order_ID) VALUES (99, 3, 13, 17);
INSERT INTO Order_Item (OrderItem_ID, Quantity, MenuItem_ID, Order_ID) VALUES (100, 1, 40, 17);
INSERT INTO Order_Item (OrderItem_ID, Quantity, MenuItem_ID, Order_ID) VALUES (101, 2, 17, 17);
INSERT INTO Payments (Payment_ID, Order_ID, PaymentMethod_ID, Transaction_ID, Amount, Payment_Status, Timestamp) VALUES (17, 17, 11, '54a27051-7b0c-4ad9-aee1-3caeb02e21aa', 88.67, 'Completed', '2025-05-01 23:53:52');
INSERT INTO Orders (Order_ID, Created_At, Delivery_time, Real_time_location, Special_Instructions, Status, OrderItem_Price, Taxes, Delivery_Fee, Customer_ID, Restaurant_ID, Personnel_ID, Delivery_Address_ID) VALUES (18, '2025-02-15 12:52:25', '2025-02-15 13:45:25', '97218 Jennifer Courts, Dawnmouth, KS 61354', 'Between company always.', 'Processing', 36.1, 2.89, 4.16, 5, 1, 19, 13);
INSERT INTO Order_Item (OrderItem_ID, Quantity, MenuItem_ID, Order_ID) VALUES (102, 3, 6, 18);
INSERT INTO Order_Item (OrderItem_ID, Quantity, MenuItem_ID, Order_ID) VALUES (103, 3, 19, 18);
INSERT INTO Order_Item (OrderItem_ID, Quantity, MenuItem_ID, Order_ID) VALUES (104, 2, 21, 18);
INSERT INTO Payments (Payment_ID, Order_ID, PaymentMethod_ID, Transaction_ID, Amount, Payment_Status, Timestamp) VALUES (18, 18, 10, 'ad409244-cd35-46ef-9c37-07394a629c5e', 43.15, 'Completed', '2025-02-15 13:45:25');
INSERT INTO Orders (Order_ID, Created_At, Delivery_time, Real_time_location, Special_Instructions, Status, OrderItem_Price, Taxes, Delivery_Fee, Customer_ID, Restaurant_ID, Personnel_ID, Delivery_Address_ID) VALUES (19, '2025-03-02 17:19:14', '2025-03-02 18:39:14', '00225 Kline Road, Natalieland, MA 24470', 'Husband while even history.', 'Processing', 136.05, 10.88, 3.46, 5, 5, 16, 13);
INSERT INTO Order_Item (OrderItem_ID, Quantity, MenuItem_ID, Order_ID) VALUES (105, 2, 52, 19);
INSERT INTO Order_Item (OrderItem_ID, Quantity, MenuItem_ID, Order_ID) VALUES (106, 1, 8, 19);
INSERT INTO Order_Item (OrderItem_ID, Quantity, MenuItem_ID, Order_ID) VALUES (107, 2, 30, 19);
INSERT INTO Order_Item (OrderItem_ID, Quantity, MenuItem_ID, Order_ID) VALUES (108, 3, 5, 19);
INSERT INTO Order_Item (OrderItem_ID, Quantity, MenuItem_ID, Order_ID) VALUES (109, 1, 10, 19);
INSERT INTO Order_Item (OrderItem_ID, Quantity, MenuItem_ID, Order_ID) VALUES (110, 2, 49, 19);
INSERT INTO Payments (Payment_ID, Order_ID, PaymentMethod_ID, Transaction_ID, Amount, Payment_Status, Timestamp) VALUES (19, 19, 11, '6bf7240f-ccc6-4fed-ba6e-43d0d9c59cd9', 150.39, 'Completed', '2025-03-02 18:39:14');
INSERT INTO Orders (Order_ID, Created_At, Delivery_time, Real_time_location, Special_Instructions, Status, OrderItem_Price, Taxes, Delivery_Fee, Customer_ID, Restaurant_ID, Personnel_ID, Delivery_Address_ID) VALUES (20, '2025-05-06 23:50:37', '2025-05-07 00:39:37', '20216 Pham Springs, Whitefurt, MI 80632', 'Television they road.', 'Processing', 99.39000000000001, 7.95, 5.64, 5, 5, 19, 13);
INSERT INTO Order_Item (OrderItem_ID, Quantity, MenuItem_ID, Order_ID) VALUES (111, 3, 7, 20);
INSERT INTO Order_Item (OrderItem_ID, Quantity, MenuItem_ID, Order_ID) VALUES (112, 2, 44, 20);
INSERT INTO Order_Item (OrderItem_ID, Quantity, MenuItem_ID, Order_ID) VALUES (113, 1, 15, 20);
INSERT INTO Order_Item (OrderItem_ID, Quantity, MenuItem_ID, Order_ID) VALUES (114, 1, 31, 20);
INSERT INTO Order_Item (OrderItem_ID, Quantity, MenuItem_ID, Order_ID) VALUES (115, 1, 2, 20);
INSERT INTO Order_Item (OrderItem_ID, Quantity, MenuItem_ID, Order_ID) VALUES (116, 1, 40, 20);
INSERT INTO Payments (Payment_ID, Order_ID, PaymentMethod_ID, Transaction_ID, Amount, Payment_Status, Timestamp) VALUES (20, 20, 11, 'eb9f33cb-7bab-4baa-a172-a0aae44a913a', 112.98, 'Completed', '2025-05-07 00:39:37');
INSERT INTO Orders (Order_ID, Created_At, Delivery_time, Real_time_location, Special_Instructions, Status, OrderItem_Price, Taxes, Delivery_Fee, Customer_ID, Restaurant_ID, Personnel_ID, Delivery_Address_ID) VALUES (21, '2025-04-05 18:49:01', '2025-04-05 19:47:01', '0145 Janet Springs Apt. 588, South Dorothybury, MI 87494', 'Chance step throughout party activity various.', 'Processing', 169.25000000000003, 13.54, 2.87, 6, 2, 4, 15);
INSERT INTO Order_Item (OrderItem_ID, Quantity, MenuItem_ID, Order_ID) VALUES (117, 1, 9, 21);
INSERT INTO Order_Item (OrderItem_ID, Quantity, MenuItem_ID, Order_ID) VALUES (118, 2, 25, 21);
INSERT INTO Order_Item (OrderItem_ID, Quantity, MenuItem_ID, Order_ID) VALUES (119, 1, 30, 21);
INSERT INTO Order_Item (OrderItem_ID, Quantity, MenuItem_ID, Order_ID) VALUES (120, 3, 24, 21);
INSERT INTO Order_Item (OrderItem_ID, Quantity, MenuItem_ID, Order_ID) VALUES (121, 2, 43, 21);
INSERT INTO Order_Item (OrderItem_ID, Quantity, MenuItem_ID, Order_ID) VALUES (122, 3, 48, 21);
INSERT INTO Order_Item (OrderItem_ID, Quantity, MenuItem_ID, Order_ID) VALUES (123, 3, 45, 21);
INSERT INTO Order_Item (OrderItem_ID, Quantity, MenuItem_ID, Order_ID) VALUES (124, 2, 35, 21);
INSERT INTO Order_Item (OrderItem_ID, Quantity, MenuItem_ID, Order_ID) VALUES (125, 1, 27, 21);
INSERT INTO Payments (Payment_ID, Order_ID, PaymentMethod_ID, Transaction_ID, Amount, Payment_Status, Timestamp) VALUES (21, 21, 13, 'da143a47-7823-41d9-994d-f188816ce054', 185.66, 'Completed', '2025-04-05 19:47:01');
INSERT INTO Orders (Order_ID, Created_At, Delivery_time, Real_time_location, Special_Instructions, Status, OrderItem_Price, Taxes, Delivery_Fee, Customer_ID, Restaurant_ID, Personnel_ID, Delivery_Address_ID) VALUES (22, '2025-04-07 06:45:29', '2025-04-07 07:36:29', '5354 William Plaza, Powellbury, NH 58721', 'Large task language budget market president bill.', 'Processing', 99.54999999999998, 7.96, 5.48, 6, 5, 7, 14);
INSERT INTO Order_Item (OrderItem_ID, Quantity, MenuItem_ID, Order_ID) VALUES (126, 1, 6, 22);
INSERT INTO Order_Item (OrderItem_ID, Quantity, MenuItem_ID, Order_ID) VALUES (127, 3, 43, 22);
INSERT INTO Order_Item (OrderItem_ID, Quantity, MenuItem_ID, Order_ID) VALUES (128, 1, 14, 22);
INSERT INTO Order_Item (OrderItem_ID, Quantity, MenuItem_ID, Order_ID) VALUES (129, 2, 42, 22);
INSERT INTO Order_Item (OrderItem_ID, Quantity, MenuItem_ID, Order_ID) VALUES (130, 1, 41, 22);
INSERT INTO Order_Item (OrderItem_ID, Quantity, MenuItem_ID, Order_ID) VALUES (131, 1, 39, 22);
INSERT INTO Order_Item (OrderItem_ID, Quantity, MenuItem_ID, Order_ID) VALUES (132, 3, 2, 22);
INSERT INTO Order_Item (OrderItem_ID, Quantity, MenuItem_ID, Order_ID) VALUES (133, 2, 4, 22);
INSERT INTO Payments (Payment_ID, Order_ID, PaymentMethod_ID, Transaction_ID, Amount, Payment_Status, Timestamp) VALUES (22, 22, 12, '8c91bd13-8ea0-4346-892c-4801698f04f8', 112.99, 'Completed', '2025-04-07 07:36:29');
INSERT INTO Orders (Order_ID, Created_At, Delivery_time, Real_time_location, Special_Instructions, Status, OrderItem_Price, Taxes, Delivery_Fee, Customer_ID, Restaurant_ID, Personnel_ID, Delivery_Address_ID) VALUES (23, '2025-01-01 00:47:27', '2025-01-01 01:37:27', '837 Cox Center Apt. 758, Moranstad, NV 15446', 'Service develop game stop.', 'Processing', 20.8, 1.66, 2.95, 6, 2, 1, 15);
INSERT INTO Order_Item (OrderItem_ID, Quantity, MenuItem_ID, Order_ID) VALUES (134, 1, 23, 23);
INSERT INTO Payments (Payment_ID, Order_ID, PaymentMethod_ID, Transaction_ID, Amount, Payment_Status, Timestamp) VALUES (23, 23, 12, '8c357321-4abf-4f5c-8cc7-147ff6e5203c', 25.41, 'Completed', '2025-01-01 01:37:27');
INSERT INTO Orders (Order_ID, Created_At, Delivery_time, Real_time_location, Special_Instructions, Status, OrderItem_Price, Taxes, Delivery_Fee, Customer_ID, Restaurant_ID, Personnel_ID, Delivery_Address_ID) VALUES (24, '2025-04-12 08:37:36', '2025-04-12 09:36:36', '27261 Carr Field, Port Philipmouth, WY 25480', 'Blue increase unit study open sign.', 'Processing', 110.3, 8.82, 4.09, 6, 5, 2, 15);
INSERT INTO Order_Item (OrderItem_ID, Quantity, MenuItem_ID, Order_ID) VALUES (135, 3, 34, 24);
INSERT INTO Order_Item (OrderItem_ID, Quantity, MenuItem_ID, Order_ID) VALUES (136, 1, 8, 24);
INSERT INTO Order_Item (OrderItem_ID, Quantity, MenuItem_ID, Order_ID) VALUES (137, 1, 48, 24);
INSERT INTO Order_Item (OrderItem_ID, Quantity, MenuItem_ID, Order_ID) VALUES (138, 2, 5, 24);
INSERT INTO Order_Item (OrderItem_ID, Quantity, MenuItem_ID, Order_ID) VALUES (139, 2, 31, 24);
INSERT INTO Order_Item (OrderItem_ID, Quantity, MenuItem_ID, Order_ID) VALUES (140, 2, 29, 24);
INSERT INTO Order_Item (OrderItem_ID, Quantity, MenuItem_ID, Order_ID) VALUES (141, 3, 24, 24);
INSERT INTO Payments (Payment_ID, Order_ID, PaymentMethod_ID, Transaction_ID, Amount, Payment_Status, Timestamp) VALUES (24, 24, 12, '96dd6c82-a890-4e31-b517-5f39735444fb', 123.21, 'Completed', '2025-04-12 09:36:36');
INSERT INTO Orders (Order_ID, Created_At, Delivery_time, Real_time_location, Special_Instructions, Status, OrderItem_Price, Taxes, Delivery_Fee, Customer_ID, Restaurant_ID, Personnel_ID, Delivery_Address_ID) VALUES (25, '2025-04-08 21:43:51', '2025-04-08 22:50:51', '80869 Glass Tunnel Apt. 922, South Dianemouth, MS 55376', 'Trouble several event white wife laugh card include.', 'Processing', 15.489999999999998, 1.24, 4.5, 6, 8, 15, 14);
INSERT INTO Order_Item (OrderItem_ID, Quantity, MenuItem_ID, Order_ID) VALUES (142, 3, 21, 25);
INSERT INTO Order_Item (OrderItem_ID, Quantity, MenuItem_ID, Order_ID) VALUES (143, 3, 39, 25);
INSERT INTO Payments (Payment_ID, Order_ID, PaymentMethod_ID, Transaction_ID, Amount, Payment_Status, Timestamp) VALUES (25, 25, 13, '8325bd9e-bf98-4734-a2ed-8686b33422cb', 21.23, 'Completed', '2025-04-08 22:50:51');
INSERT INTO Orders (Order_ID, Created_At, Delivery_time, Real_time_location, Special_Instructions, Status, OrderItem_Price, Taxes, Delivery_Fee, Customer_ID, Restaurant_ID, Personnel_ID, Delivery_Address_ID) VALUES (26, '2025-02-28 01:02:10', '2025-02-28 01:38:10', '833 Claudia Highway Suite 228, Jenniferstad, NJ 76890', 'Wall report purpose throw move there institution.', 'Processing', 116.57, 9.33, 3.66, 6, 7, 20, 16);
INSERT INTO Order_Item (OrderItem_ID, Quantity, MenuItem_ID, Order_ID) VALUES (144, 2, 33, 26);
INSERT INTO Order_Item (OrderItem_ID, Quantity, MenuItem_ID, Order_ID) VALUES (145, 2, 39, 26);
INSERT INTO Order_Item (OrderItem_ID, Quantity, MenuItem_ID, Order_ID) VALUES (146, 2, 28, 26);
INSERT INTO Order_Item (OrderItem_ID, Quantity, MenuItem_ID, Order_ID) VALUES (147, 3, 7, 26);
INSERT INTO Order_Item (OrderItem_ID, Quantity, MenuItem_ID, Order_ID) VALUES (148, 2, 51, 26);
INSERT INTO Order_Item (OrderItem_ID, Quantity, MenuItem_ID, Order_ID) VALUES (149, 2, 45, 26);
INSERT INTO Order_Item (OrderItem_ID, Quantity, MenuItem_ID, Order_ID) VALUES (150, 1, 8, 26);
INSERT INTO Order_Item (OrderItem_ID, Quantity, MenuItem_ID, Order_ID) VALUES (151, 3, 42, 26);
INSERT INTO Payments (Payment_ID, Order_ID, PaymentMethod_ID, Transaction_ID, Amount, Payment_Status, Timestamp) VALUES (26, 26, 13, '06783c34-1b41-461e-85d1-a1ef0344edb3', 129.56, 'Completed', '2025-02-28 01:38:10');
INSERT INTO Orders (Order_ID, Created_At, Delivery_time, Real_time_location, Special_Instructions, Status, OrderItem_Price, Taxes, Delivery_Fee, Customer_ID, Restaurant_ID, Personnel_ID, Delivery_Address_ID) VALUES (27, '2025-03-15 22:59:03', '2025-03-15 23:32:03', '42442 Hannah Hill, Port Amber, NV 13933', 'Test science ten score night down six sometimes.', 'Processing', 32.34, 2.59, 2.52, 6, 2, 3, 14);
INSERT INTO Order_Item (OrderItem_ID, Quantity, MenuItem_ID, Order_ID) VALUES (152, 3, 28, 27);
INSERT INTO Order_Item (OrderItem_ID, Quantity, MenuItem_ID, Order_ID) VALUES (153, 3, 7, 27);
INSERT INTO Payments (Payment_ID, Order_ID, PaymentMethod_ID, Transaction_ID, Amount, Payment_Status, Timestamp) VALUES (27, 27, 14, '0c06df90-aa1c-4023-b164-423549a2afde', 37.45, 'Completed', '2025-03-15 23:32:03');
INSERT INTO Orders (Order_ID, Created_At, Delivery_time, Real_time_location, Special_Instructions, Status, OrderItem_Price, Taxes, Delivery_Fee, Customer_ID, Restaurant_ID, Personnel_ID, Delivery_Address_ID) VALUES (28, '2025-03-16 02:18:14', '2025-03-16 03:42:14', '004 Christine Tunnel Suite 359, Port Jenny, LA 59328', 'Work avoid while same.', 'Processing', 82.46, 6.6, 2.43, 6, 6, 4, 17);
INSERT INTO Order_Item (OrderItem_ID, Quantity, MenuItem_ID, Order_ID) VALUES (154, 3, 43, 28);
INSERT INTO Order_Item (OrderItem_ID, Quantity, MenuItem_ID, Order_ID) VALUES (155, 2, 49, 28);
INSERT INTO Order_Item (OrderItem_ID, Quantity, MenuItem_ID, Order_ID) VALUES (156, 1, 28, 28);
INSERT INTO Order_Item (OrderItem_ID, Quantity, MenuItem_ID, Order_ID) VALUES (157, 2, 47, 28);
INSERT INTO Order_Item (OrderItem_ID, Quantity, MenuItem_ID, Order_ID) VALUES (158, 3, 4, 28);
INSERT INTO Order_Item (OrderItem_ID, Quantity, MenuItem_ID, Order_ID) VALUES (159, 1, 19, 28);
INSERT INTO Payments (Payment_ID, Order_ID, PaymentMethod_ID, Transaction_ID, Amount, Payment_Status, Timestamp) VALUES (28, 28, 13, '6db2b020-0a67-4143-a090-103c1e8df8ad', 91.49, 'Completed', '2025-03-16 03:42:14');
INSERT INTO Orders (Order_ID, Created_At, Delivery_time, Real_time_location, Special_Instructions, Status, OrderItem_Price, Taxes, Delivery_Fee, Customer_ID, Restaurant_ID, Personnel_ID, Delivery_Address_ID) VALUES (29, '2025-02-24 04:45:26', '2025-02-24 05:25:26', '94057 Bill Islands, Port Sarahport, WY 75562', 'Group six fish detail contain attention measure.', 'Processing', 132.29, 10.58, 3.81, 7, 10, 20, 18);
INSERT INTO Order_Item (OrderItem_ID, Quantity, MenuItem_ID, Order_ID) VALUES (160, 2, 43, 29);
INSERT INTO Order_Item (OrderItem_ID, Quantity, MenuItem_ID, Order_ID) VALUES (161, 2, 54, 29);
INSERT INTO Order_Item (OrderItem_ID, Quantity, MenuItem_ID, Order_ID) VALUES (162, 3, 45, 29);
INSERT INTO Order_Item (OrderItem_ID, Quantity, MenuItem_ID, Order_ID) VALUES (163, 2, 18, 29);
INSERT INTO Order_Item (OrderItem_ID, Quantity, MenuItem_ID, Order_ID) VALUES (164, 3, 2, 29);
INSERT INTO Order_Item (OrderItem_ID, Quantity, MenuItem_ID, Order_ID) VALUES (165, 3, 12, 29);
INSERT INTO Order_Item (OrderItem_ID, Quantity, MenuItem_ID, Order_ID) VALUES (166, 1, 52, 29);
INSERT INTO Order_Item (OrderItem_ID, Quantity, MenuItem_ID, Order_ID) VALUES (167, 1, 53, 29);
INSERT INTO Order_Item (OrderItem_ID, Quantity, MenuItem_ID, Order_ID) VALUES (168, 1, 20, 29);
INSERT INTO Order_Item (OrderItem_ID, Quantity, MenuItem_ID, Order_ID) VALUES (169, 1, 22, 29);
INSERT INTO Payments (Payment_ID, Order_ID, PaymentMethod_ID, Transaction_ID, Amount, Payment_Status, Timestamp) VALUES (29, 29, 15, '67465743-897b-403d-8b07-4d1a6a7a7841', 146.68, 'Completed', '2025-02-24 05:25:26');
INSERT INTO Orders (Order_ID, Created_At, Delivery_time, Real_time_location, Special_Instructions, Status, OrderItem_Price, Taxes, Delivery_Fee, Customer_ID, Restaurant_ID, Personnel_ID, Delivery_Address_ID) VALUES (30, '2025-01-18 20:29:50', '2025-01-18 21:37:50', '555 Robinson Terrace, Barajastown, TN 45852', 'Drive politics truth during always those high.', 'Processing', 96.49999999999999, 7.72, 2.88, 7, 2, 9, 18);
INSERT INTO Order_Item (OrderItem_ID, Quantity, MenuItem_ID, Order_ID) VALUES (170, 1, 32, 30);
INSERT INTO Order_Item (OrderItem_ID, Quantity, MenuItem_ID, Order_ID) VALUES (171, 1, 39, 30);
INSERT INTO Order_Item (OrderItem_ID, Quantity, MenuItem_ID, Order_ID) VALUES (172, 1, 29, 30);
INSERT INTO Order_Item (OrderItem_ID, Quantity, MenuItem_ID, Order_ID) VALUES (173, 2, 27, 30);
INSERT INTO Order_Item (OrderItem_ID, Quantity, MenuItem_ID, Order_ID) VALUES (174, 1, 18, 30);
INSERT INTO Order_Item (OrderItem_ID, Quantity, MenuItem_ID, Order_ID) VALUES (175, 1, 14, 30);
INSERT INTO Order_Item (OrderItem_ID, Quantity, MenuItem_ID, Order_ID) VALUES (176, 2, 49, 30);
INSERT INTO Payments (Payment_ID, Order_ID, PaymentMethod_ID, Transaction_ID, Amount, Payment_Status, Timestamp) VALUES (30, 30, 16, '62c8c3f4-1d06-449e-b1ea-b64acbd431cc', 107.1, 'Completed', '2025-01-18 21:37:50');
INSERT INTO Orders (Order_ID, Created_At, Delivery_time, Real_time_location, Special_Instructions, Status, OrderItem_Price, Taxes, Delivery_Fee, Customer_ID, Restaurant_ID, Personnel_ID, Delivery_Address_ID) VALUES (31, '2025-02-19 19:47:55', '2025-02-19 20:53:55', '85887 Williams Run Apt. 581, East Teresaside, AL 82674', 'Decision picture defense rate.', 'Processing', 121.11999999999999, 9.69, 5.45, 7, 6, 4, 18);
INSERT INTO Order_Item (OrderItem_ID, Quantity, MenuItem_ID, Order_ID) VALUES (177, 2, 48, 31);
INSERT INTO Order_Item (OrderItem_ID, Quantity, MenuItem_ID, Order_ID) VALUES (178, 3, 28, 31);
INSERT INTO Order_Item (OrderItem_ID, Quantity, MenuItem_ID, Order_ID) VALUES (179, 2, 12, 31);
INSERT INTO Order_Item (OrderItem_ID, Quantity, MenuItem_ID, Order_ID) VALUES (180, 3, 9, 31);
INSERT INTO Order_Item (OrderItem_ID, Quantity, MenuItem_ID, Order_ID) VALUES (181, 3, 25, 31);
INSERT INTO Order_Item (OrderItem_ID, Quantity, MenuItem_ID, Order_ID) VALUES (182, 2, 35, 31);
INSERT INTO Order_Item (OrderItem_ID, Quantity, MenuItem_ID, Order_ID) VALUES (183, 2, 46, 31);
INSERT INTO Order_Item (OrderItem_ID, Quantity, MenuItem_ID, Order_ID) VALUES (184, 1, 15, 31);
INSERT INTO Payments (Payment_ID, Order_ID, PaymentMethod_ID, Transaction_ID, Amount, Payment_Status, Timestamp) VALUES (31, 31, 16, '89aa4293-34a0-4cd4-9a9a-f29ed5ee2587', 136.26, 'Completed', '2025-02-19 20:53:55');
INSERT INTO Orders (Order_ID, Created_At, Delivery_time, Real_time_location, Special_Instructions, Status, OrderItem_Price, Taxes, Delivery_Fee, Customer_ID, Restaurant_ID, Personnel_ID, Delivery_Address_ID) VALUES (32, '2025-05-17 11:01:08', '2025-05-17 11:53:08', '120 Love Camp Apt. 102, Angelashire, IN 34402', 'Hold picture item admit pull movement.', 'Processing', 140.6, 11.25, 5.1, 7, 1, 11, 18);
INSERT INTO Order_Item (OrderItem_ID, Quantity, MenuItem_ID, Order_ID) VALUES (185, 3, 30, 32);
INSERT INTO Order_Item (OrderItem_ID, Quantity, MenuItem_ID, Order_ID) VALUES (186, 3, 54, 32);
INSERT INTO Order_Item (OrderItem_ID, Quantity, MenuItem_ID, Order_ID) VALUES (187, 1, 45, 32);
INSERT INTO Order_Item (OrderItem_ID, Quantity, MenuItem_ID, Order_ID) VALUES (188, 1, 24, 32);
INSERT INTO Order_Item (OrderItem_ID, Quantity, MenuItem_ID, Order_ID) VALUES (189, 1, 6, 32);
INSERT INTO Order_Item (OrderItem_ID, Quantity, MenuItem_ID, Order_ID) VALUES (190, 1, 28, 32);
INSERT INTO Order_Item (OrderItem_ID, Quantity, MenuItem_ID, Order_ID) VALUES (191, 2, 7, 32);
INSERT INTO Order_Item (OrderItem_ID, Quantity, MenuItem_ID, Order_ID) VALUES (192, 1, 16, 32);
INSERT INTO Order_Item (OrderItem_ID, Quantity, MenuItem_ID, Order_ID) VALUES (193, 1, 50, 32);
INSERT INTO Order_Item (OrderItem_ID, Quantity, MenuItem_ID, Order_ID) VALUES (194, 3, 38, 32);
INSERT INTO Payments (Payment_ID, Order_ID, PaymentMethod_ID, Transaction_ID, Amount, Payment_Status, Timestamp) VALUES (32, 32, 15, '103056b7-9e4c-44dd-b864-a47ba43447fb', 156.95, 'Completed', '2025-05-17 11:53:08');
INSERT INTO Orders (Order_ID, Created_At, Delivery_time, Real_time_location, Special_Instructions, Status, OrderItem_Price, Taxes, Delivery_Fee, Customer_ID, Restaurant_ID, Personnel_ID, Delivery_Address_ID) VALUES (33, '2025-04-24 17:07:52', '2025-04-24 17:40:52', '8144 Juan Mill, Fostertown, GA 70423', 'Carry hospital something nation whether.', 'Processing', 114.31000000000002, 9.14, 3.1, 7, 2, 6, 18);
INSERT INTO Order_Item (OrderItem_ID, Quantity, MenuItem_ID, Order_ID) VALUES (195, 2, 49, 33);
INSERT INTO Order_Item (OrderItem_ID, Quantity, MenuItem_ID, Order_ID) VALUES (196, 3, 37, 33);
INSERT INTO Order_Item (OrderItem_ID, Quantity, MenuItem_ID, Order_ID) VALUES (197, 1, 55, 33);
INSERT INTO Order_Item (OrderItem_ID, Quantity, MenuItem_ID, Order_ID) VALUES (198, 2, 38, 33);
INSERT INTO Order_Item (OrderItem_ID, Quantity, MenuItem_ID, Order_ID) VALUES (199, 2, 29, 33);
INSERT INTO Order_Item (OrderItem_ID, Quantity, MenuItem_ID, Order_ID) VALUES (200, 2, 44, 33);
INSERT INTO Order_Item (OrderItem_ID, Quantity, MenuItem_ID, Order_ID) VALUES (201, 1, 54, 33);
INSERT INTO Order_Item (OrderItem_ID, Quantity, MenuItem_ID, Order_ID) VALUES (202, 1, 42, 33);
INSERT INTO Payments (Payment_ID, Order_ID, PaymentMethod_ID, Transaction_ID, Amount, Payment_Status, Timestamp) VALUES (33, 33, 16, 'e310ff72-ad62-4094-8c4d-6e4024e2226c', 126.55, 'Completed', '2025-04-24 17:40:52');
INSERT INTO Orders (Order_ID, Created_At, Delivery_time, Real_time_location, Special_Instructions, Status, OrderItem_Price, Taxes, Delivery_Fee, Customer_ID, Restaurant_ID, Personnel_ID, Delivery_Address_ID) VALUES (34, '2025-05-06 19:37:19', '2025-05-06 20:22:19', '821 Adam Ranch, Medinaland, IL 98581', 'Deep town surface central contain pattern.', 'Processing', 134.54000000000002, 10.76, 2.69, 7, 5, 3, 18);
INSERT INTO Order_Item (OrderItem_ID, Quantity, MenuItem_ID, Order_ID) VALUES (203, 3, 39, 34);
INSERT INTO Order_Item (OrderItem_ID, Quantity, MenuItem_ID, Order_ID) VALUES (204, 2, 33, 34);
INSERT INTO Order_Item (OrderItem_ID, Quantity, MenuItem_ID, Order_ID) VALUES (205, 2, 25, 34);
INSERT INTO Order_Item (OrderItem_ID, Quantity, MenuItem_ID, Order_ID) VALUES (206, 3, 30, 34);
INSERT INTO Order_Item (OrderItem_ID, Quantity, MenuItem_ID, Order_ID) VALUES (207, 3, 38, 34);
INSERT INTO Order_Item (OrderItem_ID, Quantity, MenuItem_ID, Order_ID) VALUES (208, 3, 36, 34);
INSERT INTO Order_Item (OrderItem_ID, Quantity, MenuItem_ID, Order_ID) VALUES (209, 1, 48, 34);
INSERT INTO Order_Item (OrderItem_ID, Quantity, MenuItem_ID, Order_ID) VALUES (210, 2, 3, 34);
INSERT INTO Order_Item (OrderItem_ID, Quantity, MenuItem_ID, Order_ID) VALUES (211, 2, 29, 34);
INSERT INTO Order_Item (OrderItem_ID, Quantity, MenuItem_ID, Order_ID) VALUES (212, 2, 37, 34);
INSERT INTO Payments (Payment_ID, Order_ID, PaymentMethod_ID, Transaction_ID, Amount, Payment_Status, Timestamp) VALUES (34, 34, 16, '2e6d7a04-1d57-4734-b1bf-5cf640b3af7c', 147.99, 'Completed', '2025-05-06 20:22:19');
INSERT INTO Orders (Order_ID, Created_At, Delivery_time, Real_time_location, Special_Instructions, Status, OrderItem_Price, Taxes, Delivery_Fee, Customer_ID, Restaurant_ID, Personnel_ID, Delivery_Address_ID) VALUES (35, '2025-05-11 06:59:01', '2025-05-11 07:38:01', '781 Powers Glen, East Jessicafort, MI 17306', 'Beyond people too fish late.', 'Processing', 105.55, 8.44, 4.33, 7, 7, 11, 18);
INSERT INTO Order_Item (OrderItem_ID, Quantity, MenuItem_ID, Order_ID) VALUES (213, 2, 5, 35);
INSERT INTO Order_Item (OrderItem_ID, Quantity, MenuItem_ID, Order_ID) VALUES (214, 2, 22, 35);
INSERT INTO Order_Item (OrderItem_ID, Quantity, MenuItem_ID, Order_ID) VALUES (215, 3, 7, 35);
INSERT INTO Order_Item (OrderItem_ID, Quantity, MenuItem_ID, Order_ID) VALUES (216, 3, 36, 35);
INSERT INTO Order_Item (OrderItem_ID, Quantity, MenuItem_ID, Order_ID) VALUES (217, 3, 44, 35);
INSERT INTO Order_Item (OrderItem_ID, Quantity, MenuItem_ID, Order_ID) VALUES (218, 2, 25, 35);
INSERT INTO Payments (Payment_ID, Order_ID, PaymentMethod_ID, Transaction_ID, Amount, Payment_Status, Timestamp) VALUES (35, 35, 15, 'b18678ce-4e40-4fba-a8cf-e5899dc89e1a', 118.32, 'Completed', '2025-05-11 07:38:01');
INSERT INTO Orders (Order_ID, Created_At, Delivery_time, Real_time_location, Special_Instructions, Status, OrderItem_Price, Taxes, Delivery_Fee, Customer_ID, Restaurant_ID, Personnel_ID, Delivery_Address_ID) VALUES (36, '2025-04-24 10:25:45', '2025-04-24 11:03:45', '6205 Kristen Station Suite 452, Nataliemouth, MI 40539', 'Necessary compare parent success teach cause Mrs.', 'Processing', 136.41, 10.91, 2.77, 7, 10, 3, 18);
INSERT INTO Order_Item (OrderItem_ID, Quantity, MenuItem_ID, Order_ID) VALUES (219, 1, 25, 36);
INSERT INTO Order_Item (OrderItem_ID, Quantity, MenuItem_ID, Order_ID) VALUES (220, 1, 42, 36);
INSERT INTO Order_Item (OrderItem_ID, Quantity, MenuItem_ID, Order_ID) VALUES (221, 2, 51, 36);
INSERT INTO Order_Item (OrderItem_ID, Quantity, MenuItem_ID, Order_ID) VALUES (222, 1, 22, 36);
INSERT INTO Order_Item (OrderItem_ID, Quantity, MenuItem_ID, Order_ID) VALUES (223, 3, 9, 36);
INSERT INTO Order_Item (OrderItem_ID, Quantity, MenuItem_ID, Order_ID) VALUES (224, 3, 43, 36);
INSERT INTO Order_Item (OrderItem_ID, Quantity, MenuItem_ID, Order_ID) VALUES (225, 3, 45, 36);
INSERT INTO Order_Item (OrderItem_ID, Quantity, MenuItem_ID, Order_ID) VALUES (226, 3, 48, 36);
INSERT INTO Order_Item (OrderItem_ID, Quantity, MenuItem_ID, Order_ID) VALUES (227, 1, 44, 36);
INSERT INTO Payments (Payment_ID, Order_ID, PaymentMethod_ID, Transaction_ID, Amount, Payment_Status, Timestamp) VALUES (36, 36, 16, 'a06a187d-e2e6-47a6-bbc9-94734363589c', 150.09, 'Completed', '2025-04-24 11:03:45');
INSERT INTO Orders (Order_ID, Created_At, Delivery_time, Real_time_location, Special_Instructions, Status, OrderItem_Price, Taxes, Delivery_Fee, Customer_ID, Restaurant_ID, Personnel_ID, Delivery_Address_ID) VALUES (37, '2025-01-15 20:20:25', '2025-01-15 20:52:25', '099 Hammond Forest, New Jorgeside, SD 19982', 'Hotel through operation tax card may.', 'Processing', 59.39999999999999, 4.75, 4.88, 7, 10, 5, 18);
INSERT INTO Order_Item (OrderItem_ID, Quantity, MenuItem_ID, Order_ID) VALUES (228, 2, 11, 37);
INSERT INTO Order_Item (OrderItem_ID, Quantity, MenuItem_ID, Order_ID) VALUES (229, 2, 12, 37);
INSERT INTO Order_Item (OrderItem_ID, Quantity, MenuItem_ID, Order_ID) VALUES (230, 3, 54, 37);
INSERT INTO Payments (Payment_ID, Order_ID, PaymentMethod_ID, Transaction_ID, Amount, Payment_Status, Timestamp) VALUES (37, 37, 15, '808e08d2-5d26-4b1b-a593-b659172e8c68', 69.03, 'Completed', '2025-01-15 20:52:25');
INSERT INTO Orders (Order_ID, Created_At, Delivery_time, Real_time_location, Special_Instructions, Status, OrderItem_Price, Taxes, Delivery_Fee, Customer_ID, Restaurant_ID, Personnel_ID, Delivery_Address_ID) VALUES (38, '2025-01-03 01:21:38', '2025-01-03 02:29:38', '272 Ashley Port, Lake Jessica, AZ 29182', 'Discussion enough doctor protect military social hold.', 'Processing', 126.41000000000001, 10.11, 2.8, 8, 10, 10, 21);
INSERT INTO Order_Item (OrderItem_ID, Quantity, MenuItem_ID, Order_ID) VALUES (231, 1, 15, 38);
INSERT INTO Order_Item (OrderItem_ID, Quantity, MenuItem_ID, Order_ID) VALUES (232, 2, 35, 38);
INSERT INTO Order_Item (OrderItem_ID, Quantity, MenuItem_ID, Order_ID) VALUES (233, 1, 16, 38);
INSERT INTO Order_Item (OrderItem_ID, Quantity, MenuItem_ID, Order_ID) VALUES (234, 3, 20, 38);
INSERT INTO Order_Item (OrderItem_ID, Quantity, MenuItem_ID, Order_ID) VALUES (235, 2, 51, 38);
INSERT INTO Order_Item (OrderItem_ID, Quantity, MenuItem_ID, Order_ID) VALUES (236, 2, 31, 38);
INSERT INTO Order_Item (OrderItem_ID, Quantity, MenuItem_ID, Order_ID) VALUES (237, 3, 13, 38);
INSERT INTO Order_Item (OrderItem_ID, Quantity, MenuItem_ID, Order_ID) VALUES (238, 1, 24, 38);
INSERT INTO Payments (Payment_ID, Order_ID, PaymentMethod_ID, Transaction_ID, Amount, Payment_Status, Timestamp) VALUES (38, 38, 17, '0be3534a-e1ad-440c-b463-835eeafb9f20', 139.32, 'Completed', '2025-01-03 02:29:38');
INSERT INTO Orders (Order_ID, Created_At, Delivery_time, Real_time_location, Special_Instructions, Status, OrderItem_Price, Taxes, Delivery_Fee, Customer_ID, Restaurant_ID, Personnel_ID, Delivery_Address_ID) VALUES (39, '2025-01-08 17:58:09', '2025-01-08 18:53:09', 'Unit 5184 Box 4989, DPO AE 49870', 'Half president structure might heavy trade.', 'Processing', 97.67, 7.81, 3.66, 8, 5, 3, 19);
INSERT INTO Order_Item (OrderItem_ID, Quantity, MenuItem_ID, Order_ID) VALUES (239, 3, 29, 39);
INSERT INTO Order_Item (OrderItem_ID, Quantity, MenuItem_ID, Order_ID) VALUES (240, 2, 33, 39);
INSERT INTO Order_Item (OrderItem_ID, Quantity, MenuItem_ID, Order_ID) VALUES (241, 1, 10, 39);
INSERT INTO Order_Item (OrderItem_ID, Quantity, MenuItem_ID, Order_ID) VALUES (242, 2, 54, 39);
INSERT INTO Order_Item (OrderItem_ID, Quantity, MenuItem_ID, Order_ID) VALUES (243, 1, 28, 39);
INSERT INTO Payments (Payment_ID, Order_ID, PaymentMethod_ID, Transaction_ID, Amount, Payment_Status, Timestamp) VALUES (39, 39, 18, 'd1366db1-5a57-4607-a7e5-46468430f0fa', 109.14, 'Completed', '2025-01-08 18:53:09');
INSERT INTO Orders (Order_ID, Created_At, Delivery_time, Real_time_location, Special_Instructions, Status, OrderItem_Price, Taxes, Delivery_Fee, Customer_ID, Restaurant_ID, Personnel_ID, Delivery_Address_ID) VALUES (40, '2025-03-08 23:58:01', '2025-03-09 00:46:01', '082 Martin Club Suite 322, West Carolyn, DE 87153', 'Increase form box push look.', 'Processing', 38.83, 3.11, 2.55, 8, 4, 1, 20);
INSERT INTO Order_Item (OrderItem_ID, Quantity, MenuItem_ID, Order_ID) VALUES (244, 2, 54, 40);
INSERT INTO Order_Item (OrderItem_ID, Quantity, MenuItem_ID, Order_ID) VALUES (245, 3, 46, 40);
INSERT INTO Payments (Payment_ID, Order_ID, PaymentMethod_ID, Transaction_ID, Amount, Payment_Status, Timestamp) VALUES (40, 40, 17, 'd5576899-a5b2-47ea-a947-6f54973e129c', 44.49, 'Completed', '2025-03-09 00:46:01');
INSERT INTO Orders (Order_ID, Created_At, Delivery_time, Real_time_location, Special_Instructions, Status, OrderItem_Price, Taxes, Delivery_Fee, Customer_ID, Restaurant_ID, Personnel_ID, Delivery_Address_ID) VALUES (41, '2025-03-21 18:55:44', '2025-03-21 19:34:44', '99228 Patricia Drive, East Jonathanburgh, MO 79059', 'Point these road start water describe paper.', 'Processing', 5.38, 0.43, 2.86, 8, 8, 15, 21);
INSERT INTO Order_Item (OrderItem_ID, Quantity, MenuItem_ID, Order_ID) VALUES (246, 3, 6, 41);
INSERT INTO Payments (Payment_ID, Order_ID, PaymentMethod_ID, Transaction_ID, Amount, Payment_Status, Timestamp) VALUES (41, 41, 18, '2baa43c9-7b4e-4ecd-9e07-87b178ae8d5d', 8.67, 'Completed', '2025-03-21 19:34:44');
INSERT INTO Orders (Order_ID, Created_At, Delivery_time, Real_time_location, Special_Instructions, Status, OrderItem_Price, Taxes, Delivery_Fee, Customer_ID, Restaurant_ID, Personnel_ID, Delivery_Address_ID) VALUES (42, '2025-02-12 14:18:34', '2025-02-12 15:20:34', '298 Jackson Spur, Sandrashire, IN 50073', 'Car admit mission training range step.', 'Processing', 82.27000000000001, 6.58, 2.07, 8, 2, 10, 19);
INSERT INTO Order_Item (OrderItem_ID, Quantity, MenuItem_ID, Order_ID) VALUES (247, 3, 8, 42);
INSERT INTO Order_Item (OrderItem_ID, Quantity, MenuItem_ID, Order_ID) VALUES (248, 1, 4, 42);
INSERT INTO Order_Item (OrderItem_ID, Quantity, MenuItem_ID, Order_ID) VALUES (249, 3, 16, 42);
INSERT INTO Order_Item (OrderItem_ID, Quantity, MenuItem_ID, Order_ID) VALUES (250, 1, 27, 42);
INSERT INTO Order_Item (OrderItem_ID, Quantity, MenuItem_ID, Order_ID) VALUES (251, 2, 41, 42);
INSERT INTO Payments (Payment_ID, Order_ID, PaymentMethod_ID, Transaction_ID, Amount, Payment_Status, Timestamp) VALUES (42, 42, 18, '79d29001-2d6b-4a4e-98a7-06099b02c535', 90.92, 'Completed', '2025-02-12 15:20:34');
INSERT INTO Orders (Order_ID, Created_At, Delivery_time, Real_time_location, Special_Instructions, Status, OrderItem_Price, Taxes, Delivery_Fee, Customer_ID, Restaurant_ID, Personnel_ID, Delivery_Address_ID) VALUES (43, '2025-04-30 08:56:02', '2025-04-30 10:16:02', '72980 Boyd Land, Lake Alyssabury, NJ 50470', 'Open scientist seven recent best care.', 'Processing', 70.11, 5.61, 4.18, 8, 1, 20, 20);
INSERT INTO Order_Item (OrderItem_ID, Quantity, MenuItem_ID, Order_ID) VALUES (252, 3, 37, 43);
INSERT INTO Order_Item (OrderItem_ID, Quantity, MenuItem_ID, Order_ID) VALUES (253, 3, 27, 43);
INSERT INTO Order_Item (OrderItem_ID, Quantity, MenuItem_ID, Order_ID) VALUES (254, 1, 12, 43);
INSERT INTO Order_Item (OrderItem_ID, Quantity, MenuItem_ID, Order_ID) VALUES (255, 2, 43, 43);
INSERT INTO Payments (Payment_ID, Order_ID, PaymentMethod_ID, Transaction_ID, Amount, Payment_Status, Timestamp) VALUES (43, 43, 18, 'e8fb5a96-3b85-46e1-840f-54057a25ed81', 79.9, 'Completed', '2025-04-30 10:16:02');
INSERT INTO Orders (Order_ID, Created_At, Delivery_time, Real_time_location, Special_Instructions, Status, OrderItem_Price, Taxes, Delivery_Fee, Customer_ID, Restaurant_ID, Personnel_ID, Delivery_Address_ID) VALUES (44, '2025-01-17 06:37:05', '2025-01-17 07:09:05', '3009 April Lane Apt. 565, East Ronaldshire, KS 70769', 'North partner yeah however data need.', 'Processing', 89.26, 7.14, 3.33, 8, 1, 13, 20);
INSERT INTO Order_Item (OrderItem_ID, Quantity, MenuItem_ID, Order_ID) VALUES (256, 2, 48, 44);
INSERT INTO Order_Item (OrderItem_ID, Quantity, MenuItem_ID, Order_ID) VALUES (257, 3, 2, 44);
INSERT INTO Order_Item (OrderItem_ID, Quantity, MenuItem_ID, Order_ID) VALUES (258, 2, 23, 44);
INSERT INTO Order_Item (OrderItem_ID, Quantity, MenuItem_ID, Order_ID) VALUES (259, 3, 51, 44);
INSERT INTO Order_Item (OrderItem_ID, Quantity, MenuItem_ID, Order_ID) VALUES (260, 1, 5, 44);
INSERT INTO Payments (Payment_ID, Order_ID, PaymentMethod_ID, Transaction_ID, Amount, Payment_Status, Timestamp) VALUES (44, 44, 18, '5ec646eb-2dc0-4158-bb83-01cf8ebc6d7e', 99.73, 'Completed', '2025-01-17 07:09:05');
INSERT INTO Orders (Order_ID, Created_At, Delivery_time, Real_time_location, Special_Instructions, Status, OrderItem_Price, Taxes, Delivery_Fee, Customer_ID, Restaurant_ID, Personnel_ID, Delivery_Address_ID) VALUES (45, '2025-04-19 13:33:57', '2025-04-19 14:53:57', '9562 Julie Mission Apt. 138, Hartmanside, UT 90228', 'Claim who accept.', 'Processing', 29.61, 2.37, 2.81, 8, 8, 6, 19);
INSERT INTO Order_Item (OrderItem_ID, Quantity, MenuItem_ID, Order_ID) VALUES (261, 1, 46, 45);
INSERT INTO Order_Item (OrderItem_ID, Quantity, MenuItem_ID, Order_ID) VALUES (262, 1, 50, 45);
INSERT INTO Payments (Payment_ID, Order_ID, PaymentMethod_ID, Transaction_ID, Amount, Payment_Status, Timestamp) VALUES (45, 45, 18, '78bf46fa-2534-4e85-92c0-dec2175194d7', 34.79, 'Completed', '2025-04-19 14:53:57');
INSERT INTO Orders (Order_ID, Created_At, Delivery_time, Real_time_location, Special_Instructions, Status, OrderItem_Price, Taxes, Delivery_Fee, Customer_ID, Restaurant_ID, Personnel_ID, Delivery_Address_ID) VALUES (46, '2025-04-27 13:20:47', '2025-04-27 14:46:47', '3519 Jenny Locks, Jenniferton, HI 84425', 'Keep cut prevent sound experience almost outside.', 'Processing', 74.21, 5.94, 3.47, 9, 9, 13, 23);
INSERT INTO Order_Item (OrderItem_ID, Quantity, MenuItem_ID, Order_ID) VALUES (263, 2, 3, 46);
INSERT INTO Order_Item (OrderItem_ID, Quantity, MenuItem_ID, Order_ID) VALUES (264, 3, 49, 46);
INSERT INTO Order_Item (OrderItem_ID, Quantity, MenuItem_ID, Order_ID) VALUES (265, 2, 42, 46);
INSERT INTO Order_Item (OrderItem_ID, Quantity, MenuItem_ID, Order_ID) VALUES (266, 2, 13, 46);
INSERT INTO Order_Item (OrderItem_ID, Quantity, MenuItem_ID, Order_ID) VALUES (267, 2, 19, 46);
INSERT INTO Payments (Payment_ID, Order_ID, PaymentMethod_ID, Transaction_ID, Amount, Payment_Status, Timestamp) VALUES (46, 46, 19, '9d7d1756-3b4e-49f5-b2cd-9a0a840c5cb0', 83.62, 'Completed', '2025-04-27 14:46:47');
INSERT INTO Orders (Order_ID, Created_At, Delivery_time, Real_time_location, Special_Instructions, Status, OrderItem_Price, Taxes, Delivery_Fee, Customer_ID, Restaurant_ID, Personnel_ID, Delivery_Address_ID) VALUES (47, '2025-02-02 21:50:51', '2025-02-02 23:15:51', '02146 Caldwell Lodge Apt. 801, New Justinside, OR 46126', 'White everybody paper create upon offer.', 'Processing', 124.67999999999999, 9.97, 2.17, 9, 8, 16, 23);
INSERT INTO Order_Item (OrderItem_ID, Quantity, MenuItem_ID, Order_ID) VALUES (268, 2, 18, 47);
INSERT INTO Order_Item (OrderItem_ID, Quantity, MenuItem_ID, Order_ID) VALUES (269, 3, 52, 47);
INSERT INTO Order_Item (OrderItem_ID, Quantity, MenuItem_ID, Order_ID) VALUES (270, 2, 6, 47);
INSERT INTO Order_Item (OrderItem_ID, Quantity, MenuItem_ID, Order_ID) VALUES (271, 2, 47, 47);
INSERT INTO Order_Item (OrderItem_ID, Quantity, MenuItem_ID, Order_ID) VALUES (272, 3, 28, 47);
INSERT INTO Order_Item (OrderItem_ID, Quantity, MenuItem_ID, Order_ID) VALUES (273, 1, 53, 47);
INSERT INTO Order_Item (OrderItem_ID, Quantity, MenuItem_ID, Order_ID) VALUES (274, 1, 51, 47);
INSERT INTO Order_Item (OrderItem_ID, Quantity, MenuItem_ID, Order_ID) VALUES (275, 3, 39, 47);
INSERT INTO Order_Item (OrderItem_ID, Quantity, MenuItem_ID, Order_ID) VALUES (276, 3, 12, 47);
INSERT INTO Payments (Payment_ID, Order_ID, PaymentMethod_ID, Transaction_ID, Amount, Payment_Status, Timestamp) VALUES (47, 47, 20, '8198d1f5-6839-498f-accf-147242d7f112', 136.82, 'Completed', '2025-02-02 23:15:51');
INSERT INTO Orders (Order_ID, Created_At, Delivery_time, Real_time_location, Special_Instructions, Status, OrderItem_Price, Taxes, Delivery_Fee, Customer_ID, Restaurant_ID, Personnel_ID, Delivery_Address_ID) VALUES (48, '2025-01-21 16:09:45', '2025-01-21 17:07:45', '1848 Benson Lane Suite 357, Mosleytown, DE 34293', 'Him small detail red.', 'Processing', 21.97, 1.76, 4.71, 9, 6, 17, 22);
INSERT INTO Order_Item (OrderItem_ID, Quantity, MenuItem_ID, Order_ID) VALUES (277, 1, 10, 48);
INSERT INTO Payments (Payment_ID, Order_ID, PaymentMethod_ID, Transaction_ID, Amount, Payment_Status, Timestamp) VALUES (48, 48, 19, 'f49816ad-6994-4f84-90d3-ba03ccd7608f', 28.44, 'Completed', '2025-01-21 17:07:45');
INSERT INTO Orders (Order_ID, Created_At, Delivery_time, Real_time_location, Special_Instructions, Status, OrderItem_Price, Taxes, Delivery_Fee, Customer_ID, Restaurant_ID, Personnel_ID, Delivery_Address_ID) VALUES (49, '2025-03-10 13:32:52', '2025-03-10 14:19:52', '434 Raymond Summit, Charlesburgh, MD 46839', 'Thus especially water raise travel.', 'Processing', 66.93, 5.35, 3.26, 9, 2, 8, 23);
INSERT INTO Order_Item (OrderItem_ID, Quantity, MenuItem_ID, Order_ID) VALUES (278, 1, 25, 49);
INSERT INTO Order_Item (OrderItem_ID, Quantity, MenuItem_ID, Order_ID) VALUES (279, 1, 37, 49);
INSERT INTO Order_Item (OrderItem_ID, Quantity, MenuItem_ID, Order_ID) VALUES (280, 1, 3, 49);
INSERT INTO Order_Item (OrderItem_ID, Quantity, MenuItem_ID, Order_ID) VALUES (281, 3, 39, 49);
INSERT INTO Order_Item (OrderItem_ID, Quantity, MenuItem_ID, Order_ID) VALUES (282, 1, 10, 49);
INSERT INTO Order_Item (OrderItem_ID, Quantity, MenuItem_ID, Order_ID) VALUES (283, 2, 44, 49);
INSERT INTO Payments (Payment_ID, Order_ID, PaymentMethod_ID, Transaction_ID, Amount, Payment_Status, Timestamp) VALUES (49, 49, 21, '3c1fdff0-331d-48bb-bcb3-636d7fbe6bb3', 75.54, 'Completed', '2025-03-10 14:19:52');
INSERT INTO Orders (Order_ID, Created_At, Delivery_time, Real_time_location, Special_Instructions, Status, OrderItem_Price, Taxes, Delivery_Fee, Customer_ID, Restaurant_ID, Personnel_ID, Delivery_Address_ID) VALUES (50, '2025-02-17 00:03:54', '2025-02-17 01:01:54', '33952 David Common, Austinside, NJ 49154', 'Firm together thing off ever consumer share memory.', 'Processing', 81.24, 6.5, 5.41, 9, 7, 18, 22);
INSERT INTO Order_Item (OrderItem_ID, Quantity, MenuItem_ID, Order_ID) VALUES (284, 1, 50, 50);
INSERT INTO Order_Item (OrderItem_ID, Quantity, MenuItem_ID, Order_ID) VALUES (285, 3, 17, 50);
INSERT INTO Order_Item (OrderItem_ID, Quantity, MenuItem_ID, Order_ID) VALUES (286, 2, 46, 50);
INSERT INTO Order_Item (OrderItem_ID, Quantity, MenuItem_ID, Order_ID) VALUES (287, 1, 29, 50);
INSERT INTO Order_Item (OrderItem_ID, Quantity, MenuItem_ID, Order_ID) VALUES (288, 3, 14, 50);
INSERT INTO Payments (Payment_ID, Order_ID, PaymentMethod_ID, Transaction_ID, Amount, Payment_Status, Timestamp) VALUES (50, 50, 20, '93a05478-c00b-49de-b8db-128d65db6e43', 93.15, 'Completed', '2025-02-17 01:01:54');
INSERT INTO Orders (Order_ID, Created_At, Delivery_time, Real_time_location, Special_Instructions, Status, OrderItem_Price, Taxes, Delivery_Fee, Customer_ID, Restaurant_ID, Personnel_ID, Delivery_Address_ID) VALUES (51, '2025-01-25 21:40:10', '2025-01-25 22:41:10', '8085 Dalton Trail Apt. 718, Stewarttown, TX 28124', 'Ok foot party employee nature down.', 'Processing', 75.73, 6.06, 2.95, 10, 2, 18, 24);
INSERT INTO Order_Item (OrderItem_ID, Quantity, MenuItem_ID, Order_ID) VALUES (289, 1, 55, 51);
INSERT INTO Order_Item (OrderItem_ID, Quantity, MenuItem_ID, Order_ID) VALUES (290, 2, 11, 51);
INSERT INTO Order_Item (OrderItem_ID, Quantity, MenuItem_ID, Order_ID) VALUES (291, 3, 46, 51);
INSERT INTO Order_Item (OrderItem_ID, Quantity, MenuItem_ID, Order_ID) VALUES (292, 3, 45, 51);
INSERT INTO Order_Item (OrderItem_ID, Quantity, MenuItem_ID, Order_ID) VALUES (293, 2, 41, 51);
INSERT INTO Payments (Payment_ID, Order_ID, PaymentMethod_ID, Transaction_ID, Amount, Payment_Status, Timestamp) VALUES (51, 51, 23, '57d52b78-9cf3-437e-b562-037b78aa16ea', 84.74, 'Completed', '2025-01-25 22:41:10');
INSERT INTO Orders (Order_ID, Created_At, Delivery_time, Real_time_location, Special_Instructions, Status, OrderItem_Price, Taxes, Delivery_Fee, Customer_ID, Restaurant_ID, Personnel_ID, Delivery_Address_ID) VALUES (52, '2025-03-13 01:19:48', '2025-03-13 02:38:48', '65564 White Curve Apt. 143, Chaseborough, WA 20102', 'South computer matter yet support military result.', 'Processing', 44.37, 3.55, 4.1, 10, 9, 5, 24);
INSERT INTO Order_Item (OrderItem_ID, Quantity, MenuItem_ID, Order_ID) VALUES (294, 2, 20, 52);
INSERT INTO Order_Item (OrderItem_ID, Quantity, MenuItem_ID, Order_ID) VALUES (295, 3, 26, 52);
INSERT INTO Payments (Payment_ID, Order_ID, PaymentMethod_ID, Transaction_ID, Amount, Payment_Status, Timestamp) VALUES (52, 52, 22, '403fd582-4ccf-4a4b-bc93-243ec90b9454', 52.02, 'Completed', '2025-03-13 02:38:48');
INSERT INTO Orders (Order_ID, Created_At, Delivery_time, Real_time_location, Special_Instructions, Status, OrderItem_Price, Taxes, Delivery_Fee, Customer_ID, Restaurant_ID, Personnel_ID, Delivery_Address_ID) VALUES (53, '2025-04-20 03:45:18', '2025-04-20 05:14:18', '1203 Woods Roads, South Julieview, MN 73947', 'Use election after building test white current.', 'Processing', 130.19, 10.42, 2.65, 10, 3, 11, 24);
INSERT INTO Order_Item (OrderItem_ID, Quantity, MenuItem_ID, Order_ID) VALUES (296, 3, 30, 53);
INSERT INTO Order_Item (OrderItem_ID, Quantity, MenuItem_ID, Order_ID) VALUES (297, 1, 44, 53);
INSERT INTO Order_Item (OrderItem_ID, Quantity, MenuItem_ID, Order_ID) VALUES (298, 2, 34, 53);
INSERT INTO Order_Item (OrderItem_ID, Quantity, MenuItem_ID, Order_ID) VALUES (299, 3, 23, 53);
INSERT INTO Order_Item (OrderItem_ID, Quantity, MenuItem_ID, Order_ID) VALUES (300, 2, 9, 53);
INSERT INTO Order_Item (OrderItem_ID, Quantity, MenuItem_ID, Order_ID) VALUES (301, 1, 50, 53);
INSERT INTO Order_Item (OrderItem_ID, Quantity, MenuItem_ID, Order_ID) VALUES (302, 2, 36, 53);
INSERT INTO Order_Item (OrderItem_ID, Quantity, MenuItem_ID, Order_ID) VALUES (303, 1, 41, 53);
INSERT INTO Payments (Payment_ID, Order_ID, PaymentMethod_ID, Transaction_ID, Amount, Payment_Status, Timestamp) VALUES (53, 53, 24, '89d716ef-a62d-4221-a65d-958e936dd1a8', 143.26, 'Completed', '2025-04-20 05:14:18');
INSERT INTO Orders (Order_ID, Created_At, Delivery_time, Real_time_location, Special_Instructions, Status, OrderItem_Price, Taxes, Delivery_Fee, Customer_ID, Restaurant_ID, Personnel_ID, Delivery_Address_ID) VALUES (54, '2025-02-03 21:24:35', '2025-02-03 22:47:35', 'Unit 4558 Box 7716, DPO AP 38056', 'Place certain cold space front piece occur.', 'Processing', 77.86, 6.23, 4.42, 10, 9, 9, 24);
INSERT INTO Order_Item (OrderItem_ID, Quantity, MenuItem_ID, Order_ID) VALUES (304, 3, 40, 54);
INSERT INTO Order_Item (OrderItem_ID, Quantity, MenuItem_ID, Order_ID) VALUES (305, 1, 35, 54);
INSERT INTO Order_Item (OrderItem_ID, Quantity, MenuItem_ID, Order_ID) VALUES (306, 1, 6, 54);
INSERT INTO Order_Item (OrderItem_ID, Quantity, MenuItem_ID, Order_ID) VALUES (307, 1, 33, 54);
INSERT INTO Order_Item (OrderItem_ID, Quantity, MenuItem_ID, Order_ID) VALUES (308, 1, 42, 54);
INSERT INTO Payments (Payment_ID, Order_ID, PaymentMethod_ID, Transaction_ID, Amount, Payment_Status, Timestamp) VALUES (54, 54, 24, '1440adec-1243-4b0f-a835-f080d9518f98', 88.51, 'Completed', '2025-02-03 22:47:35');
INSERT INTO Orders (Order_ID, Created_At, Delivery_time, Real_time_location, Special_Instructions, Status, OrderItem_Price, Taxes, Delivery_Fee, Customer_ID, Restaurant_ID, Personnel_ID, Delivery_Address_ID) VALUES (55, '2025-02-01 10:58:20', '2025-02-01 12:13:20', '4496 Barron Tunnel Suite 987, Jacksontown, VA 31254', 'Wait red bag cold billion.', 'Processing', 132.75, 10.62, 3.25, 10, 10, 9, 24);
INSERT INTO Order_Item (OrderItem_ID, Quantity, MenuItem_ID, Order_ID) VALUES (309, 2, 27, 55);
INSERT INTO Order_Item (OrderItem_ID, Quantity, MenuItem_ID, Order_ID) VALUES (310, 3, 40, 55);
INSERT INTO Order_Item (OrderItem_ID, Quantity, MenuItem_ID, Order_ID) VALUES (311, 2, 41, 55);
INSERT INTO Order_Item (OrderItem_ID, Quantity, MenuItem_ID, Order_ID) VALUES (312, 2, 2, 55);
INSERT INTO Order_Item (OrderItem_ID, Quantity, MenuItem_ID, Order_ID) VALUES (313, 1, 32, 55);
INSERT INTO Order_Item (OrderItem_ID, Quantity, MenuItem_ID, Order_ID) VALUES (314, 2, 53, 55);
INSERT INTO Order_Item (OrderItem_ID, Quantity, MenuItem_ID, Order_ID) VALUES (315, 3, 35, 55);
INSERT INTO Order_Item (OrderItem_ID, Quantity, MenuItem_ID, Order_ID) VALUES (316, 3, 19, 55);
INSERT INTO Order_Item (OrderItem_ID, Quantity, MenuItem_ID, Order_ID) VALUES (317, 1, 42, 55);
INSERT INTO Order_Item (OrderItem_ID, Quantity, MenuItem_ID, Order_ID) VALUES (318, 2, 20, 55);
INSERT INTO Payments (Payment_ID, Order_ID, PaymentMethod_ID, Transaction_ID, Amount, Payment_Status, Timestamp) VALUES (55, 55, 22, '7922b440-e0f1-444c-afd1-b5881054b2d5', 146.62, 'Completed', '2025-02-01 12:13:20');
INSERT INTO Orders (Order_ID, Created_At, Delivery_time, Real_time_location, Special_Instructions, Status, OrderItem_Price, Taxes, Delivery_Fee, Customer_ID, Restaurant_ID, Personnel_ID, Delivery_Address_ID) VALUES (56, '2025-04-17 11:53:11', '2025-04-17 12:54:11', '114 Christopher Loaf Suite 334, Simsberg, GA 04245', 'Professional team foot.', 'Processing', 115.05, 9.2, 4.06, 10, 8, 4, 24);
INSERT INTO Order_Item (OrderItem_ID, Quantity, MenuItem_ID, Order_ID) VALUES (319, 2, 16, 56);
INSERT INTO Order_Item (OrderItem_ID, Quantity, MenuItem_ID, Order_ID) VALUES (320, 2, 10, 56);
INSERT INTO Order_Item (OrderItem_ID, Quantity, MenuItem_ID, Order_ID) VALUES (321, 1, 7, 56);
INSERT INTO Order_Item (OrderItem_ID, Quantity, MenuItem_ID, Order_ID) VALUES (322, 1, 4, 56);
INSERT INTO Order_Item (OrderItem_ID, Quantity, MenuItem_ID, Order_ID) VALUES (323, 2, 19, 56);
INSERT INTO Order_Item (OrderItem_ID, Quantity, MenuItem_ID, Order_ID) VALUES (324, 3, 25, 56);
INSERT INTO Order_Item (OrderItem_ID, Quantity, MenuItem_ID, Order_ID) VALUES (325, 2, 40, 56);
INSERT INTO Order_Item (OrderItem_ID, Quantity, MenuItem_ID, Order_ID) VALUES (326, 1, 27, 56);
INSERT INTO Payments (Payment_ID, Order_ID, PaymentMethod_ID, Transaction_ID, Amount, Payment_Status, Timestamp) VALUES (56, 56, 22, 'def3306a-f998-43f2-b799-fddb79e546e7', 128.31, 'Completed', '2025-04-17 12:54:11');
INSERT INTO Orders (Order_ID, Created_At, Delivery_time, Real_time_location, Special_Instructions, Status, OrderItem_Price, Taxes, Delivery_Fee, Customer_ID, Restaurant_ID, Personnel_ID, Delivery_Address_ID) VALUES (57, '2025-04-15 23:18:17', '2025-04-16 00:36:17', 'USCGC Taylor, FPO AP 71186', 'Opportunity lead see theory.', 'Processing', 88.35, 7.07, 4.91, 11, 6, 2, 25);
INSERT INTO Order_Item (OrderItem_ID, Quantity, MenuItem_ID, Order_ID) VALUES (327, 2, 32, 57);
INSERT INTO Order_Item (OrderItem_ID, Quantity, MenuItem_ID, Order_ID) VALUES (328, 2, 39, 57);
INSERT INTO Order_Item (OrderItem_ID, Quantity, MenuItem_ID, Order_ID) VALUES (329, 1, 54, 57);
INSERT INTO Order_Item (OrderItem_ID, Quantity, MenuItem_ID, Order_ID) VALUES (330, 2, 42, 57);
INSERT INTO Order_Item (OrderItem_ID, Quantity, MenuItem_ID, Order_ID) VALUES (331, 1, 44, 57);
INSERT INTO Payments (Payment_ID, Order_ID, PaymentMethod_ID, Transaction_ID, Amount, Payment_Status, Timestamp) VALUES (57, 57, 25, 'a3b81f92-a3c9-4c6a-8601-76336f5aad52', 100.33, 'Completed', '2025-04-16 00:36:17');
INSERT INTO Orders (Order_ID, Created_At, Delivery_time, Real_time_location, Special_Instructions, Status, OrderItem_Price, Taxes, Delivery_Fee, Customer_ID, Restaurant_ID, Personnel_ID, Delivery_Address_ID) VALUES (58, '2025-04-14 15:36:51', '2025-04-14 16:45:51', '8317 Diaz Green Apt. 400, West Justin, AL 90648', 'Water local across involve fall discuss account.', 'Processing', 30.009999999999998, 2.4, 5.3, 11, 6, 18, 26);
INSERT INTO Order_Item (OrderItem_ID, Quantity, MenuItem_ID, Order_ID) VALUES (332, 3, 25, 58);
INSERT INTO Order_Item (OrderItem_ID, Quantity, MenuItem_ID, Order_ID) VALUES (333, 3, 33, 58);
INSERT INTO Payments (Payment_ID, Order_ID, PaymentMethod_ID, Transaction_ID, Amount, Payment_Status, Timestamp) VALUES (58, 58, 25, 'e1d55f85-6967-4586-b046-30085fa72012', 37.71, 'Completed', '2025-04-14 16:45:51');
INSERT INTO Orders (Order_ID, Created_At, Delivery_time, Real_time_location, Special_Instructions, Status, OrderItem_Price, Taxes, Delivery_Fee, Customer_ID, Restaurant_ID, Personnel_ID, Delivery_Address_ID) VALUES (59, '2025-04-19 20:22:21', '2025-04-19 21:21:21', '66341 Garrett Path, Justinside, KY 54621', 'Table consumer face PM pay.', 'Processing', 64.47, 5.16, 3.89, 11, 3, 4, 26);
INSERT INTO Order_Item (OrderItem_ID, Quantity, MenuItem_ID, Order_ID) VALUES (334, 1, 51, 59);
INSERT INTO Order_Item (OrderItem_ID, Quantity, MenuItem_ID, Order_ID) VALUES (335, 3, 22, 59);
INSERT INTO Order_Item (OrderItem_ID, Quantity, MenuItem_ID, Order_ID) VALUES (336, 3, 36, 59);
INSERT INTO Order_Item (OrderItem_ID, Quantity, MenuItem_ID, Order_ID) VALUES (337, 1, 24, 59);
INSERT INTO Order_Item (OrderItem_ID, Quantity, MenuItem_ID, Order_ID) VALUES (338, 2, 49, 59);
INSERT INTO Order_Item (OrderItem_ID, Quantity, MenuItem_ID, Order_ID) VALUES (339, 3, 10, 59);
INSERT INTO Payments (Payment_ID, Order_ID, PaymentMethod_ID, Transaction_ID, Amount, Payment_Status, Timestamp) VALUES (59, 59, 25, '7df37378-9f6c-4ab4-b352-2c1845aa9503', 73.52, 'Completed', '2025-04-19 21:21:21');
INSERT INTO Orders (Order_ID, Created_At, Delivery_time, Real_time_location, Special_Instructions, Status, OrderItem_Price, Taxes, Delivery_Fee, Customer_ID, Restaurant_ID, Personnel_ID, Delivery_Address_ID) VALUES (60, '2025-02-06 11:09:44', '2025-02-06 12:05:44', '80214 Martinez Mill, East Christophertown, IL 45316', 'Find son your less social form.', 'Processing', 62.51, 5.0, 2.44, 11, 3, 13, 27);
INSERT INTO Order_Item (OrderItem_ID, Quantity, MenuItem_ID, Order_ID) VALUES (340, 3, 38, 60);
INSERT INTO Order_Item (OrderItem_ID, Quantity, MenuItem_ID, Order_ID) VALUES (341, 2, 22, 60);
INSERT INTO Order_Item (OrderItem_ID, Quantity, MenuItem_ID, Order_ID) VALUES (342, 3, 33, 60);
INSERT INTO Order_Item (OrderItem_ID, Quantity, MenuItem_ID, Order_ID) VALUES (343, 3, 54, 60);
INSERT INTO Order_Item (OrderItem_ID, Quantity, MenuItem_ID, Order_ID) VALUES (344, 3, 35, 60);
INSERT INTO Payments (Payment_ID, Order_ID, PaymentMethod_ID, Transaction_ID, Amount, Payment_Status, Timestamp) VALUES (60, 60, 25, '25660316-f39e-41be-8025-53ead7f2a678', 69.95, 'Completed', '2025-02-06 12:05:44');
INSERT INTO Orders (Order_ID, Created_At, Delivery_time, Real_time_location, Special_Instructions, Status, OrderItem_Price, Taxes, Delivery_Fee, Customer_ID, Restaurant_ID, Personnel_ID, Delivery_Address_ID) VALUES (61, '2025-01-11 21:09:27', '2025-01-11 22:11:27', '87234 Clayton Crossing Apt. 673, East Stevenville, TN 27822', 'Home which view city rock seat near.', 'Processing', 149.1, 11.93, 2.82, 11, 10, 16, 26);
INSERT INTO Order_Item (OrderItem_ID, Quantity, MenuItem_ID, Order_ID) VALUES (345, 3, 37, 61);
INSERT INTO Order_Item (OrderItem_ID, Quantity, MenuItem_ID, Order_ID) VALUES (346, 2, 15, 61);
INSERT INTO Order_Item (OrderItem_ID, Quantity, MenuItem_ID, Order_ID) VALUES (347, 3, 47, 61);
INSERT INTO Order_Item (OrderItem_ID, Quantity, MenuItem_ID, Order_ID) VALUES (348, 3, 4, 61);
INSERT INTO Order_Item (OrderItem_ID, Quantity, MenuItem_ID, Order_ID) VALUES (349, 1, 38, 61);
INSERT INTO Order_Item (OrderItem_ID, Quantity, MenuItem_ID, Order_ID) VALUES (350, 3, 31, 61);
INSERT INTO Order_Item (OrderItem_ID, Quantity, MenuItem_ID, Order_ID) VALUES (351, 1, 11, 61);
INSERT INTO Order_Item (OrderItem_ID, Quantity, MenuItem_ID, Order_ID) VALUES (352, 3, 34, 61);
INSERT INTO Order_Item (OrderItem_ID, Quantity, MenuItem_ID, Order_ID) VALUES (353, 1, 41, 61);
INSERT INTO Order_Item (OrderItem_ID, Quantity, MenuItem_ID, Order_ID) VALUES (354, 3, 40, 61);
INSERT INTO Payments (Payment_ID, Order_ID, PaymentMethod_ID, Transaction_ID, Amount, Payment_Status, Timestamp) VALUES (61, 61, 25, 'a3760c2d-7b31-4cdc-80d9-1a8e1f44aa88', 163.85, 'Completed', '2025-01-11 22:11:27');
INSERT INTO Orders (Order_ID, Created_At, Delivery_time, Real_time_location, Special_Instructions, Status, OrderItem_Price, Taxes, Delivery_Fee, Customer_ID, Restaurant_ID, Personnel_ID, Delivery_Address_ID) VALUES (62, '2025-02-28 00:34:11', '2025-02-28 01:21:11', '313 Nguyen Expressway, Brendafurt, IA 01671', 'Ok real read.', 'Processing', 105.52000000000001, 8.44, 5.83, 11, 8, 17, 26);
INSERT INTO Order_Item (OrderItem_ID, Quantity, MenuItem_ID, Order_ID) VALUES (355, 3, 12, 62);
INSERT INTO Order_Item (OrderItem_ID, Quantity, MenuItem_ID, Order_ID) VALUES (356, 2, 30, 62);
INSERT INTO Order_Item (OrderItem_ID, Quantity, MenuItem_ID, Order_ID) VALUES (357, 1, 35, 62);
INSERT INTO Order_Item (OrderItem_ID, Quantity, MenuItem_ID, Order_ID) VALUES (358, 2, 22, 62);
INSERT INTO Order_Item (OrderItem_ID, Quantity, MenuItem_ID, Order_ID) VALUES (359, 2, 53, 62);
INSERT INTO Order_Item (OrderItem_ID, Quantity, MenuItem_ID, Order_ID) VALUES (360, 3, 23, 62);
INSERT INTO Payments (Payment_ID, Order_ID, PaymentMethod_ID, Transaction_ID, Amount, Payment_Status, Timestamp) VALUES (62, 62, 25, '16e827b0-c552-43c5-9f13-fb9827ad8d51', 119.79, 'Completed', '2025-02-28 01:21:11');
INSERT INTO Orders (Order_ID, Created_At, Delivery_time, Real_time_location, Special_Instructions, Status, OrderItem_Price, Taxes, Delivery_Fee, Customer_ID, Restaurant_ID, Personnel_ID, Delivery_Address_ID) VALUES (63, '2025-02-18 07:07:47', '2025-02-18 07:39:47', '950 Michael Drives, East Tonymouth, WY 84996', 'South just cover ready group care.', 'Processing', 100.5, 8.04, 2.59, 11, 8, 11, 26);
INSERT INTO Order_Item (OrderItem_ID, Quantity, MenuItem_ID, Order_ID) VALUES (361, 2, 36, 63);
INSERT INTO Order_Item (OrderItem_ID, Quantity, MenuItem_ID, Order_ID) VALUES (362, 3, 51, 63);
INSERT INTO Order_Item (OrderItem_ID, Quantity, MenuItem_ID, Order_ID) VALUES (363, 1, 47, 63);
INSERT INTO Order_Item (OrderItem_ID, Quantity, MenuItem_ID, Order_ID) VALUES (364, 2, 18, 63);
INSERT INTO Order_Item (OrderItem_ID, Quantity, MenuItem_ID, Order_ID) VALUES (365, 2, 19, 63);
INSERT INTO Order_Item (OrderItem_ID, Quantity, MenuItem_ID, Order_ID) VALUES (366, 3, 8, 63);
INSERT INTO Payments (Payment_ID, Order_ID, PaymentMethod_ID, Transaction_ID, Amount, Payment_Status, Timestamp) VALUES (63, 63, 25, 'b4e570ba-7c3c-42bc-8a1b-ebd3e60ec813', 111.13, 'Completed', '2025-02-18 07:39:47');
INSERT INTO Orders (Order_ID, Created_At, Delivery_time, Real_time_location, Special_Instructions, Status, OrderItem_Price, Taxes, Delivery_Fee, Customer_ID, Restaurant_ID, Personnel_ID, Delivery_Address_ID) VALUES (64, '2025-03-26 22:53:52', '2025-03-26 23:58:52', '92855 Hill Village Apt. 182, Phillipsview, MN 60018', 'Simply media safe.', 'Processing', 109.76, 8.78, 2.55, 11, 8, 7, 25);
INSERT INTO Order_Item (OrderItem_ID, Quantity, MenuItem_ID, Order_ID) VALUES (367, 1, 18, 64);
INSERT INTO Order_Item (OrderItem_ID, Quantity, MenuItem_ID, Order_ID) VALUES (368, 2, 36, 64);
INSERT INTO Order_Item (OrderItem_ID, Quantity, MenuItem_ID, Order_ID) VALUES (369, 3, 45, 64);
INSERT INTO Order_Item (OrderItem_ID, Quantity, MenuItem_ID, Order_ID) VALUES (370, 2, 55, 64);
INSERT INTO Order_Item (OrderItem_ID, Quantity, MenuItem_ID, Order_ID) VALUES (371, 2, 9, 64);
INSERT INTO Order_Item (OrderItem_ID, Quantity, MenuItem_ID, Order_ID) VALUES (372, 3, 7, 64);
INSERT INTO Order_Item (OrderItem_ID, Quantity, MenuItem_ID, Order_ID) VALUES (373, 1, 40, 64);
INSERT INTO Order_Item (OrderItem_ID, Quantity, MenuItem_ID, Order_ID) VALUES (374, 2, 48, 64);
INSERT INTO Order_Item (OrderItem_ID, Quantity, MenuItem_ID, Order_ID) VALUES (375, 2, 38, 64);
INSERT INTO Payments (Payment_ID, Order_ID, PaymentMethod_ID, Transaction_ID, Amount, Payment_Status, Timestamp) VALUES (64, 64, 25, 'db592a19-9ea6-4d4a-84ca-d30ae207db20', 121.09, 'Completed', '2025-03-26 23:58:52');
INSERT INTO Orders (Order_ID, Created_At, Delivery_time, Real_time_location, Special_Instructions, Status, OrderItem_Price, Taxes, Delivery_Fee, Customer_ID, Restaurant_ID, Personnel_ID, Delivery_Address_ID) VALUES (65, '2025-03-12 16:42:48', '2025-03-12 17:53:48', '1863 Cannon Drives, Marcusmouth, CT 69077', 'Analysis visit condition all.', 'Processing', 151.76, 12.14, 3.82, 11, 1, 3, 27);
INSERT INTO Order_Item (OrderItem_ID, Quantity, MenuItem_ID, Order_ID) VALUES (376, 3, 15, 65);
INSERT INTO Order_Item (OrderItem_ID, Quantity, MenuItem_ID, Order_ID) VALUES (377, 3, 35, 65);
INSERT INTO Order_Item (OrderItem_ID, Quantity, MenuItem_ID, Order_ID) VALUES (378, 2, 48, 65);
INSERT INTO Order_Item (OrderItem_ID, Quantity, MenuItem_ID, Order_ID) VALUES (379, 1, 47, 65);
INSERT INTO Order_Item (OrderItem_ID, Quantity, MenuItem_ID, Order_ID) VALUES (380, 3, 3, 65);
INSERT INTO Order_Item (OrderItem_ID, Quantity, MenuItem_ID, Order_ID) VALUES (381, 2, 12, 65);
INSERT INTO Order_Item (OrderItem_ID, Quantity, MenuItem_ID, Order_ID) VALUES (382, 2, 27, 65);
INSERT INTO Order_Item (OrderItem_ID, Quantity, MenuItem_ID, Order_ID) VALUES (383, 1, 50, 65);
INSERT INTO Order_Item (OrderItem_ID, Quantity, MenuItem_ID, Order_ID) VALUES (384, 1, 51, 65);
INSERT INTO Order_Item (OrderItem_ID, Quantity, MenuItem_ID, Order_ID) VALUES (385, 2, 26, 65);
INSERT INTO Payments (Payment_ID, Order_ID, PaymentMethod_ID, Transaction_ID, Amount, Payment_Status, Timestamp) VALUES (65, 65, 25, '1947ea42-310d-49d1-bc41-3a2a1b67f7bb', 167.72, 'Completed', '2025-03-12 17:53:48');
INSERT INTO Orders (Order_ID, Created_At, Delivery_time, Real_time_location, Special_Instructions, Status, OrderItem_Price, Taxes, Delivery_Fee, Customer_ID, Restaurant_ID, Personnel_ID, Delivery_Address_ID) VALUES (66, '2025-01-07 04:16:43', '2025-01-07 05:40:43', '789 Williams Forges Apt. 037, South Laurieton, OH 97950', 'State some around pay more same.', 'Processing', 57.33, 4.59, 2.7, 11, 8, 9, 27);
INSERT INTO Order_Item (OrderItem_ID, Quantity, MenuItem_ID, Order_ID) VALUES (386, 3, 1, 66);
INSERT INTO Order_Item (OrderItem_ID, Quantity, MenuItem_ID, Order_ID) VALUES (387, 2, 48, 66);
INSERT INTO Order_Item (OrderItem_ID, Quantity, MenuItem_ID, Order_ID) VALUES (388, 2, 22, 66);
INSERT INTO Payments (Payment_ID, Order_ID, PaymentMethod_ID, Transaction_ID, Amount, Payment_Status, Timestamp) VALUES (66, 66, 25, 'f1d188b9-13f3-4289-8dcc-b05dd59ef0fd', 64.62, 'Completed', '2025-01-07 05:40:43');
INSERT INTO Orders (Order_ID, Created_At, Delivery_time, Real_time_location, Special_Instructions, Status, OrderItem_Price, Taxes, Delivery_Fee, Customer_ID, Restaurant_ID, Personnel_ID, Delivery_Address_ID) VALUES (67, '2025-02-11 22:10:01', '2025-02-11 23:01:01', 'USS Garcia, FPO AE 70186', 'Country moment eat personal condition see.', 'Processing', 31.74, 2.54, 3.07, 12, 7, 4, 28);
INSERT INTO Order_Item (OrderItem_ID, Quantity, MenuItem_ID, Order_ID) VALUES (389, 2, 31, 67);
INSERT INTO Order_Item (OrderItem_ID, Quantity, MenuItem_ID, Order_ID) VALUES (390, 3, 21, 67);
INSERT INTO Order_Item (OrderItem_ID, Quantity, MenuItem_ID, Order_ID) VALUES (391, 3, 16, 67);
INSERT INTO Payments (Payment_ID, Order_ID, PaymentMethod_ID, Transaction_ID, Amount, Payment_Status, Timestamp) VALUES (67, 67, 26, 'c42b266b-1b02-4a24-bf00-f56c6a4989a6', 37.35, 'Completed', '2025-02-11 23:01:01');
INSERT INTO Orders (Order_ID, Created_At, Delivery_time, Real_time_location, Special_Instructions, Status, OrderItem_Price, Taxes, Delivery_Fee, Customer_ID, Restaurant_ID, Personnel_ID, Delivery_Address_ID) VALUES (68, '2025-05-05 00:12:17', '2025-05-05 01:07:17', '612 Andrea Parkways Suite 289, Mahoneymouth, MD 49223', 'Share issue rise part none degree.', 'Processing', 7.36, 0.59, 3.23, 12, 5, 12, 28);
INSERT INTO Order_Item (OrderItem_ID, Quantity, MenuItem_ID, Order_ID) VALUES (392, 3, 43, 68);
INSERT INTO Payments (Payment_ID, Order_ID, PaymentMethod_ID, Transaction_ID, Amount, Payment_Status, Timestamp) VALUES (68, 68, 27, 'be9cafcf-ed17-46e9-8cdc-718dc4057420', 11.18, 'Completed', '2025-05-05 01:07:17');
INSERT INTO Orders (Order_ID, Created_At, Delivery_time, Real_time_location, Special_Instructions, Status, OrderItem_Price, Taxes, Delivery_Fee, Customer_ID, Restaurant_ID, Personnel_ID, Delivery_Address_ID) VALUES (69, '2025-02-19 08:08:28', '2025-02-19 09:12:28', '6004 Zachary Hollow Apt. 433, Andrewview, OH 67514', 'Number occur behind leave choose enter threat.', 'Processing', 66.36, 5.31, 3.88, 13, 5, 12, 30);
INSERT INTO Order_Item (OrderItem_ID, Quantity, MenuItem_ID, Order_ID) VALUES (393, 3, 9, 69);
INSERT INTO Order_Item (OrderItem_ID, Quantity, MenuItem_ID, Order_ID) VALUES (394, 1, 31, 69);
INSERT INTO Order_Item (OrderItem_ID, Quantity, MenuItem_ID, Order_ID) VALUES (395, 1, 10, 69);
INSERT INTO Order_Item (OrderItem_ID, Quantity, MenuItem_ID, Order_ID) VALUES (396, 3, 30, 69);
INSERT INTO Payments (Payment_ID, Order_ID, PaymentMethod_ID, Transaction_ID, Amount, Payment_Status, Timestamp) VALUES (69, 69, 28, 'cfa28fb8-4199-422e-bba5-81263ff69f41', 75.55, 'Completed', '2025-02-19 09:12:28');
INSERT INTO Orders (Order_ID, Created_At, Delivery_time, Real_time_location, Special_Instructions, Status, OrderItem_Price, Taxes, Delivery_Fee, Customer_ID, Restaurant_ID, Personnel_ID, Delivery_Address_ID) VALUES (70, '2025-02-28 07:30:38', '2025-02-28 08:36:38', '315 Thompson Views Apt. 940, Millerton, WI 44330', 'They its us building side section.', 'Processing', 22.189999999999998, 1.78, 4.02, 13, 9, 15, 31);
INSERT INTO Order_Item (OrderItem_ID, Quantity, MenuItem_ID, Order_ID) VALUES (397, 3, 37, 70);
INSERT INTO Order_Item (OrderItem_ID, Quantity, MenuItem_ID, Order_ID) VALUES (398, 1, 8, 70);
INSERT INTO Payments (Payment_ID, Order_ID, PaymentMethod_ID, Transaction_ID, Amount, Payment_Status, Timestamp) VALUES (70, 70, 28, '02ed5d15-edbc-46d8-9a30-7096d97766be', 27.99, 'Completed', '2025-02-28 08:36:38');
INSERT INTO Orders (Order_ID, Created_At, Delivery_time, Real_time_location, Special_Instructions, Status, OrderItem_Price, Taxes, Delivery_Fee, Customer_ID, Restaurant_ID, Personnel_ID, Delivery_Address_ID) VALUES (71, '2025-05-04 02:07:40', '2025-05-04 03:13:40', '48058 Mark Square Apt. 206, Mullinsshire, CO 29610', 'Face hour car bar number any.', 'Processing', 50.64, 4.05, 3.66, 14, 9, 15, 32);
INSERT INTO Order_Item (OrderItem_ID, Quantity, MenuItem_ID, Order_ID) VALUES (399, 1, 46, 71);
INSERT INTO Order_Item (OrderItem_ID, Quantity, MenuItem_ID, Order_ID) VALUES (400, 3, 38, 71);
INSERT INTO Order_Item (OrderItem_ID, Quantity, MenuItem_ID, Order_ID) VALUES (401, 2, 32, 71);
INSERT INTO Order_Item (OrderItem_ID, Quantity, MenuItem_ID, Order_ID) VALUES (402, 3, 6, 71);
INSERT INTO Payments (Payment_ID, Order_ID, PaymentMethod_ID, Transaction_ID, Amount, Payment_Status, Timestamp) VALUES (71, 71, 31, '6605de3c-15c7-4c83-8336-ffe5663166a7', 58.35, 'Completed', '2025-05-04 03:13:40');
INSERT INTO Orders (Order_ID, Created_At, Delivery_time, Real_time_location, Special_Instructions, Status, OrderItem_Price, Taxes, Delivery_Fee, Customer_ID, Restaurant_ID, Personnel_ID, Delivery_Address_ID) VALUES (72, '2025-04-08 10:39:54', '2025-04-08 11:36:54', '78376 Ann Street, East Charles, NE 42891', 'Become public interest give fly order agency.', 'Processing', 9.36, 0.75, 2.29, 14, 1, 13, 33);
INSERT INTO Order_Item (OrderItem_ID, Quantity, MenuItem_ID, Order_ID) VALUES (403, 2, 48, 72);
INSERT INTO Payments (Payment_ID, Order_ID, PaymentMethod_ID, Transaction_ID, Amount, Payment_Status, Timestamp) VALUES (72, 72, 30, '5987038a-fcd6-418e-ab54-500d4e089bb4', 12.4, 'Completed', '2025-04-08 11:36:54');
INSERT INTO Orders (Order_ID, Created_At, Delivery_time, Real_time_location, Special_Instructions, Status, OrderItem_Price, Taxes, Delivery_Fee, Customer_ID, Restaurant_ID, Personnel_ID, Delivery_Address_ID) VALUES (73, '2025-04-30 15:47:52', '2025-04-30 16:51:52', '270 James Landing Apt. 110, New Sara, LA 02301', 'Really born late age decade Mrs.', 'Processing', 145.53, 11.64, 4.65, 14, 9, 2, 32);
INSERT INTO Order_Item (OrderItem_ID, Quantity, MenuItem_ID, Order_ID) VALUES (404, 1, 3, 73);
INSERT INTO Order_Item (OrderItem_ID, Quantity, MenuItem_ID, Order_ID) VALUES (405, 3, 19, 73);
INSERT INTO Order_Item (OrderItem_ID, Quantity, MenuItem_ID, Order_ID) VALUES (406, 2, 27, 73);
INSERT INTO Order_Item (OrderItem_ID, Quantity, MenuItem_ID, Order_ID) VALUES (407, 1, 12, 73);
INSERT INTO Order_Item (OrderItem_ID, Quantity, MenuItem_ID, Order_ID) VALUES (408, 1, 50, 73);
INSERT INTO Order_Item (OrderItem_ID, Quantity, MenuItem_ID, Order_ID) VALUES (409, 3, 9, 73);
INSERT INTO Order_Item (OrderItem_ID, Quantity, MenuItem_ID, Order_ID) VALUES (410, 2, 42, 73);
INSERT INTO Order_Item (OrderItem_ID, Quantity, MenuItem_ID, Order_ID) VALUES (411, 3, 47, 73);
INSERT INTO Payments (Payment_ID, Order_ID, PaymentMethod_ID, Transaction_ID, Amount, Payment_Status, Timestamp) VALUES (73, 73, 30, 'c017466e-85f4-40a2-8be2-7516342c5348', 161.82, 'Completed', '2025-04-30 16:51:52');
INSERT INTO Orders (Order_ID, Created_At, Delivery_time, Real_time_location, Special_Instructions, Status, OrderItem_Price, Taxes, Delivery_Fee, Customer_ID, Restaurant_ID, Personnel_ID, Delivery_Address_ID) VALUES (74, '2025-02-20 05:26:01', '2025-02-20 06:42:01', '069 Jonathan Circle, Jamesview, NH 86321', 'At produce production.', 'Processing', 69.49000000000001, 5.56, 5.75, 14, 4, 1, 32);
INSERT INTO Order_Item (OrderItem_ID, Quantity, MenuItem_ID, Order_ID) VALUES (412, 1, 30, 74);
INSERT INTO Order_Item (OrderItem_ID, Quantity, MenuItem_ID, Order_ID) VALUES (413, 1, 44, 74);
INSERT INTO Order_Item (OrderItem_ID, Quantity, MenuItem_ID, Order_ID) VALUES (414, 3, 47, 74);
INSERT INTO Order_Item (OrderItem_ID, Quantity, MenuItem_ID, Order_ID) VALUES (415, 2, 35, 74);
INSERT INTO Order_Item (OrderItem_ID, Quantity, MenuItem_ID, Order_ID) VALUES (416, 3, 28, 74);
INSERT INTO Payments (Payment_ID, Order_ID, PaymentMethod_ID, Transaction_ID, Amount, Payment_Status, Timestamp) VALUES (74, 74, 30, 'dd419a67-5c37-4254-a8fc-5690e9b1c4a1', 80.8, 'Completed', '2025-02-20 06:42:01');
INSERT INTO Orders (Order_ID, Created_At, Delivery_time, Real_time_location, Special_Instructions, Status, OrderItem_Price, Taxes, Delivery_Fee, Customer_ID, Restaurant_ID, Personnel_ID, Delivery_Address_ID) VALUES (75, '2025-01-21 22:48:37', '2025-01-21 23:33:37', '68157 Jacob Parkway Suite 800, New Kevin, MO 98069', 'Adult range green few.', 'Processing', 32.370000000000005, 2.59, 5.49, 14, 4, 7, 32);
INSERT INTO Order_Item (OrderItem_ID, Quantity, MenuItem_ID, Order_ID) VALUES (417, 3, 39, 75);
INSERT INTO Order_Item (OrderItem_ID, Quantity, MenuItem_ID, Order_ID) VALUES (418, 1, 3, 75);
INSERT INTO Payments (Payment_ID, Order_ID, PaymentMethod_ID, Transaction_ID, Amount, Payment_Status, Timestamp) VALUES (75, 75, 31, '80520405-fa84-4b5f-ba6e-3743fef97d57', 40.45, 'Completed', '2025-01-21 23:33:37');
INSERT INTO Orders (Order_ID, Created_At, Delivery_time, Real_time_location, Special_Instructions, Status, OrderItem_Price, Taxes, Delivery_Fee, Customer_ID, Restaurant_ID, Personnel_ID, Delivery_Address_ID) VALUES (76, '2025-02-23 13:41:09', '2025-02-23 14:49:09', '0843 Matthew Lock Apt. 168, South John, NE 41445', 'Forget my deal catch must son television finally.', 'Processing', 66.82, 5.35, 3.28, 14, 8, 8, 34);
INSERT INTO Order_Item (OrderItem_ID, Quantity, MenuItem_ID, Order_ID) VALUES (419, 3, 49, 76);
INSERT INTO Order_Item (OrderItem_ID, Quantity, MenuItem_ID, Order_ID) VALUES (420, 2, 50, 76);
INSERT INTO Order_Item (OrderItem_ID, Quantity, MenuItem_ID, Order_ID) VALUES (421, 1, 4, 76);
INSERT INTO Order_Item (OrderItem_ID, Quantity, MenuItem_ID, Order_ID) VALUES (422, 2, 9, 76);
INSERT INTO Payments (Payment_ID, Order_ID, PaymentMethod_ID, Transaction_ID, Amount, Payment_Status, Timestamp) VALUES (76, 76, 30, 'e8d91a20-8618-4db2-a60d-7a94b483d162', 75.45, 'Completed', '2025-02-23 14:49:09');
INSERT INTO Orders (Order_ID, Created_At, Delivery_time, Real_time_location, Special_Instructions, Status, OrderItem_Price, Taxes, Delivery_Fee, Customer_ID, Restaurant_ID, Personnel_ID, Delivery_Address_ID) VALUES (77, '2025-01-27 06:19:20', '2025-01-27 07:39:20', '925 Angela Stravenue, East Lonnieberg, AK 42272', 'Which field seat start PM scene.', 'Processing', 94.25, 7.54, 4.69, 15, 4, 14, 36);
INSERT INTO Order_Item (OrderItem_ID, Quantity, MenuItem_ID, Order_ID) VALUES (423, 3, 4, 77);
INSERT INTO Order_Item (OrderItem_ID, Quantity, MenuItem_ID, Order_ID) VALUES (424, 2, 36, 77);
INSERT INTO Order_Item (OrderItem_ID, Quantity, MenuItem_ID, Order_ID) VALUES (425, 3, 38, 77);
INSERT INTO Order_Item (OrderItem_ID, Quantity, MenuItem_ID, Order_ID) VALUES (426, 2, 48, 77);
INSERT INTO Order_Item (OrderItem_ID, Quantity, MenuItem_ID, Order_ID) VALUES (427, 2, 12, 77);
INSERT INTO Payments (Payment_ID, Order_ID, PaymentMethod_ID, Transaction_ID, Amount, Payment_Status, Timestamp) VALUES (77, 77, 32, '1b555f6d-301c-4abf-8773-9d4626e6a84a', 106.48, 'Completed', '2025-01-27 07:39:20');
INSERT INTO Orders (Order_ID, Created_At, Delivery_time, Real_time_location, Special_Instructions, Status, OrderItem_Price, Taxes, Delivery_Fee, Customer_ID, Restaurant_ID, Personnel_ID, Delivery_Address_ID) VALUES (78, '2025-01-26 13:02:53', '2025-01-26 14:25:53', '993 Jerry Burg Suite 172, Josephstad, MS 64915', 'Case cover allow share address establish including.', 'Processing', 109.66, 8.77, 4.14, 15, 5, 13, 35);
INSERT INTO Order_Item (OrderItem_ID, Quantity, MenuItem_ID, Order_ID) VALUES (428, 1, 31, 78);
INSERT INTO Order_Item (OrderItem_ID, Quantity, MenuItem_ID, Order_ID) VALUES (429, 1, 16, 78);
INSERT INTO Order_Item (OrderItem_ID, Quantity, MenuItem_ID, Order_ID) VALUES (430, 2, 15, 78);
INSERT INTO Order_Item (OrderItem_ID, Quantity, MenuItem_ID, Order_ID) VALUES (431, 2, 20, 78);
INSERT INTO Order_Item (OrderItem_ID, Quantity, MenuItem_ID, Order_ID) VALUES (432, 3, 46, 78);
INSERT INTO Order_Item (OrderItem_ID, Quantity, MenuItem_ID, Order_ID) VALUES (433, 3, 10, 78);
INSERT INTO Order_Item (OrderItem_ID, Quantity, MenuItem_ID, Order_ID) VALUES (434, 3, 30, 78);
INSERT INTO Order_Item (OrderItem_ID, Quantity, MenuItem_ID, Order_ID) VALUES (435, 1, 4, 78);
INSERT INTO Order_Item (OrderItem_ID, Quantity, MenuItem_ID, Order_ID) VALUES (436, 1, 36, 78);
INSERT INTO Payments (Payment_ID, Order_ID, PaymentMethod_ID, Transaction_ID, Amount, Payment_Status, Timestamp) VALUES (78, 78, 32, '33ece6b1-fcfd-4547-abdc-e0dabe0bbddd', 122.57, 'Completed', '2025-01-26 14:25:53');
INSERT INTO Orders (Order_ID, Created_At, Delivery_time, Real_time_location, Special_Instructions, Status, OrderItem_Price, Taxes, Delivery_Fee, Customer_ID, Restaurant_ID, Personnel_ID, Delivery_Address_ID) VALUES (79, '2025-02-09 17:19:42', '2025-02-09 18:18:42', '757 Ronald Trail Apt. 965, Carrshire, ND 69344', 'Minute later still.', 'Processing', 135.46, 10.84, 3.13, 15, 10, 18, 35);
INSERT INTO Order_Item (OrderItem_ID, Quantity, MenuItem_ID, Order_ID) VALUES (437, 3, 14, 79);
INSERT INTO Order_Item (OrderItem_ID, Quantity, MenuItem_ID, Order_ID) VALUES (438, 3, 22, 79);
INSERT INTO Order_Item (OrderItem_ID, Quantity, MenuItem_ID, Order_ID) VALUES (439, 2, 20, 79);
INSERT INTO Order_Item (OrderItem_ID, Quantity, MenuItem_ID, Order_ID) VALUES (440, 2, 1, 79);
INSERT INTO Order_Item (OrderItem_ID, Quantity, MenuItem_ID, Order_ID) VALUES (441, 2, 55, 79);
INSERT INTO Order_Item (OrderItem_ID, Quantity, MenuItem_ID, Order_ID) VALUES (442, 2, 13, 79);
INSERT INTO Order_Item (OrderItem_ID, Quantity, MenuItem_ID, Order_ID) VALUES (443, 3, 48, 79);
INSERT INTO Order_Item (OrderItem_ID, Quantity, MenuItem_ID, Order_ID) VALUES (444, 2, 8, 79);
INSERT INTO Payments (Payment_ID, Order_ID, PaymentMethod_ID, Transaction_ID, Amount, Payment_Status, Timestamp) VALUES (79, 79, 32, '3ee79d31-feef-41f8-a0b6-2f900adbc4ff', 149.43, 'Completed', '2025-02-09 18:18:42');
INSERT INTO Orders (Order_ID, Created_At, Delivery_time, Real_time_location, Special_Instructions, Status, OrderItem_Price, Taxes, Delivery_Fee, Customer_ID, Restaurant_ID, Personnel_ID, Delivery_Address_ID) VALUES (80, '2025-04-11 17:19:46', '2025-04-11 18:26:46', '680 Kelly Locks, Kimport, GA 55873', 'Party approach might central stop.', 'Processing', 43.82, 3.51, 5.74, 15, 2, 16, 36);
INSERT INTO Order_Item (OrderItem_ID, Quantity, MenuItem_ID, Order_ID) VALUES (445, 3, 24, 80);
INSERT INTO Order_Item (OrderItem_ID, Quantity, MenuItem_ID, Order_ID) VALUES (446, 2, 21, 80);
INSERT INTO Order_Item (OrderItem_ID, Quantity, MenuItem_ID, Order_ID) VALUES (447, 2, 27, 80);
INSERT INTO Order_Item (OrderItem_ID, Quantity, MenuItem_ID, Order_ID) VALUES (448, 1, 3, 80);
INSERT INTO Payments (Payment_ID, Order_ID, PaymentMethod_ID, Transaction_ID, Amount, Payment_Status, Timestamp) VALUES (80, 80, 32, '802b1bf4-b8ff-415c-9727-20fa73a27c7b', 53.07, 'Completed', '2025-04-11 18:26:46');
INSERT INTO Orders (Order_ID, Created_At, Delivery_time, Real_time_location, Special_Instructions, Status, OrderItem_Price, Taxes, Delivery_Fee, Customer_ID, Restaurant_ID, Personnel_ID, Delivery_Address_ID) VALUES (81, '2025-01-22 23:25:04', '2025-01-23 00:48:04', '6570 Shawn Station, South Christopher, UT 85511', 'Responsibility but box last.', 'Processing', 169.86, 13.59, 4.1, 15, 6, 8, 36);
INSERT INTO Order_Item (OrderItem_ID, Quantity, MenuItem_ID, Order_ID) VALUES (449, 1, 54, 81);
INSERT INTO Order_Item (OrderItem_ID, Quantity, MenuItem_ID, Order_ID) VALUES (450, 3, 16, 81);
INSERT INTO Order_Item (OrderItem_ID, Quantity, MenuItem_ID, Order_ID) VALUES (451, 1, 32, 81);
INSERT INTO Order_Item (OrderItem_ID, Quantity, MenuItem_ID, Order_ID) VALUES (452, 1, 36, 81);
INSERT INTO Order_Item (OrderItem_ID, Quantity, MenuItem_ID, Order_ID) VALUES (453, 2, 42, 81);
INSERT INTO Order_Item (OrderItem_ID, Quantity, MenuItem_ID, Order_ID) VALUES (454, 1, 44, 81);
INSERT INTO Order_Item (OrderItem_ID, Quantity, MenuItem_ID, Order_ID) VALUES (455, 3, 22, 81);
INSERT INTO Order_Item (OrderItem_ID, Quantity, MenuItem_ID, Order_ID) VALUES (456, 1, 17, 81);
INSERT INTO Order_Item (OrderItem_ID, Quantity, MenuItem_ID, Order_ID) VALUES (457, 1, 53, 81);
INSERT INTO Order_Item (OrderItem_ID, Quantity, MenuItem_ID, Order_ID) VALUES (458, 3, 51, 81);
INSERT INTO Payments (Payment_ID, Order_ID, PaymentMethod_ID, Transaction_ID, Amount, Payment_Status, Timestamp) VALUES (81, 81, 32, 'b5103e9c-8618-440d-95d6-a6585ce9dbbc', 187.55, 'Completed', '2025-01-23 00:48:04');
INSERT INTO Orders (Order_ID, Created_At, Delivery_time, Real_time_location, Special_Instructions, Status, OrderItem_Price, Taxes, Delivery_Fee, Customer_ID, Restaurant_ID, Personnel_ID, Delivery_Address_ID) VALUES (82, '2025-03-16 13:58:36', '2025-03-16 14:46:36', '8602 Cunningham Shoals, East Misty, WI 93830', 'Information finally shoulder.', 'Processing', 77.14, 6.17, 4.14, 15, 1, 7, 36);
INSERT INTO Order_Item (OrderItem_ID, Quantity, MenuItem_ID, Order_ID) VALUES (459, 1, 4, 82);
INSERT INTO Order_Item (OrderItem_ID, Quantity, MenuItem_ID, Order_ID) VALUES (460, 3, 40, 82);
INSERT INTO Order_Item (OrderItem_ID, Quantity, MenuItem_ID, Order_ID) VALUES (461, 3, 41, 82);
INSERT INTO Order_Item (OrderItem_ID, Quantity, MenuItem_ID, Order_ID) VALUES (462, 3, 43, 82);
INSERT INTO Order_Item (OrderItem_ID, Quantity, MenuItem_ID, Order_ID) VALUES (463, 2, 54, 82);
INSERT INTO Order_Item (OrderItem_ID, Quantity, MenuItem_ID, Order_ID) VALUES (464, 1, 31, 82);
INSERT INTO Payments (Payment_ID, Order_ID, PaymentMethod_ID, Transaction_ID, Amount, Payment_Status, Timestamp) VALUES (82, 82, 32, '2e421840-a05f-46c8-89ed-856e723dfacd', 87.45, 'Completed', '2025-03-16 14:46:36');
INSERT INTO Orders (Order_ID, Created_At, Delivery_time, Real_time_location, Special_Instructions, Status, OrderItem_Price, Taxes, Delivery_Fee, Customer_ID, Restaurant_ID, Personnel_ID, Delivery_Address_ID) VALUES (83, '2025-01-23 19:50:28', '2025-01-23 20:56:28', 'PSC 3094, Box 0777, APO AP 01254', 'Third down open little improve bag outside each.', 'Processing', 57.05, 4.56, 3.62, 15, 2, 17, 35);
INSERT INTO Order_Item (OrderItem_ID, Quantity, MenuItem_ID, Order_ID) VALUES (465, 1, 13, 83);
INSERT INTO Order_Item (OrderItem_ID, Quantity, MenuItem_ID, Order_ID) VALUES (466, 3, 40, 83);
INSERT INTO Order_Item (OrderItem_ID, Quantity, MenuItem_ID, Order_ID) VALUES (467, 1, 34, 83);
INSERT INTO Order_Item (OrderItem_ID, Quantity, MenuItem_ID, Order_ID) VALUES (468, 2, 17, 83);
INSERT INTO Payments (Payment_ID, Order_ID, PaymentMethod_ID, Transaction_ID, Amount, Payment_Status, Timestamp) VALUES (83, 83, 32, 'a0ee404f-9ea8-4cb1-8732-68c98c1e9464', 65.23, 'Completed', '2025-01-23 20:56:28');
INSERT INTO Orders (Order_ID, Created_At, Delivery_time, Real_time_location, Special_Instructions, Status, OrderItem_Price, Taxes, Delivery_Fee, Customer_ID, Restaurant_ID, Personnel_ID, Delivery_Address_ID) VALUES (84, '2025-04-19 06:21:54', '2025-04-19 06:53:54', '22050 Melissa Shores, Markland, CT 55152', 'Claim expect produce record.', 'Processing', 103.19, 8.26, 4.11, 15, 1, 3, 36);
INSERT INTO Order_Item (OrderItem_ID, Quantity, MenuItem_ID, Order_ID) VALUES (469, 1, 25, 84);
INSERT INTO Order_Item (OrderItem_ID, Quantity, MenuItem_ID, Order_ID) VALUES (470, 1, 36, 84);
INSERT INTO Order_Item (OrderItem_ID, Quantity, MenuItem_ID, Order_ID) VALUES (471, 3, 31, 84);
INSERT INTO Order_Item (OrderItem_ID, Quantity, MenuItem_ID, Order_ID) VALUES (472, 3, 4, 84);
INSERT INTO Order_Item (OrderItem_ID, Quantity, MenuItem_ID, Order_ID) VALUES (473, 2, 41, 84);
INSERT INTO Order_Item (OrderItem_ID, Quantity, MenuItem_ID, Order_ID) VALUES (474, 2, 1, 84);
INSERT INTO Order_Item (OrderItem_ID, Quantity, MenuItem_ID, Order_ID) VALUES (475, 1, 45, 84);
INSERT INTO Payments (Payment_ID, Order_ID, PaymentMethod_ID, Transaction_ID, Amount, Payment_Status, Timestamp) VALUES (84, 84, 32, '2d6b5953-8fea-484e-898c-fd4892811c92', 115.56, 'Completed', '2025-04-19 06:53:54');
INSERT INTO Orders (Order_ID, Created_At, Delivery_time, Real_time_location, Special_Instructions, Status, OrderItem_Price, Taxes, Delivery_Fee, Customer_ID, Restaurant_ID, Personnel_ID, Delivery_Address_ID) VALUES (85, '2025-03-30 10:01:41', '2025-03-30 10:56:41', '14556 Katherine Ville Apt. 472, Lake Michelemouth, MT 69267', 'Receive partner body role pick.', 'Processing', 61.019999999999996, 4.88, 4.85, 15, 5, 18, 35);
INSERT INTO Order_Item (OrderItem_ID, Quantity, MenuItem_ID, Order_ID) VALUES (476, 1, 55, 85);
INSERT INTO Order_Item (OrderItem_ID, Quantity, MenuItem_ID, Order_ID) VALUES (477, 2, 21, 85);
INSERT INTO Order_Item (OrderItem_ID, Quantity, MenuItem_ID, Order_ID) VALUES (478, 1, 2, 85);
INSERT INTO Payments (Payment_ID, Order_ID, PaymentMethod_ID, Transaction_ID, Amount, Payment_Status, Timestamp) VALUES (85, 85, 32, 'b95cec2d-7bd1-4655-9671-8639fcb86f9e', 70.75, 'Completed', '2025-03-30 10:56:41');
INSERT INTO Orders (Order_ID, Created_At, Delivery_time, Real_time_location, Special_Instructions, Status, OrderItem_Price, Taxes, Delivery_Fee, Customer_ID, Restaurant_ID, Personnel_ID, Delivery_Address_ID) VALUES (86, '2025-05-14 17:21:41', '2025-05-14 18:16:41', '9548 Ho Ridges Suite 877, New Jesse, ID 00708', 'Agency personal brother summer.', 'Processing', 113.28, 9.06, 5.82, 16, 7, 18, 37);
INSERT INTO Order_Item (OrderItem_ID, Quantity, MenuItem_ID, Order_ID) VALUES (479, 2, 49, 86);
INSERT INTO Order_Item (OrderItem_ID, Quantity, MenuItem_ID, Order_ID) VALUES (480, 1, 48, 86);
INSERT INTO Order_Item (OrderItem_ID, Quantity, MenuItem_ID, Order_ID) VALUES (481, 3, 9, 86);
INSERT INTO Order_Item (OrderItem_ID, Quantity, MenuItem_ID, Order_ID) VALUES (482, 2, 51, 86);
INSERT INTO Order_Item (OrderItem_ID, Quantity, MenuItem_ID, Order_ID) VALUES (483, 2, 45, 86);
INSERT INTO Order_Item (OrderItem_ID, Quantity, MenuItem_ID, Order_ID) VALUES (484, 2, 47, 86);
INSERT INTO Order_Item (OrderItem_ID, Quantity, MenuItem_ID, Order_ID) VALUES (485, 1, 6, 86);
INSERT INTO Payments (Payment_ID, Order_ID, PaymentMethod_ID, Transaction_ID, Amount, Payment_Status, Timestamp) VALUES (86, 86, 34, '6a25542e-ffbd-4cdd-9d84-d303ccb03fc5', 128.16, 'Completed', '2025-05-14 18:16:41');
INSERT INTO Orders (Order_ID, Created_At, Delivery_time, Real_time_location, Special_Instructions, Status, OrderItem_Price, Taxes, Delivery_Fee, Customer_ID, Restaurant_ID, Personnel_ID, Delivery_Address_ID) VALUES (87, '2025-03-22 09:34:17', '2025-03-22 10:08:17', '303 King Cliff Suite 488, Katieville, MA 45243', 'Right pattern ahead compare form full.', 'Processing', 43.95, 3.52, 2.99, 16, 9, 13, 37);
INSERT INTO Order_Item (OrderItem_ID, Quantity, MenuItem_ID, Order_ID) VALUES (486, 1, 44, 87);
INSERT INTO Order_Item (OrderItem_ID, Quantity, MenuItem_ID, Order_ID) VALUES (487, 2, 38, 87);
INSERT INTO Order_Item (OrderItem_ID, Quantity, MenuItem_ID, Order_ID) VALUES (488, 1, 43, 87);
INSERT INTO Payments (Payment_ID, Order_ID, PaymentMethod_ID, Transaction_ID, Amount, Payment_Status, Timestamp) VALUES (87, 87, 34, '7978dc84-ea89-4979-baa6-d6eaac273009', 50.46, 'Completed', '2025-03-22 10:08:17');
INSERT INTO Orders (Order_ID, Created_At, Delivery_time, Real_time_location, Special_Instructions, Status, OrderItem_Price, Taxes, Delivery_Fee, Customer_ID, Restaurant_ID, Personnel_ID, Delivery_Address_ID) VALUES (88, '2025-01-07 21:42:48', '2025-01-07 22:17:48', '78576 Mary Hills Suite 880, New Gina, WY 46847', 'Wide exactly all worker.', 'Processing', 79.03, 6.32, 2.41, 16, 3, 13, 37);
INSERT INTO Order_Item (OrderItem_ID, Quantity, MenuItem_ID, Order_ID) VALUES (489, 2, 7, 88);
INSERT INTO Order_Item (OrderItem_ID, Quantity, MenuItem_ID, Order_ID) VALUES (490, 3, 6, 88);
INSERT INTO Order_Item (OrderItem_ID, Quantity, MenuItem_ID, Order_ID) VALUES (491, 1, 1, 88);
INSERT INTO Order_Item (OrderItem_ID, Quantity, MenuItem_ID, Order_ID) VALUES (492, 3, 20, 88);
INSERT INTO Order_Item (OrderItem_ID, Quantity, MenuItem_ID, Order_ID) VALUES (493, 3, 29, 88);
INSERT INTO Order_Item (OrderItem_ID, Quantity, MenuItem_ID, Order_ID) VALUES (494, 2, 24, 88);
INSERT INTO Payments (Payment_ID, Order_ID, PaymentMethod_ID, Transaction_ID, Amount, Payment_Status, Timestamp) VALUES (88, 88, 34, '2a7cf9e9-d7a7-47b1-88c6-2063a06303ca', 87.76, 'Completed', '2025-01-07 22:17:48');
INSERT INTO Orders (Order_ID, Created_At, Delivery_time, Real_time_location, Special_Instructions, Status, OrderItem_Price, Taxes, Delivery_Fee, Customer_ID, Restaurant_ID, Personnel_ID, Delivery_Address_ID) VALUES (89, '2025-04-21 20:58:02', '2025-04-21 21:58:02', '145 Joseph Corners, Wileystad, ME 28830', 'Few born size sing tree kitchen agent.', 'Processing', 74.61999999999999, 5.97, 3.68, 16, 1, 10, 37);
INSERT INTO Order_Item (OrderItem_ID, Quantity, MenuItem_ID, Order_ID) VALUES (495, 1, 50, 89);
INSERT INTO Order_Item (OrderItem_ID, Quantity, MenuItem_ID, Order_ID) VALUES (496, 2, 6, 89);
INSERT INTO Order_Item (OrderItem_ID, Quantity, MenuItem_ID, Order_ID) VALUES (497, 2, 47, 89);
INSERT INTO Order_Item (OrderItem_ID, Quantity, MenuItem_ID, Order_ID) VALUES (498, 1, 36, 89);
INSERT INTO Order_Item (OrderItem_ID, Quantity, MenuItem_ID, Order_ID) VALUES (499, 3, 16, 89);
INSERT INTO Order_Item (OrderItem_ID, Quantity, MenuItem_ID, Order_ID) VALUES (500, 3, 37, 89);
INSERT INTO Order_Item (OrderItem_ID, Quantity, MenuItem_ID, Order_ID) VALUES (501, 2, 34, 89);
INSERT INTO Payments (Payment_ID, Order_ID, PaymentMethod_ID, Transaction_ID, Amount, Payment_Status, Timestamp) VALUES (89, 89, 33, '2771a422-8003-4f26-a7ab-2ef77b8fd09a', 84.27, 'Completed', '2025-04-21 21:58:02');
INSERT INTO Orders (Order_ID, Created_At, Delivery_time, Real_time_location, Special_Instructions, Status, OrderItem_Price, Taxes, Delivery_Fee, Customer_ID, Restaurant_ID, Personnel_ID, Delivery_Address_ID) VALUES (90, '2025-02-06 22:27:02', '2025-02-06 23:35:02', '845 Kayla Courts Apt. 307, Reeveshaven, AL 41261', 'Reach organization beautiful.', 'Processing', 83.72, 6.7, 4.6, 16, 8, 4, 37);
INSERT INTO Order_Item (OrderItem_ID, Quantity, MenuItem_ID, Order_ID) VALUES (502, 1, 1, 90);
INSERT INTO Order_Item (OrderItem_ID, Quantity, MenuItem_ID, Order_ID) VALUES (503, 2, 26, 90);
INSERT INTO Order_Item (OrderItem_ID, Quantity, MenuItem_ID, Order_ID) VALUES (504, 2, 22, 90);
INSERT INTO Order_Item (OrderItem_ID, Quantity, MenuItem_ID, Order_ID) VALUES (505, 3, 54, 90);
INSERT INTO Order_Item (OrderItem_ID, Quantity, MenuItem_ID, Order_ID) VALUES (506, 3, 40, 90);
INSERT INTO Payments (Payment_ID, Order_ID, PaymentMethod_ID, Transaction_ID, Amount, Payment_Status, Timestamp) VALUES (90, 90, 33, '1a64f27d-0bcf-40fc-a3a1-af9777852ddb', 95.02, 'Completed', '2025-02-06 23:35:02');
INSERT INTO Orders (Order_ID, Created_At, Delivery_time, Real_time_location, Special_Instructions, Status, OrderItem_Price, Taxes, Delivery_Fee, Customer_ID, Restaurant_ID, Personnel_ID, Delivery_Address_ID) VALUES (91, '2025-04-12 02:04:04', '2025-04-12 02:45:04', '94353 Justin Place Suite 714, East Joshua, RI 73852', 'Bill my near even wall sound off.', 'Processing', 108.42999999999999, 8.67, 5.99, 16, 8, 11, 37);
INSERT INTO Order_Item (OrderItem_ID, Quantity, MenuItem_ID, Order_ID) VALUES (507, 3, 21, 91);
INSERT INTO Order_Item (OrderItem_ID, Quantity, MenuItem_ID, Order_ID) VALUES (508, 3, 19, 91);
INSERT INTO Order_Item (OrderItem_ID, Quantity, MenuItem_ID, Order_ID) VALUES (509, 1, 48, 91);
INSERT INTO Order_Item (OrderItem_ID, Quantity, MenuItem_ID, Order_ID) VALUES (510, 3, 45, 91);
INSERT INTO Order_Item (OrderItem_ID, Quantity, MenuItem_ID, Order_ID) VALUES (511, 2, 41, 91);
INSERT INTO Order_Item (OrderItem_ID, Quantity, MenuItem_ID, Order_ID) VALUES (512, 3, 32, 91);
INSERT INTO Order_Item (OrderItem_ID, Quantity, MenuItem_ID, Order_ID) VALUES (513, 1, 37, 91);
INSERT INTO Payments (Payment_ID, Order_ID, PaymentMethod_ID, Transaction_ID, Amount, Payment_Status, Timestamp) VALUES (91, 91, 34, '9cfecbd8-4fb6-4094-923c-f9112bd8ad4d', 123.09, 'Completed', '2025-04-12 02:45:04');
INSERT INTO Orders (Order_ID, Created_At, Delivery_time, Real_time_location, Special_Instructions, Status, OrderItem_Price, Taxes, Delivery_Fee, Customer_ID, Restaurant_ID, Personnel_ID, Delivery_Address_ID) VALUES (92, '2025-03-07 18:38:15', '2025-03-07 19:10:15', '07016 Christopher Lock, Lake Caitlin, SC 90957', 'Pattern fine stage require provide move wind.', 'Processing', 135.13, 10.81, 3.67, 16, 5, 3, 37);
INSERT INTO Order_Item (OrderItem_ID, Quantity, MenuItem_ID, Order_ID) VALUES (514, 2, 9, 92);
INSERT INTO Order_Item (OrderItem_ID, Quantity, MenuItem_ID, Order_ID) VALUES (515, 3, 41, 92);
INSERT INTO Order_Item (OrderItem_ID, Quantity, MenuItem_ID, Order_ID) VALUES (516, 3, 20, 92);
INSERT INTO Order_Item (OrderItem_ID, Quantity, MenuItem_ID, Order_ID) VALUES (517, 3, 16, 92);
INSERT INTO Order_Item (OrderItem_ID, Quantity, MenuItem_ID, Order_ID) VALUES (518, 3, 17, 92);
INSERT INTO Order_Item (OrderItem_ID, Quantity, MenuItem_ID, Order_ID) VALUES (519, 1, 43, 92);
INSERT INTO Order_Item (OrderItem_ID, Quantity, MenuItem_ID, Order_ID) VALUES (520, 1, 10, 92);
INSERT INTO Order_Item (OrderItem_ID, Quantity, MenuItem_ID, Order_ID) VALUES (521, 1, 46, 92);
INSERT INTO Payments (Payment_ID, Order_ID, PaymentMethod_ID, Transaction_ID, Amount, Payment_Status, Timestamp) VALUES (92, 92, 34, '915aa3c0-7737-4fb5-83b1-927bc1785e77', 149.61, 'Completed', '2025-03-07 19:10:15');
INSERT INTO Orders (Order_ID, Created_At, Delivery_time, Real_time_location, Special_Instructions, Status, OrderItem_Price, Taxes, Delivery_Fee, Customer_ID, Restaurant_ID, Personnel_ID, Delivery_Address_ID) VALUES (93, '2025-01-26 14:12:37', '2025-01-26 14:43:37', '74773 Douglas Ridges Suite 562, Kristinamouth, NM 04467', 'Little goal leave color.', 'Processing', 152.84, 12.23, 3.38, 16, 3, 20, 37);
INSERT INTO Order_Item (OrderItem_ID, Quantity, MenuItem_ID, Order_ID) VALUES (522, 2, 42, 93);
INSERT INTO Order_Item (OrderItem_ID, Quantity, MenuItem_ID, Order_ID) VALUES (523, 1, 44, 93);
INSERT INTO Order_Item (OrderItem_ID, Quantity, MenuItem_ID, Order_ID) VALUES (524, 2, 55, 93);
INSERT INTO Order_Item (OrderItem_ID, Quantity, MenuItem_ID, Order_ID) VALUES (525, 2, 26, 93);
INSERT INTO Order_Item (OrderItem_ID, Quantity, MenuItem_ID, Order_ID) VALUES (526, 1, 49, 93);
INSERT INTO Order_Item (OrderItem_ID, Quantity, MenuItem_ID, Order_ID) VALUES (527, 1, 22, 93);
INSERT INTO Order_Item (OrderItem_ID, Quantity, MenuItem_ID, Order_ID) VALUES (528, 3, 28, 93);
INSERT INTO Order_Item (OrderItem_ID, Quantity, MenuItem_ID, Order_ID) VALUES (529, 1, 7, 93);
INSERT INTO Order_Item (OrderItem_ID, Quantity, MenuItem_ID, Order_ID) VALUES (530, 2, 1, 93);
INSERT INTO Order_Item (OrderItem_ID, Quantity, MenuItem_ID, Order_ID) VALUES (531, 2, 48, 93);
INSERT INTO Payments (Payment_ID, Order_ID, PaymentMethod_ID, Transaction_ID, Amount, Payment_Status, Timestamp) VALUES (93, 93, 34, '931e1d4d-9abc-4859-993e-dc83c497d0a8', 168.45, 'Completed', '2025-01-26 14:43:37');
INSERT INTO Orders (Order_ID, Created_At, Delivery_time, Real_time_location, Special_Instructions, Status, OrderItem_Price, Taxes, Delivery_Fee, Customer_ID, Restaurant_ID, Personnel_ID, Delivery_Address_ID) VALUES (94, '2025-01-25 17:41:56', '2025-01-25 18:21:56', '158 Laura Place Suite 696, New John, NJ 50808', 'Future sport opportunity six.', 'Processing', 90.83000000000001, 7.27, 4.71, 16, 8, 7, 37);
INSERT INTO Order_Item (OrderItem_ID, Quantity, MenuItem_ID, Order_ID) VALUES (532, 3, 31, 94);
INSERT INTO Order_Item (OrderItem_ID, Quantity, MenuItem_ID, Order_ID) VALUES (533, 1, 7, 94);
INSERT INTO Order_Item (OrderItem_ID, Quantity, MenuItem_ID, Order_ID) VALUES (534, 3, 29, 94);
INSERT INTO Order_Item (OrderItem_ID, Quantity, MenuItem_ID, Order_ID) VALUES (535, 1, 47, 94);
INSERT INTO Order_Item (OrderItem_ID, Quantity, MenuItem_ID, Order_ID) VALUES (536, 3, 45, 94);
INSERT INTO Order_Item (OrderItem_ID, Quantity, MenuItem_ID, Order_ID) VALUES (537, 1, 53, 94);
INSERT INTO Payments (Payment_ID, Order_ID, PaymentMethod_ID, Transaction_ID, Amount, Payment_Status, Timestamp) VALUES (94, 94, 34, '579a7954-c98e-4f5b-9134-c0b76f73573b', 102.81, 'Completed', '2025-01-25 18:21:56');
INSERT INTO Orders (Order_ID, Created_At, Delivery_time, Real_time_location, Special_Instructions, Status, OrderItem_Price, Taxes, Delivery_Fee, Customer_ID, Restaurant_ID, Personnel_ID, Delivery_Address_ID) VALUES (95, '2025-04-16 17:40:45', '2025-04-16 18:38:45', '197 Brittany Mountain, Angelamouth, ME 53689', 'Our rate others star.', 'Processing', 59.54, 4.76, 5.53, 16, 9, 14, 37);
INSERT INTO Order_Item (OrderItem_ID, Quantity, MenuItem_ID, Order_ID) VALUES (538, 3, 52, 95);
INSERT INTO Order_Item (OrderItem_ID, Quantity, MenuItem_ID, Order_ID) VALUES (539, 2, 26, 95);
INSERT INTO Order_Item (OrderItem_ID, Quantity, MenuItem_ID, Order_ID) VALUES (540, 2, 41, 95);
INSERT INTO Order_Item (OrderItem_ID, Quantity, MenuItem_ID, Order_ID) VALUES (541, 1, 12, 95);
INSERT INTO Payments (Payment_ID, Order_ID, PaymentMethod_ID, Transaction_ID, Amount, Payment_Status, Timestamp) VALUES (95, 95, 33, 'a9008ecd-a51e-41ad-be8a-207853d106cb', 69.83, 'Completed', '2025-04-16 18:38:45');
INSERT INTO Orders (Order_ID, Created_At, Delivery_time, Real_time_location, Special_Instructions, Status, OrderItem_Price, Taxes, Delivery_Fee, Customer_ID, Restaurant_ID, Personnel_ID, Delivery_Address_ID) VALUES (96, '2025-01-12 22:31:40', '2025-01-12 23:17:40', '022 Schmidt Loaf, Gonzalezmouth, OK 89572', 'Truth view response trip wrong.', 'Processing', 20.259999999999998, 1.62, 3.83, 17, 5, 3, 40);
INSERT INTO Order_Item (OrderItem_ID, Quantity, MenuItem_ID, Order_ID) VALUES (542, 3, 52, 96);
INSERT INTO Order_Item (OrderItem_ID, Quantity, MenuItem_ID, Order_ID) VALUES (543, 2, 35, 96);
INSERT INTO Payments (Payment_ID, Order_ID, PaymentMethod_ID, Transaction_ID, Amount, Payment_Status, Timestamp) VALUES (96, 96, 36, 'fc862110-9c8a-4872-8214-1a68952d986c', 25.71, 'Completed', '2025-01-12 23:17:40');
INSERT INTO Orders (Order_ID, Created_At, Delivery_time, Real_time_location, Special_Instructions, Status, OrderItem_Price, Taxes, Delivery_Fee, Customer_ID, Restaurant_ID, Personnel_ID, Delivery_Address_ID) VALUES (97, '2025-04-10 02:44:51', '2025-04-10 03:25:51', '0580 Jacqueline View, Danielport, AK 31334', 'Reduce hour fish him high nation.', 'Processing', 90.36999999999999, 7.23, 3.22, 17, 10, 13, 40);
INSERT INTO Order_Item (OrderItem_ID, Quantity, MenuItem_ID, Order_ID) VALUES (544, 2, 38, 97);
INSERT INTO Order_Item (OrderItem_ID, Quantity, MenuItem_ID, Order_ID) VALUES (545, 3, 8, 97);
INSERT INTO Order_Item (OrderItem_ID, Quantity, MenuItem_ID, Order_ID) VALUES (546, 1, 23, 97);
INSERT INTO Order_Item (OrderItem_ID, Quantity, MenuItem_ID, Order_ID) VALUES (547, 3, 53, 97);
INSERT INTO Order_Item (OrderItem_ID, Quantity, MenuItem_ID, Order_ID) VALUES (548, 2, 30, 97);
INSERT INTO Order_Item (OrderItem_ID, Quantity, MenuItem_ID, Order_ID) VALUES (549, 2, 40, 97);
INSERT INTO Order_Item (OrderItem_ID, Quantity, MenuItem_ID, Order_ID) VALUES (550, 3, 12, 97);
INSERT INTO Payments (Payment_ID, Order_ID, PaymentMethod_ID, Transaction_ID, Amount, Payment_Status, Timestamp) VALUES (97, 97, 35, '239a046d-7991-4c51-ac64-9adfa998c8e1', 100.82, 'Completed', '2025-04-10 03:25:51');
INSERT INTO Orders (Order_ID, Created_At, Delivery_time, Real_time_location, Special_Instructions, Status, OrderItem_Price, Taxes, Delivery_Fee, Customer_ID, Restaurant_ID, Personnel_ID, Delivery_Address_ID) VALUES (98, '2025-02-06 13:12:02', '2025-02-06 14:13:02', '2422 Charles Brook Apt. 762, East Dawnchester, NH 91647', 'Us perhaps lawyer interest star his difficult interesting.', 'Processing', 61.78, 4.94, 4.22, 17, 10, 13, 39);
INSERT INTO Order_Item (OrderItem_ID, Quantity, MenuItem_ID, Order_ID) VALUES (551, 2, 32, 98);
INSERT INTO Order_Item (OrderItem_ID, Quantity, MenuItem_ID, Order_ID) VALUES (552, 1, 41, 98);
INSERT INTO Order_Item (OrderItem_ID, Quantity, MenuItem_ID, Order_ID) VALUES (553, 1, 35, 98);
INSERT INTO Payments (Payment_ID, Order_ID, PaymentMethod_ID, Transaction_ID, Amount, Payment_Status, Timestamp) VALUES (98, 98, 36, 'd8c823b0-7f87-46f1-93f3-c70201e6ee9a', 70.94, 'Completed', '2025-02-06 14:13:02');
INSERT INTO Orders (Order_ID, Created_At, Delivery_time, Real_time_location, Special_Instructions, Status, OrderItem_Price, Taxes, Delivery_Fee, Customer_ID, Restaurant_ID, Personnel_ID, Delivery_Address_ID) VALUES (99, '2025-02-15 23:20:05', '2025-02-15 23:51:05', '8950 Ashley Squares Suite 197, East Jessicahaven, WV 37125', 'Might model particular early piece professional protect.', 'Processing', 98.58, 7.89, 2.33, 17, 8, 20, 38);
INSERT INTO Order_Item (OrderItem_ID, Quantity, MenuItem_ID, Order_ID) VALUES (554, 1, 1, 99);
INSERT INTO Order_Item (OrderItem_ID, Quantity, MenuItem_ID, Order_ID) VALUES (555, 2, 32, 99);
INSERT INTO Order_Item (OrderItem_ID, Quantity, MenuItem_ID, Order_ID) VALUES (556, 1, 9, 99);
INSERT INTO Order_Item (OrderItem_ID, Quantity, MenuItem_ID, Order_ID) VALUES (557, 2, 13, 99);
INSERT INTO Order_Item (OrderItem_ID, Quantity, MenuItem_ID, Order_ID) VALUES (558, 1, 25, 99);
INSERT INTO Order_Item (OrderItem_ID, Quantity, MenuItem_ID, Order_ID) VALUES (559, 3, 36, 99);
INSERT INTO Payments (Payment_ID, Order_ID, PaymentMethod_ID, Transaction_ID, Amount, Payment_Status, Timestamp) VALUES (99, 99, 36, 'cc502a89-8a08-440e-a239-5ad5af1f798c', 108.8, 'Completed', '2025-02-15 23:51:05');
INSERT INTO Orders (Order_ID, Created_At, Delivery_time, Real_time_location, Special_Instructions, Status, OrderItem_Price, Taxes, Delivery_Fee, Customer_ID, Restaurant_ID, Personnel_ID, Delivery_Address_ID) VALUES (100, '2025-04-23 13:15:51', '2025-04-23 14:13:51', '8077 Berry Isle, Gomezport, GA 05131', 'See risk nor article list college appear wrong.', 'Processing', 147.01999999999998, 11.76, 6.0, 18, 8, 19, 44);
INSERT INTO Order_Item (OrderItem_ID, Quantity, MenuItem_ID, Order_ID) VALUES (560, 2, 33, 100);
INSERT INTO Order_Item (OrderItem_ID, Quantity, MenuItem_ID, Order_ID) VALUES (561, 2, 8, 100);
INSERT INTO Order_Item (OrderItem_ID, Quantity, MenuItem_ID, Order_ID) VALUES (562, 1, 37, 100);
INSERT INTO Order_Item (OrderItem_ID, Quantity, MenuItem_ID, Order_ID) VALUES (563, 2, 54, 100);
INSERT INTO Order_Item (OrderItem_ID, Quantity, MenuItem_ID, Order_ID) VALUES (564, 1, 18, 100);
INSERT INTO Order_Item (OrderItem_ID, Quantity, MenuItem_ID, Order_ID) VALUES (565, 1, 50, 100);
INSERT INTO Order_Item (OrderItem_ID, Quantity, MenuItem_ID, Order_ID) VALUES (566, 1, 35, 100);
INSERT INTO Order_Item (OrderItem_ID, Quantity, MenuItem_ID, Order_ID) VALUES (567, 3, 24, 100);
INSERT INTO Order_Item (OrderItem_ID, Quantity, MenuItem_ID, Order_ID) VALUES (568, 3, 49, 100);
INSERT INTO Payments (Payment_ID, Order_ID, PaymentMethod_ID, Transaction_ID, Amount, Payment_Status, Timestamp) VALUES (100, 100, 37, '06fd01e6-9fd3-4d40-bcc4-f0dbcf13cb3d', 164.78, 'Completed', '2025-04-23 14:13:51');
INSERT INTO Orders (Order_ID, Created_At, Delivery_time, Real_time_location, Special_Instructions, Status, OrderItem_Price, Taxes, Delivery_Fee, Customer_ID, Restaurant_ID, Personnel_ID, Delivery_Address_ID) VALUES (101, '2025-02-25 16:39:28', '2025-02-25 18:07:28', '144 Christina Harbor, Alexisville, HI 78065', 'Process have compare site.', 'Processing', 164.09, 13.13, 5.14, 18, 10, 14, 42);
INSERT INTO Order_Item (OrderItem_ID, Quantity, MenuItem_ID, Order_ID) VALUES (569, 1, 9, 101);
INSERT INTO Order_Item (OrderItem_ID, Quantity, MenuItem_ID, Order_ID) VALUES (570, 2, 51, 101);
INSERT INTO Order_Item (OrderItem_ID, Quantity, MenuItem_ID, Order_ID) VALUES (571, 3, 14, 101);
INSERT INTO Order_Item (OrderItem_ID, Quantity, MenuItem_ID, Order_ID) VALUES (572, 1, 53, 101);
INSERT INTO Order_Item (OrderItem_ID, Quantity, MenuItem_ID, Order_ID) VALUES (573, 3, 4, 101);
INSERT INTO Order_Item (OrderItem_ID, Quantity, MenuItem_ID, Order_ID) VALUES (574, 1, 37, 101);
INSERT INTO Order_Item (OrderItem_ID, Quantity, MenuItem_ID, Order_ID) VALUES (575, 1, 23, 101);
INSERT INTO Order_Item (OrderItem_ID, Quantity, MenuItem_ID, Order_ID) VALUES (576, 1, 35, 101);
INSERT INTO Order_Item (OrderItem_ID, Quantity, MenuItem_ID, Order_ID) VALUES (577, 3, 18, 101);
INSERT INTO Order_Item (OrderItem_ID, Quantity, MenuItem_ID, Order_ID) VALUES (578, 2, 39, 101);
INSERT INTO Payments (Payment_ID, Order_ID, PaymentMethod_ID, Transaction_ID, Amount, Payment_Status, Timestamp) VALUES (101, 101, 37, 'cca3a4c4-2e49-42cf-bc23-9ebc3c775558', 182.36, 'Completed', '2025-02-25 18:07:28');
INSERT INTO Orders (Order_ID, Created_At, Delivery_time, Real_time_location, Special_Instructions, Status, OrderItem_Price, Taxes, Delivery_Fee, Customer_ID, Restaurant_ID, Personnel_ID, Delivery_Address_ID) VALUES (102, '2025-04-13 09:48:36', '2025-04-13 11:00:36', '29276 Young Mill Apt. 395, Lake Josephville, GA 61320', 'Live live way two do raise.', 'Processing', 162.34, 12.99, 3.83, 18, 7, 16, 42);
INSERT INTO Order_Item (OrderItem_ID, Quantity, MenuItem_ID, Order_ID) VALUES (579, 3, 41, 102);
INSERT INTO Order_Item (OrderItem_ID, Quantity, MenuItem_ID, Order_ID) VALUES (580, 2, 18, 102);
INSERT INTO Order_Item (OrderItem_ID, Quantity, MenuItem_ID, Order_ID) VALUES (581, 1, 55, 102);
INSERT INTO Order_Item (OrderItem_ID, Quantity, MenuItem_ID, Order_ID) VALUES (582, 3, 27, 102);
INSERT INTO Order_Item (OrderItem_ID, Quantity, MenuItem_ID, Order_ID) VALUES (583, 2, 25, 102);
INSERT INTO Order_Item (OrderItem_ID, Quantity, MenuItem_ID, Order_ID) VALUES (584, 1, 29, 102);
INSERT INTO Order_Item (OrderItem_ID, Quantity, MenuItem_ID, Order_ID) VALUES (585, 2, 5, 102);
INSERT INTO Order_Item (OrderItem_ID, Quantity, MenuItem_ID, Order_ID) VALUES (586, 1, 53, 102);
INSERT INTO Order_Item (OrderItem_ID, Quantity, MenuItem_ID, Order_ID) VALUES (587, 2, 6, 102);
INSERT INTO Order_Item (OrderItem_ID, Quantity, MenuItem_ID, Order_ID) VALUES (588, 2, 26, 102);
INSERT INTO Payments (Payment_ID, Order_ID, PaymentMethod_ID, Transaction_ID, Amount, Payment_Status, Timestamp) VALUES (102, 102, 37, '25288a1b-433b-46fc-b97e-b3e463dba8c8', 179.16, 'Completed', '2025-04-13 11:00:36');
INSERT INTO Orders (Order_ID, Created_At, Delivery_time, Real_time_location, Special_Instructions, Status, OrderItem_Price, Taxes, Delivery_Fee, Customer_ID, Restaurant_ID, Personnel_ID, Delivery_Address_ID) VALUES (103, '2025-04-14 00:02:22', '2025-04-14 00:42:22', '7658 Connor Place, Stephaniechester, SD 36229', 'Establish sort effort once leave push.', 'Processing', 142.95999999999998, 11.44, 4.6, 19, 6, 18, 45);
INSERT INTO Order_Item (OrderItem_ID, Quantity, MenuItem_ID, Order_ID) VALUES (589, 2, 55, 103);
INSERT INTO Order_Item (OrderItem_ID, Quantity, MenuItem_ID, Order_ID) VALUES (590, 1, 32, 103);
INSERT INTO Order_Item (OrderItem_ID, Quantity, MenuItem_ID, Order_ID) VALUES (591, 3, 51, 103);
INSERT INTO Order_Item (OrderItem_ID, Quantity, MenuItem_ID, Order_ID) VALUES (592, 2, 22, 103);
INSERT INTO Order_Item (OrderItem_ID, Quantity, MenuItem_ID, Order_ID) VALUES (593, 2, 44, 103);
INSERT INTO Order_Item (OrderItem_ID, Quantity, MenuItem_ID, Order_ID) VALUES (594, 1, 49, 103);
INSERT INTO Order_Item (OrderItem_ID, Quantity, MenuItem_ID, Order_ID) VALUES (595, 2, 4, 103);
INSERT INTO Order_Item (OrderItem_ID, Quantity, MenuItem_ID, Order_ID) VALUES (596, 3, 3, 103);
INSERT INTO Order_Item (OrderItem_ID, Quantity, MenuItem_ID, Order_ID) VALUES (597, 3, 7, 103);
INSERT INTO Order_Item (OrderItem_ID, Quantity, MenuItem_ID, Order_ID) VALUES (598, 1, 41, 103);
INSERT INTO Payments (Payment_ID, Order_ID, PaymentMethod_ID, Transaction_ID, Amount, Payment_Status, Timestamp) VALUES (103, 103, 38, '96b6a287-ac00-4929-bbfb-f76c3de667f9', 159.0, 'Completed', '2025-04-14 00:42:22');
INSERT INTO Orders (Order_ID, Created_At, Delivery_time, Real_time_location, Special_Instructions, Status, OrderItem_Price, Taxes, Delivery_Fee, Customer_ID, Restaurant_ID, Personnel_ID, Delivery_Address_ID) VALUES (104, '2025-02-07 20:25:10', '2025-02-07 21:39:10', '8001 Robert Pine, Lake Seanbury, LA 33517', 'Alone people arm order thus.', 'Processing', 77.16, 6.17, 5.44, 19, 7, 10, 45);
INSERT INTO Order_Item (OrderItem_ID, Quantity, MenuItem_ID, Order_ID) VALUES (599, 1, 42, 104);
INSERT INTO Order_Item (OrderItem_ID, Quantity, MenuItem_ID, Order_ID) VALUES (600, 2, 6, 104);
INSERT INTO Order_Item (OrderItem_ID, Quantity, MenuItem_ID, Order_ID) VALUES (601, 1, 46, 104);
INSERT INTO Order_Item (OrderItem_ID, Quantity, MenuItem_ID, Order_ID) VALUES (602, 1, 7, 104);
INSERT INTO Order_Item (OrderItem_ID, Quantity, MenuItem_ID, Order_ID) VALUES (603, 2, 1, 104);
INSERT INTO Order_Item (OrderItem_ID, Quantity, MenuItem_ID, Order_ID) VALUES (604, 1, 14, 104);
INSERT INTO Order_Item (OrderItem_ID, Quantity, MenuItem_ID, Order_ID) VALUES (605, 3, 31, 104);
INSERT INTO Payments (Payment_ID, Order_ID, PaymentMethod_ID, Transaction_ID, Amount, Payment_Status, Timestamp) VALUES (104, 104, 38, 'a3596667-9971-4b2b-b353-3e8a3781d306', 88.77, 'Completed', '2025-02-07 21:39:10');
INSERT INTO Orders (Order_ID, Created_At, Delivery_time, Real_time_location, Special_Instructions, Status, OrderItem_Price, Taxes, Delivery_Fee, Customer_ID, Restaurant_ID, Personnel_ID, Delivery_Address_ID) VALUES (105, '2025-01-24 15:34:59', '2025-01-24 16:14:59', '92692 Heather Glen, Stevenland, NH 36727', 'Realize property show either sit everyone.', 'Processing', 81.49999999999999, 6.52, 4.44, 19, 2, 11, 45);
INSERT INTO Order_Item (OrderItem_ID, Quantity, MenuItem_ID, Order_ID) VALUES (606, 2, 9, 105);
INSERT INTO Order_Item (OrderItem_ID, Quantity, MenuItem_ID, Order_ID) VALUES (607, 2, 25, 105);
INSERT INTO Order_Item (OrderItem_ID, Quantity, MenuItem_ID, Order_ID) VALUES (608, 3, 50, 105);
INSERT INTO Order_Item (OrderItem_ID, Quantity, MenuItem_ID, Order_ID) VALUES (609, 1, 53, 105);
INSERT INTO Order_Item (OrderItem_ID, Quantity, MenuItem_ID, Order_ID) VALUES (610, 3, 49, 105);
INSERT INTO Payments (Payment_ID, Order_ID, PaymentMethod_ID, Transaction_ID, Amount, Payment_Status, Timestamp) VALUES (105, 105, 38, '5528dc45-637a-4999-a1ff-1d9a0ff89e8a', 92.46, 'Completed', '2025-01-24 16:14:59');
INSERT INTO Orders (Order_ID, Created_At, Delivery_time, Real_time_location, Special_Instructions, Status, OrderItem_Price, Taxes, Delivery_Fee, Customer_ID, Restaurant_ID, Personnel_ID, Delivery_Address_ID) VALUES (106, '2025-01-12 15:53:36', '2025-01-12 16:38:36', '71739 White Overpass Apt. 286, New Dawn, NV 94269', 'Billion authority number economy knowledge.', 'Processing', 52.68000000000001, 4.21, 5.16, 19, 7, 20, 45);
INSERT INTO Order_Item (OrderItem_ID, Quantity, MenuItem_ID, Order_ID) VALUES (611, 2, 6, 106);
INSERT INTO Order_Item (OrderItem_ID, Quantity, MenuItem_ID, Order_ID) VALUES (612, 3, 7, 106);
INSERT INTO Order_Item (OrderItem_ID, Quantity, MenuItem_ID, Order_ID) VALUES (613, 1, 9, 106);
INSERT INTO Order_Item (OrderItem_ID, Quantity, MenuItem_ID, Order_ID) VALUES (614, 1, 49, 106);
INSERT INTO Payments (Payment_ID, Order_ID, PaymentMethod_ID, Transaction_ID, Amount, Payment_Status, Timestamp) VALUES (106, 106, 39, 'a7222ea2-261b-4048-bf69-5b97e581d601', 62.05, 'Completed', '2025-01-12 16:38:36');
INSERT INTO Orders (Order_ID, Created_At, Delivery_time, Real_time_location, Special_Instructions, Status, OrderItem_Price, Taxes, Delivery_Fee, Customer_ID, Restaurant_ID, Personnel_ID, Delivery_Address_ID) VALUES (107, '2025-05-05 08:10:43', '2025-05-05 09:16:43', '642 Conway Ports, New Jasminefort, NE 53442', 'Music about west stand.', 'Processing', 150.2, 12.02, 5.44, 19, 1, 10, 45);
INSERT INTO Order_Item (OrderItem_ID, Quantity, MenuItem_ID, Order_ID) VALUES (615, 2, 39, 107);
INSERT INTO Order_Item (OrderItem_ID, Quantity, MenuItem_ID, Order_ID) VALUES (616, 2, 33, 107);
INSERT INTO Order_Item (OrderItem_ID, Quantity, MenuItem_ID, Order_ID) VALUES (617, 3, 13, 107);
INSERT INTO Order_Item (OrderItem_ID, Quantity, MenuItem_ID, Order_ID) VALUES (618, 3, 48, 107);
INSERT INTO Order_Item (OrderItem_ID, Quantity, MenuItem_ID, Order_ID) VALUES (619, 1, 26, 107);
INSERT INTO Order_Item (OrderItem_ID, Quantity, MenuItem_ID, Order_ID) VALUES (620, 2, 19, 107);
INSERT INTO Order_Item (OrderItem_ID, Quantity, MenuItem_ID, Order_ID) VALUES (621, 1, 42, 107);
INSERT INTO Order_Item (OrderItem_ID, Quantity, MenuItem_ID, Order_ID) VALUES (622, 1, 4, 107);
INSERT INTO Order_Item (OrderItem_ID, Quantity, MenuItem_ID, Order_ID) VALUES (623, 3, 16, 107);
INSERT INTO Payments (Payment_ID, Order_ID, PaymentMethod_ID, Transaction_ID, Amount, Payment_Status, Timestamp) VALUES (107, 107, 38, '8909b003-9136-4530-9f07-33df7b68b323', 167.66, 'Completed', '2025-05-05 09:16:43');
INSERT INTO Orders (Order_ID, Created_At, Delivery_time, Real_time_location, Special_Instructions, Status, OrderItem_Price, Taxes, Delivery_Fee, Customer_ID, Restaurant_ID, Personnel_ID, Delivery_Address_ID) VALUES (108, '2025-03-11 16:40:50', '2025-03-11 17:55:50', '0158 Miller Mount Suite 328, South Donnaport, MS 14495', 'Read main those just country along agent you.', 'Processing', 12.96, 1.04, 3.15, 20, 5, 7, 46);
INSERT INTO Order_Item (OrderItem_ID, Quantity, MenuItem_ID, Order_ID) VALUES (624, 3, 51, 108);
INSERT INTO Payments (Payment_ID, Order_ID, PaymentMethod_ID, Transaction_ID, Amount, Payment_Status, Timestamp) VALUES (108, 108, 41, '102048e6-6386-44e0-bd3e-58303d0d5c8f', 17.15, 'Completed', '2025-03-11 17:55:50');
INSERT INTO Orders (Order_ID, Created_At, Delivery_time, Real_time_location, Special_Instructions, Status, OrderItem_Price, Taxes, Delivery_Fee, Customer_ID, Restaurant_ID, Personnel_ID, Delivery_Address_ID) VALUES (109, '2025-04-15 23:09:18', '2025-04-15 23:54:18', '700 Brown Turnpike Apt. 613, Bentleyside, WA 76437', 'Under already center president likely.', 'Processing', 141.94, 11.36, 5.81, 21, 7, 3, 49);
INSERT INTO Order_Item (OrderItem_ID, Quantity, MenuItem_ID, Order_ID) VALUES (625, 1, 35, 109);
INSERT INTO Order_Item (OrderItem_ID, Quantity, MenuItem_ID, Order_ID) VALUES (626, 1, 40, 109);
INSERT INTO Order_Item (OrderItem_ID, Quantity, MenuItem_ID, Order_ID) VALUES (627, 1, 10, 109);
INSERT INTO Order_Item (OrderItem_ID, Quantity, MenuItem_ID, Order_ID) VALUES (628, 2, 18, 109);
INSERT INTO Order_Item (OrderItem_ID, Quantity, MenuItem_ID, Order_ID) VALUES (629, 1, 6, 109);
INSERT INTO Order_Item (OrderItem_ID, Quantity, MenuItem_ID, Order_ID) VALUES (630, 2, 20, 109);
INSERT INTO Order_Item (OrderItem_ID, Quantity, MenuItem_ID, Order_ID) VALUES (631, 3, 51, 109);
INSERT INTO Order_Item (OrderItem_ID, Quantity, MenuItem_ID, Order_ID) VALUES (632, 3, 33, 109);
INSERT INTO Order_Item (OrderItem_ID, Quantity, MenuItem_ID, Order_ID) VALUES (633, 1, 14, 109);
INSERT INTO Payments (Payment_ID, Order_ID, PaymentMethod_ID, Transaction_ID, Amount, Payment_Status, Timestamp) VALUES (109, 109, 44, '3e20718a-0bb9-48f6-9e4d-a214eb034c4e', 159.11, 'Completed', '2025-04-15 23:54:18');
INSERT INTO Orders (Order_ID, Created_At, Delivery_time, Real_time_location, Special_Instructions, Status, OrderItem_Price, Taxes, Delivery_Fee, Customer_ID, Restaurant_ID, Personnel_ID, Delivery_Address_ID) VALUES (110, '2025-05-17 04:16:48', '2025-05-17 05:02:48', '04179 Mary Circles, North Tylerbury, ID 56365', 'Specific word question food wish office.', 'Processing', 42.2, 3.38, 5.29, 21, 3, 4, 47);
INSERT INTO Order_Item (OrderItem_ID, Quantity, MenuItem_ID, Order_ID) VALUES (634, 1, 45, 110);
INSERT INTO Order_Item (OrderItem_ID, Quantity, MenuItem_ID, Order_ID) VALUES (635, 2, 1, 110);
INSERT INTO Order_Item (OrderItem_ID, Quantity, MenuItem_ID, Order_ID) VALUES (636, 1, 11, 110);
INSERT INTO Payments (Payment_ID, Order_ID, PaymentMethod_ID, Transaction_ID, Amount, Payment_Status, Timestamp) VALUES (110, 110, 44, 'f6f61488-d620-45f0-9253-b6f72328051e', 50.87, 'Completed', '2025-05-17 05:02:48');
INSERT INTO Orders (Order_ID, Created_At, Delivery_time, Real_time_location, Special_Instructions, Status, OrderItem_Price, Taxes, Delivery_Fee, Customer_ID, Restaurant_ID, Personnel_ID, Delivery_Address_ID) VALUES (111, '2025-02-11 09:43:56', '2025-02-11 10:49:56', '1142 Jackson Land, South John, AZ 17982', 'Social place heavy citizen.', 'Processing', 86.61999999999999, 6.93, 2.41, 21, 2, 1, 48);
INSERT INTO Order_Item (OrderItem_ID, Quantity, MenuItem_ID, Order_ID) VALUES (637, 3, 18, 111);
INSERT INTO Order_Item (OrderItem_ID, Quantity, MenuItem_ID, Order_ID) VALUES (638, 3, 34, 111);
INSERT INTO Order_Item (OrderItem_ID, Quantity, MenuItem_ID, Order_ID) VALUES (639, 1, 5, 111);
INSERT INTO Order_Item (OrderItem_ID, Quantity, MenuItem_ID, Order_ID) VALUES (640, 1, 17, 111);
INSERT INTO Order_Item (OrderItem_ID, Quantity, MenuItem_ID, Order_ID) VALUES (641, 3, 46, 111);
INSERT INTO Order_Item (OrderItem_ID, Quantity, MenuItem_ID, Order_ID) VALUES (642, 3, 37, 111);
INSERT INTO Order_Item (OrderItem_ID, Quantity, MenuItem_ID, Order_ID) VALUES (643, 1, 41, 111);
INSERT INTO Payments (Payment_ID, Order_ID, PaymentMethod_ID, Transaction_ID, Amount, Payment_Status, Timestamp) VALUES (111, 111, 43, '01a02047-14aa-4ca3-bca9-e68fe12f3b21', 95.96, 'Completed', '2025-02-11 10:49:56');
INSERT INTO Orders (Order_ID, Created_At, Delivery_time, Real_time_location, Special_Instructions, Status, OrderItem_Price, Taxes, Delivery_Fee, Customer_ID, Restaurant_ID, Personnel_ID, Delivery_Address_ID) VALUES (112, '2025-01-02 09:39:58', '2025-01-02 10:12:58', '946 Schwartz Ford, Lake Joseph, MT 31860', 'Particular also conference matter.', 'Processing', 117.63000000000001, 9.41, 4.69, 21, 1, 8, 47);
INSERT INTO Order_Item (OrderItem_ID, Quantity, MenuItem_ID, Order_ID) VALUES (644, 1, 24, 112);
INSERT INTO Order_Item (OrderItem_ID, Quantity, MenuItem_ID, Order_ID) VALUES (645, 1, 25, 112);
INSERT INTO Order_Item (OrderItem_ID, Quantity, MenuItem_ID, Order_ID) VALUES (646, 3, 10, 112);
INSERT INTO Order_Item (OrderItem_ID, Quantity, MenuItem_ID, Order_ID) VALUES (647, 1, 12, 112);
INSERT INTO Order_Item (OrderItem_ID, Quantity, MenuItem_ID, Order_ID) VALUES (648, 2, 3, 112);
INSERT INTO Order_Item (OrderItem_ID, Quantity, MenuItem_ID, Order_ID) VALUES (649, 1, 36, 112);
INSERT INTO Order_Item (OrderItem_ID, Quantity, MenuItem_ID, Order_ID) VALUES (650, 2, 46, 112);
INSERT INTO Order_Item (OrderItem_ID, Quantity, MenuItem_ID, Order_ID) VALUES (651, 2, 48, 112);
INSERT INTO Payments (Payment_ID, Order_ID, PaymentMethod_ID, Transaction_ID, Amount, Payment_Status, Timestamp) VALUES (112, 112, 44, 'd3946dc7-a08f-41c6-9688-8e84f346bbe7', 131.73, 'Completed', '2025-01-02 10:12:58');
INSERT INTO Orders (Order_ID, Created_At, Delivery_time, Real_time_location, Special_Instructions, Status, OrderItem_Price, Taxes, Delivery_Fee, Customer_ID, Restaurant_ID, Personnel_ID, Delivery_Address_ID) VALUES (113, '2025-02-28 11:41:33', '2025-02-28 13:10:33', '331 Christine Wall, South Kaylee, IL 36732', 'Create someone rate.', 'Processing', 148.64, 11.89, 2.6, 21, 6, 3, 49);
INSERT INTO Order_Item (OrderItem_ID, Quantity, MenuItem_ID, Order_ID) VALUES (652, 2, 1, 113);
INSERT INTO Order_Item (OrderItem_ID, Quantity, MenuItem_ID, Order_ID) VALUES (653, 1, 24, 113);
INSERT INTO Order_Item (OrderItem_ID, Quantity, MenuItem_ID, Order_ID) VALUES (654, 1, 13, 113);
INSERT INTO Order_Item (OrderItem_ID, Quantity, MenuItem_ID, Order_ID) VALUES (655, 3, 19, 113);
INSERT INTO Order_Item (OrderItem_ID, Quantity, MenuItem_ID, Order_ID) VALUES (656, 2, 37, 113);
INSERT INTO Order_Item (OrderItem_ID, Quantity, MenuItem_ID, Order_ID) VALUES (657, 3, 20, 113);
INSERT INTO Order_Item (OrderItem_ID, Quantity, MenuItem_ID, Order_ID) VALUES (658, 3, 48, 113);
INSERT INTO Order_Item (OrderItem_ID, Quantity, MenuItem_ID, Order_ID) VALUES (659, 1, 40, 113);
INSERT INTO Payments (Payment_ID, Order_ID, PaymentMethod_ID, Transaction_ID, Amount, Payment_Status, Timestamp) VALUES (113, 113, 44, '7f5d21f2-7973-4ea8-a957-0a2af7f47477', 163.13, 'Completed', '2025-02-28 13:10:33');
INSERT INTO Orders (Order_ID, Created_At, Delivery_time, Real_time_location, Special_Instructions, Status, OrderItem_Price, Taxes, Delivery_Fee, Customer_ID, Restaurant_ID, Personnel_ID, Delivery_Address_ID) VALUES (114, '2025-02-04 05:43:42', '2025-02-04 07:10:42', '54364 Jensen Trace, Williamston, HI 21216', 'Machine break time.', 'Processing', 72.07000000000001, 5.77, 5.69, 21, 1, 13, 49);
INSERT INTO Order_Item (OrderItem_ID, Quantity, MenuItem_ID, Order_ID) VALUES (660, 3, 7, 114);
INSERT INTO Order_Item (OrderItem_ID, Quantity, MenuItem_ID, Order_ID) VALUES (661, 2, 14, 114);
INSERT INTO Order_Item (OrderItem_ID, Quantity, MenuItem_ID, Order_ID) VALUES (662, 3, 34, 114);
INSERT INTO Order_Item (OrderItem_ID, Quantity, MenuItem_ID, Order_ID) VALUES (663, 2, 16, 114);
INSERT INTO Order_Item (OrderItem_ID, Quantity, MenuItem_ID, Order_ID) VALUES (664, 2, 27, 114);
INSERT INTO Payments (Payment_ID, Order_ID, PaymentMethod_ID, Transaction_ID, Amount, Payment_Status, Timestamp) VALUES (114, 114, 43, '946b4482-97bb-4fbf-b1df-c82cb8addf54', 83.53, 'Completed', '2025-02-04 07:10:42');
INSERT INTO Orders (Order_ID, Created_At, Delivery_time, Real_time_location, Special_Instructions, Status, OrderItem_Price, Taxes, Delivery_Fee, Customer_ID, Restaurant_ID, Personnel_ID, Delivery_Address_ID) VALUES (115, '2025-03-05 07:08:27', '2025-03-05 07:53:27', '15313 Kane Lane Apt. 179, Brownchester, IL 80380', 'Concern health leader create grow especially from.', 'Processing', 36.56, 2.92, 5.86, 21, 10, 4, 49);
INSERT INTO Order_Item (OrderItem_ID, Quantity, MenuItem_ID, Order_ID) VALUES (665, 2, 41, 115);
INSERT INTO Order_Item (OrderItem_ID, Quantity, MenuItem_ID, Order_ID) VALUES (666, 2, 53, 115);
INSERT INTO Order_Item (OrderItem_ID, Quantity, MenuItem_ID, Order_ID) VALUES (667, 2, 26, 115);
INSERT INTO Payments (Payment_ID, Order_ID, PaymentMethod_ID, Transaction_ID, Amount, Payment_Status, Timestamp) VALUES (115, 115, 44, '0f4555da-9194-4591-b134-b58f083759f8', 45.34, 'Completed', '2025-03-05 07:53:27');
INSERT INTO Orders (Order_ID, Created_At, Delivery_time, Real_time_location, Special_Instructions, Status, OrderItem_Price, Taxes, Delivery_Fee, Customer_ID, Restaurant_ID, Personnel_ID, Delivery_Address_ID) VALUES (116, '2025-02-24 11:42:36', '2025-02-24 12:19:36', '6253 Munoz Turnpike Apt. 983, South Melodyfort, IL 78040', 'Student evidence role save east force often.', 'Processing', 48.68, 3.89, 3.26, 22, 6, 15, 51);
INSERT INTO Order_Item (OrderItem_ID, Quantity, MenuItem_ID, Order_ID) VALUES (668, 3, 5, 116);
INSERT INTO Order_Item (OrderItem_ID, Quantity, MenuItem_ID, Order_ID) VALUES (669, 2, 13, 116);
INSERT INTO Order_Item (OrderItem_ID, Quantity, MenuItem_ID, Order_ID) VALUES (670, 1, 9, 116);
INSERT INTO Order_Item (OrderItem_ID, Quantity, MenuItem_ID, Order_ID) VALUES (671, 2, 50, 116);
INSERT INTO Payments (Payment_ID, Order_ID, PaymentMethod_ID, Transaction_ID, Amount, Payment_Status, Timestamp) VALUES (116, 116, 45, 'f23d9820-977e-4877-ad6f-4ee3e44e7cd1', 55.83, 'Completed', '2025-02-24 12:19:36');
INSERT INTO Orders (Order_ID, Created_At, Delivery_time, Real_time_location, Special_Instructions, Status, OrderItem_Price, Taxes, Delivery_Fee, Customer_ID, Restaurant_ID, Personnel_ID, Delivery_Address_ID) VALUES (117, '2025-01-29 22:14:56', '2025-01-29 22:46:56', 'PSC 0600, Box 7806, APO AP 52185', 'Special recent better manager bar send really.', 'Processing', 40.25, 3.22, 4.79, 22, 8, 9, 50);
INSERT INTO Order_Item (OrderItem_ID, Quantity, MenuItem_ID, Order_ID) VALUES (672, 1, 11, 117);
INSERT INTO Order_Item (OrderItem_ID, Quantity, MenuItem_ID, Order_ID) VALUES (673, 2, 52, 117);
INSERT INTO Payments (Payment_ID, Order_ID, PaymentMethod_ID, Transaction_ID, Amount, Payment_Status, Timestamp) VALUES (117, 117, 45, '21f969e9-37cf-45f6-b32e-de3c68181f5b', 48.26, 'Completed', '2025-01-29 22:46:56');
INSERT INTO Orders (Order_ID, Created_At, Delivery_time, Real_time_location, Special_Instructions, Status, OrderItem_Price, Taxes, Delivery_Fee, Customer_ID, Restaurant_ID, Personnel_ID, Delivery_Address_ID) VALUES (118, '2025-03-11 14:17:29', '2025-03-11 14:50:29', '74279 Tiffany Mountain, Port Jacqueline, WY 49052', 'Less plant team audience throw four allow international.', 'Processing', 113.06, 9.04, 2.49, 22, 2, 8, 51);
INSERT INTO Order_Item (OrderItem_ID, Quantity, MenuItem_ID, Order_ID) VALUES (674, 1, 33, 118);
INSERT INTO Order_Item (OrderItem_ID, Quantity, MenuItem_ID, Order_ID) VALUES (675, 1, 4, 118);
INSERT INTO Order_Item (OrderItem_ID, Quantity, MenuItem_ID, Order_ID) VALUES (676, 1, 44, 118);
INSERT INTO Order_Item (OrderItem_ID, Quantity, MenuItem_ID, Order_ID) VALUES (677, 2, 20, 118);
INSERT INTO Order_Item (OrderItem_ID, Quantity, MenuItem_ID, Order_ID) VALUES (678, 2, 17, 118);
INSERT INTO Order_Item (OrderItem_ID, Quantity, MenuItem_ID, Order_ID) VALUES (679, 3, 12, 118);
INSERT INTO Order_Item (OrderItem_ID, Quantity, MenuItem_ID, Order_ID) VALUES (680, 3, 2, 118);
INSERT INTO Payments (Payment_ID, Order_ID, PaymentMethod_ID, Transaction_ID, Amount, Payment_Status, Timestamp) VALUES (118, 118, 45, '9ccce19f-f233-4074-b2b3-bb394510eaad', 124.59, 'Completed', '2025-03-11 14:50:29');
INSERT INTO Orders (Order_ID, Created_At, Delivery_time, Real_time_location, Special_Instructions, Status, OrderItem_Price, Taxes, Delivery_Fee, Customer_ID, Restaurant_ID, Personnel_ID, Delivery_Address_ID) VALUES (119, '2025-04-16 07:55:50', '2025-04-16 08:30:50', '195 Zachary Spring, Pamelaville, MN 61495', 'American hand possible relate night similar catch friend.', 'Processing', 26.880000000000003, 2.15, 5.24, 22, 10, 19, 51);
INSERT INTO Order_Item (OrderItem_ID, Quantity, MenuItem_ID, Order_ID) VALUES (681, 2, 2, 119);
INSERT INTO Order_Item (OrderItem_ID, Quantity, MenuItem_ID, Order_ID) VALUES (682, 1, 5, 119);
INSERT INTO Payments (Payment_ID, Order_ID, PaymentMethod_ID, Transaction_ID, Amount, Payment_Status, Timestamp) VALUES (119, 119, 45, '7a7e8c31-a627-4167-9d12-1daf8a257159', 34.27, 'Completed', '2025-04-16 08:30:50');
INSERT INTO Orders (Order_ID, Created_At, Delivery_time, Real_time_location, Special_Instructions, Status, OrderItem_Price, Taxes, Delivery_Fee, Customer_ID, Restaurant_ID, Personnel_ID, Delivery_Address_ID) VALUES (120, '2025-04-23 15:33:08', '2025-04-23 16:08:08', '355 Gordon Manors, Brianstad, NV 64231', 'Money but report question mouth factor per.', 'Processing', 157.85, 12.63, 3.92, 22, 8, 2, 50);
INSERT INTO Order_Item (OrderItem_ID, Quantity, MenuItem_ID, Order_ID) VALUES (683, 2, 28, 120);
INSERT INTO Order_Item (OrderItem_ID, Quantity, MenuItem_ID, Order_ID) VALUES (684, 2, 53, 120);
INSERT INTO Order_Item (OrderItem_ID, Quantity, MenuItem_ID, Order_ID) VALUES (685, 1, 47, 120);
INSERT INTO Order_Item (OrderItem_ID, Quantity, MenuItem_ID, Order_ID) VALUES (686, 2, 26, 120);
INSERT INTO Order_Item (OrderItem_ID, Quantity, MenuItem_ID, Order_ID) VALUES (687, 1, 32, 120);
INSERT INTO Order_Item (OrderItem_ID, Quantity, MenuItem_ID, Order_ID) VALUES (688, 3, 2, 120);
INSERT INTO Order_Item (OrderItem_ID, Quantity, MenuItem_ID, Order_ID) VALUES (689, 3, 25, 120);
INSERT INTO Order_Item (OrderItem_ID, Quantity, MenuItem_ID, Order_ID) VALUES (690, 1, 44, 120);
INSERT INTO Order_Item (OrderItem_ID, Quantity, MenuItem_ID, Order_ID) VALUES (691, 3, 55, 120);
INSERT INTO Order_Item (OrderItem_ID, Quantity, MenuItem_ID, Order_ID) VALUES (692, 3, 12, 120);
INSERT INTO Payments (Payment_ID, Order_ID, PaymentMethod_ID, Transaction_ID, Amount, Payment_Status, Timestamp) VALUES (120, 120, 45, 'b177116d-f203-4633-ac5d-d02dccc67ffd', 174.4, 'Completed', '2025-04-23 16:08:08');
INSERT INTO Orders (Order_ID, Created_At, Delivery_time, Real_time_location, Special_Instructions, Status, OrderItem_Price, Taxes, Delivery_Fee, Customer_ID, Restaurant_ID, Personnel_ID, Delivery_Address_ID) VALUES (121, '2025-01-13 17:50:48', '2025-01-13 18:30:48', '16241 Fred Creek Apt. 723, West Robertside, NJ 45943', 'Kitchen popular factor as the discussion.', 'Processing', 124.31000000000003, 9.94, 2.93, 22, 7, 12, 51);
INSERT INTO Order_Item (OrderItem_ID, Quantity, MenuItem_ID, Order_ID) VALUES (693, 1, 51, 121);
INSERT INTO Order_Item (OrderItem_ID, Quantity, MenuItem_ID, Order_ID) VALUES (694, 1, 32, 121);
INSERT INTO Order_Item (OrderItem_ID, Quantity, MenuItem_ID, Order_ID) VALUES (695, 3, 23, 121);
INSERT INTO Order_Item (OrderItem_ID, Quantity, MenuItem_ID, Order_ID) VALUES (696, 1, 37, 121);
INSERT INTO Order_Item (OrderItem_ID, Quantity, MenuItem_ID, Order_ID) VALUES (697, 2, 33, 121);
INSERT INTO Order_Item (OrderItem_ID, Quantity, MenuItem_ID, Order_ID) VALUES (698, 3, 21, 121);
INSERT INTO Order_Item (OrderItem_ID, Quantity, MenuItem_ID, Order_ID) VALUES (699, 3, 25, 121);
INSERT INTO Order_Item (OrderItem_ID, Quantity, MenuItem_ID, Order_ID) VALUES (700, 1, 18, 121);
INSERT INTO Order_Item (OrderItem_ID, Quantity, MenuItem_ID, Order_ID) VALUES (701, 1, 12, 121);
INSERT INTO Payments (Payment_ID, Order_ID, PaymentMethod_ID, Transaction_ID, Amount, Payment_Status, Timestamp) VALUES (121, 121, 45, '55fc0f2b-a509-49f1-8505-d91df28bffb9', 137.18, 'Completed', '2025-01-13 18:30:48');
INSERT INTO Orders (Order_ID, Created_At, Delivery_time, Real_time_location, Special_Instructions, Status, OrderItem_Price, Taxes, Delivery_Fee, Customer_ID, Restaurant_ID, Personnel_ID, Delivery_Address_ID) VALUES (122, '2025-03-21 22:37:21', '2025-03-21 23:21:21', '9887 Torres Curve Suite 243, Watsonport, AR 19944', 'Expect what peace claim movement consider.', 'Processing', 160.27, 12.82, 2.93, 23, 3, 6, 53);
INSERT INTO Order_Item (OrderItem_ID, Quantity, MenuItem_ID, Order_ID) VALUES (702, 1, 21, 122);
INSERT INTO Order_Item (OrderItem_ID, Quantity, MenuItem_ID, Order_ID) VALUES (703, 3, 52, 122);
INSERT INTO Order_Item (OrderItem_ID, Quantity, MenuItem_ID, Order_ID) VALUES (704, 2, 48, 122);
INSERT INTO Order_Item (OrderItem_ID, Quantity, MenuItem_ID, Order_ID) VALUES (705, 1, 45, 122);
INSERT INTO Order_Item (OrderItem_ID, Quantity, MenuItem_ID, Order_ID) VALUES (706, 2, 23, 122);
INSERT INTO Order_Item (OrderItem_ID, Quantity, MenuItem_ID, Order_ID) VALUES (707, 3, 38, 122);
INSERT INTO Order_Item (OrderItem_ID, Quantity, MenuItem_ID, Order_ID) VALUES (708, 1, 2, 122);
INSERT INTO Order_Item (OrderItem_ID, Quantity, MenuItem_ID, Order_ID) VALUES (709, 1, 46, 122);
INSERT INTO Order_Item (OrderItem_ID, Quantity, MenuItem_ID, Order_ID) VALUES (710, 2, 54, 122);
INSERT INTO Order_Item (OrderItem_ID, Quantity, MenuItem_ID, Order_ID) VALUES (711, 3, 51, 122);
INSERT INTO Payments (Payment_ID, Order_ID, PaymentMethod_ID, Transaction_ID, Amount, Payment_Status, Timestamp) VALUES (122, 122, 46, 'b15f3994-b546-45c0-96de-70c52ce4599d', 176.02, 'Completed', '2025-03-21 23:21:21');
INSERT INTO Orders (Order_ID, Created_At, Delivery_time, Real_time_location, Special_Instructions, Status, OrderItem_Price, Taxes, Delivery_Fee, Customer_ID, Restaurant_ID, Personnel_ID, Delivery_Address_ID) VALUES (123, '2025-05-10 09:26:37', '2025-05-10 10:19:37', '10592 Green Ferry, New Jasmine, MD 45569', 'Health music class feeling.', 'Processing', 64.63, 5.17, 5.84, 23, 6, 2, 53);
INSERT INTO Order_Item (OrderItem_ID, Quantity, MenuItem_ID, Order_ID) VALUES (712, 3, 38, 123);
INSERT INTO Order_Item (OrderItem_ID, Quantity, MenuItem_ID, Order_ID) VALUES (713, 3, 46, 123);
INSERT INTO Order_Item (OrderItem_ID, Quantity, MenuItem_ID, Order_ID) VALUES (714, 2, 10, 123);
INSERT INTO Payments (Payment_ID, Order_ID, PaymentMethod_ID, Transaction_ID, Amount, Payment_Status, Timestamp) VALUES (123, 123, 46, 'ee5a8856-6791-459c-8661-7f95eba18fa8', 75.64, 'Completed', '2025-05-10 10:19:37');
INSERT INTO Orders (Order_ID, Created_At, Delivery_time, Real_time_location, Special_Instructions, Status, OrderItem_Price, Taxes, Delivery_Fee, Customer_ID, Restaurant_ID, Personnel_ID, Delivery_Address_ID) VALUES (124, '2025-04-07 23:27:05', '2025-04-08 00:32:05', '2088 Holland Hill Suite 492, Morganville, NJ 05754', 'Question bring agent pay.', 'Processing', 63.03, 5.04, 2.7, 23, 6, 10, 54);
INSERT INTO Order_Item (OrderItem_ID, Quantity, MenuItem_ID, Order_ID) VALUES (715, 3, 11, 124);
INSERT INTO Order_Item (OrderItem_ID, Quantity, MenuItem_ID, Order_ID) VALUES (716, 3, 47, 124);
INSERT INTO Order_Item (OrderItem_ID, Quantity, MenuItem_ID, Order_ID) VALUES (717, 2, 28, 124);
INSERT INTO Payments (Payment_ID, Order_ID, PaymentMethod_ID, Transaction_ID, Amount, Payment_Status, Timestamp) VALUES (124, 124, 46, '17acd7e9-5b7e-44ca-b22b-44393869d3c9', 70.77, 'Completed', '2025-04-08 00:32:05');
INSERT INTO Orders (Order_ID, Created_At, Delivery_time, Real_time_location, Special_Instructions, Status, OrderItem_Price, Taxes, Delivery_Fee, Customer_ID, Restaurant_ID, Personnel_ID, Delivery_Address_ID) VALUES (125, '2025-03-05 08:58:40', '2025-03-05 09:30:40', '834 Andrew Plain, Rhodesland, MO 25987', 'Fish painting want training guess challenge take.', 'Processing', 105.25, 8.42, 5.86, 23, 10, 6, 54);
INSERT INTO Order_Item (OrderItem_ID, Quantity, MenuItem_ID, Order_ID) VALUES (718, 1, 47, 125);
INSERT INTO Order_Item (OrderItem_ID, Quantity, MenuItem_ID, Order_ID) VALUES (719, 3, 45, 125);
INSERT INTO Order_Item (OrderItem_ID, Quantity, MenuItem_ID, Order_ID) VALUES (720, 2, 19, 125);
INSERT INTO Order_Item (OrderItem_ID, Quantity, MenuItem_ID, Order_ID) VALUES (721, 3, 9, 125);
INSERT INTO Order_Item (OrderItem_ID, Quantity, MenuItem_ID, Order_ID) VALUES (722, 1, 12, 125);
INSERT INTO Payments (Payment_ID, Order_ID, PaymentMethod_ID, Transaction_ID, Amount, Payment_Status, Timestamp) VALUES (125, 125, 46, '031eef96-5f71-4cc4-a2d8-46d05ea011cd', 119.53, 'Completed', '2025-03-05 09:30:40');
INSERT INTO Orders (Order_ID, Created_At, Delivery_time, Real_time_location, Special_Instructions, Status, OrderItem_Price, Taxes, Delivery_Fee, Customer_ID, Restaurant_ID, Personnel_ID, Delivery_Address_ID) VALUES (126, '2025-02-25 06:34:00', '2025-02-25 07:09:00', '8137 Lara Heights Apt. 662, East Jaredfort, NC 44464', 'Value opportunity heart according.', 'Processing', 33.01, 2.64, 5.54, 23, 8, 5, 54);
INSERT INTO Order_Item (OrderItem_ID, Quantity, MenuItem_ID, Order_ID) VALUES (723, 3, 16, 126);
INSERT INTO Order_Item (OrderItem_ID, Quantity, MenuItem_ID, Order_ID) VALUES (724, 3, 23, 126);
INSERT INTO Payments (Payment_ID, Order_ID, PaymentMethod_ID, Transaction_ID, Amount, Payment_Status, Timestamp) VALUES (126, 126, 47, '6a1d9731-45f8-414d-aa16-ce6ea388ca32', 41.19, 'Completed', '2025-02-25 07:09:00');
INSERT INTO Orders (Order_ID, Created_At, Delivery_time, Real_time_location, Special_Instructions, Status, OrderItem_Price, Taxes, Delivery_Fee, Customer_ID, Restaurant_ID, Personnel_ID, Delivery_Address_ID) VALUES (127, '2025-02-03 23:03:37', '2025-02-03 23:43:37', '26487 Mackenzie Hollow, Troymouth, AK 00821', 'Enjoy what strong line.', 'Processing', 35.04, 2.8, 4.93, 23, 8, 1, 54);
INSERT INTO Order_Item (OrderItem_ID, Quantity, MenuItem_ID, Order_ID) VALUES (725, 2, 16, 127);
INSERT INTO Order_Item (OrderItem_ID, Quantity, MenuItem_ID, Order_ID) VALUES (726, 2, 45, 127);
INSERT INTO Order_Item (OrderItem_ID, Quantity, MenuItem_ID, Order_ID) VALUES (727, 2, 5, 127);
INSERT INTO Order_Item (OrderItem_ID, Quantity, MenuItem_ID, Order_ID) VALUES (728, 2, 23, 127);
INSERT INTO Payments (Payment_ID, Order_ID, PaymentMethod_ID, Transaction_ID, Amount, Payment_Status, Timestamp) VALUES (127, 127, 47, '49a5fd0d-e487-4ab3-aa79-4de7a7604977', 42.77, 'Completed', '2025-02-03 23:43:37');
INSERT INTO Orders (Order_ID, Created_At, Delivery_time, Real_time_location, Special_Instructions, Status, OrderItem_Price, Taxes, Delivery_Fee, Customer_ID, Restaurant_ID, Personnel_ID, Delivery_Address_ID) VALUES (128, '2025-03-23 00:05:29', '2025-03-23 00:39:29', '14719 Perkins Port, Oneillfort, DE 49417', 'Run adult employee ok certainly leave really.', 'Processing', 44.19, 3.54, 5.81, 24, 8, 19, 55);
INSERT INTO Order_Item (OrderItem_ID, Quantity, MenuItem_ID, Order_ID) VALUES (729, 2, 29, 128);
INSERT INTO Order_Item (OrderItem_ID, Quantity, MenuItem_ID, Order_ID) VALUES (730, 1, 5, 128);
INSERT INTO Order_Item (OrderItem_ID, Quantity, MenuItem_ID, Order_ID) VALUES (731, 2, 52, 128);
INSERT INTO Payments (Payment_ID, Order_ID, PaymentMethod_ID, Transaction_ID, Amount, Payment_Status, Timestamp) VALUES (128, 128, 48, '45cdb96b-0d8a-46f3-a9ce-9bfa5b7d9d2d', 53.54, 'Completed', '2025-03-23 00:39:29');
INSERT INTO Orders (Order_ID, Created_At, Delivery_time, Real_time_location, Special_Instructions, Status, OrderItem_Price, Taxes, Delivery_Fee, Customer_ID, Restaurant_ID, Personnel_ID, Delivery_Address_ID) VALUES (129, '2025-03-12 03:08:37', '2025-03-12 04:22:37', '44818 Katie Falls Apt. 928, Moniqueport, TX 91984', 'Benefit oil statement actually million health.', 'Processing', 79.23, 6.34, 2.76, 24, 2, 18, 55);
INSERT INTO Order_Item (OrderItem_ID, Quantity, MenuItem_ID, Order_ID) VALUES (732, 3, 39, 129);
INSERT INTO Order_Item (OrderItem_ID, Quantity, MenuItem_ID, Order_ID) VALUES (733, 3, 40, 129);
INSERT INTO Order_Item (OrderItem_ID, Quantity, MenuItem_ID, Order_ID) VALUES (734, 3, 31, 129);
INSERT INTO Order_Item (OrderItem_ID, Quantity, MenuItem_ID, Order_ID) VALUES (735, 3, 46, 129);
INSERT INTO Order_Item (OrderItem_ID, Quantity, MenuItem_ID, Order_ID) VALUES (736, 2, 2, 129);
INSERT INTO Order_Item (OrderItem_ID, Quantity, MenuItem_ID, Order_ID) VALUES (737, 3, 28, 129);
INSERT INTO Payments (Payment_ID, Order_ID, PaymentMethod_ID, Transaction_ID, Amount, Payment_Status, Timestamp) VALUES (129, 129, 49, 'ebc095f5-571e-4230-a978-78c17c2257a0', 88.33, 'Completed', '2025-03-12 04:22:37');
INSERT INTO Orders (Order_ID, Created_At, Delivery_time, Real_time_location, Special_Instructions, Status, OrderItem_Price, Taxes, Delivery_Fee, Customer_ID, Restaurant_ID, Personnel_ID, Delivery_Address_ID) VALUES (130, '2025-02-01 15:46:15', '2025-02-01 16:21:15', '338 Robert Club, Port Davidtown, MI 41339', 'Catch kind would mission wide common.', 'Processing', 82.60000000000001, 6.61, 3.17, 25, 4, 4, 56);
INSERT INTO Order_Item (OrderItem_ID, Quantity, MenuItem_ID, Order_ID) VALUES (738, 2, 37, 130);
INSERT INTO Order_Item (OrderItem_ID, Quantity, MenuItem_ID, Order_ID) VALUES (739, 1, 36, 130);
INSERT INTO Order_Item (OrderItem_ID, Quantity, MenuItem_ID, Order_ID) VALUES (740, 2, 32, 130);
INSERT INTO Order_Item (OrderItem_ID, Quantity, MenuItem_ID, Order_ID) VALUES (741, 2, 10, 130);
INSERT INTO Order_Item (OrderItem_ID, Quantity, MenuItem_ID, Order_ID) VALUES (742, 2, 4, 130);
INSERT INTO Order_Item (OrderItem_ID, Quantity, MenuItem_ID, Order_ID) VALUES (743, 2, 24, 130);
INSERT INTO Order_Item (OrderItem_ID, Quantity, MenuItem_ID, Order_ID) VALUES (744, 3, 1, 130);
INSERT INTO Payments (Payment_ID, Order_ID, PaymentMethod_ID, Transaction_ID, Amount, Payment_Status, Timestamp) VALUES (130, 130, 50, 'd087edcb-be94-41cb-875c-c8eb4dffc9aa', 92.38, 'Completed', '2025-02-01 16:21:15');
INSERT INTO Orders (Order_ID, Created_At, Delivery_time, Real_time_location, Special_Instructions, Status, OrderItem_Price, Taxes, Delivery_Fee, Customer_ID, Restaurant_ID, Personnel_ID, Delivery_Address_ID) VALUES (131, '2025-01-24 00:42:05', '2025-01-24 01:29:05', '342 David Common, Vazquezville, AK 63973', 'Amount blue soldier message arrive budget.', 'Processing', 38.489999999999995, 3.08, 2.9, 25, 2, 18, 57);
INSERT INTO Order_Item (OrderItem_ID, Quantity, MenuItem_ID, Order_ID) VALUES (745, 3, 24, 131);
INSERT INTO Order_Item (OrderItem_ID, Quantity, MenuItem_ID, Order_ID) VALUES (746, 1, 25, 131);
INSERT INTO Order_Item (OrderItem_ID, Quantity, MenuItem_ID, Order_ID) VALUES (747, 1, 12, 131);
INSERT INTO Payments (Payment_ID, Order_ID, PaymentMethod_ID, Transaction_ID, Amount, Payment_Status, Timestamp) VALUES (131, 131, 50, '4d38a8d0-10f5-4651-8b14-7f1f40c56cf6', 44.47, 'Completed', '2025-01-24 01:29:05');
INSERT INTO Orders (Order_ID, Created_At, Delivery_time, Real_time_location, Special_Instructions, Status, OrderItem_Price, Taxes, Delivery_Fee, Customer_ID, Restaurant_ID, Personnel_ID, Delivery_Address_ID) VALUES (132, '2025-05-10 15:10:41', '2025-05-10 16:28:41', '93932 Johnson Drive, Stacystad, GA 66120', 'Drop now between official add describe course example.', 'Processing', 181.11, 14.49, 2.48, 25, 2, 12, 57);
INSERT INTO Order_Item (OrderItem_ID, Quantity, MenuItem_ID, Order_ID) VALUES (748, 2, 15, 132);
INSERT INTO Order_Item (OrderItem_ID, Quantity, MenuItem_ID, Order_ID) VALUES (749, 1, 36, 132);
INSERT INTO Order_Item (OrderItem_ID, Quantity, MenuItem_ID, Order_ID) VALUES (750, 1, 4, 132);
INSERT INTO Order_Item (OrderItem_ID, Quantity, MenuItem_ID, Order_ID) VALUES (751, 1, 25, 132);
INSERT INTO Order_Item (OrderItem_ID, Quantity, MenuItem_ID, Order_ID) VALUES (752, 1, 34, 132);
INSERT INTO Order_Item (OrderItem_ID, Quantity, MenuItem_ID, Order_ID) VALUES (753, 1, 27, 132);
INSERT INTO Order_Item (OrderItem_ID, Quantity, MenuItem_ID, Order_ID) VALUES (754, 1, 35, 132);
INSERT INTO Order_Item (OrderItem_ID, Quantity, MenuItem_ID, Order_ID) VALUES (755, 2, 44, 132);
INSERT INTO Order_Item (OrderItem_ID, Quantity, MenuItem_ID, Order_ID) VALUES (756, 1, 31, 132);
INSERT INTO Order_Item (OrderItem_ID, Quantity, MenuItem_ID, Order_ID) VALUES (757, 3, 37, 132);
INSERT INTO Payments (Payment_ID, Order_ID, PaymentMethod_ID, Transaction_ID, Amount, Payment_Status, Timestamp) VALUES (132, 132, 50, '011bb348-8981-4f35-8107-50bce6d33572', 198.08, 'Completed', '2025-05-10 16:28:41');
INSERT INTO Orders (Order_ID, Created_At, Delivery_time, Real_time_location, Special_Instructions, Status, OrderItem_Price, Taxes, Delivery_Fee, Customer_ID, Restaurant_ID, Personnel_ID, Delivery_Address_ID) VALUES (133, '2025-05-21 20:22:22', '2025-05-21 21:25:22', '759 Scott Coves, Port Michael, NE 28586', 'Dinner both world buy book career several.', 'Processing', 92.35, 7.39, 4.49, 25, 4, 5, 57);
INSERT INTO Order_Item (OrderItem_ID, Quantity, MenuItem_ID, Order_ID) VALUES (758, 2, 47, 133);
INSERT INTO Order_Item (OrderItem_ID, Quantity, MenuItem_ID, Order_ID) VALUES (759, 1, 52, 133);
INSERT INTO Order_Item (OrderItem_ID, Quantity, MenuItem_ID, Order_ID) VALUES (760, 2, 5, 133);
INSERT INTO Order_Item (OrderItem_ID, Quantity, MenuItem_ID, Order_ID) VALUES (761, 1, 6, 133);
INSERT INTO Order_Item (OrderItem_ID, Quantity, MenuItem_ID, Order_ID) VALUES (762, 1, 25, 133);
INSERT INTO Order_Item (OrderItem_ID, Quantity, MenuItem_ID, Order_ID) VALUES (763, 3, 36, 133);
INSERT INTO Payments (Payment_ID, Order_ID, PaymentMethod_ID, Transaction_ID, Amount, Payment_Status, Timestamp) VALUES (133, 133, 50, 'b8ddf15d-8ea0-45f0-89cc-253fb4693ec4', 104.23, 'Completed', '2025-05-21 21:25:22');
INSERT INTO Orders (Order_ID, Created_At, Delivery_time, Real_time_location, Special_Instructions, Status, OrderItem_Price, Taxes, Delivery_Fee, Customer_ID, Restaurant_ID, Personnel_ID, Delivery_Address_ID) VALUES (134, '2025-01-08 21:14:58', '2025-01-08 22:27:58', '64794 Perez Lodge Suite 631, Crosbystad, AL 88864', 'Public how mission put budget house reason.', 'Processing', 70.5, 5.64, 4.47, 25, 2, 19, 56);
INSERT INTO Order_Item (OrderItem_ID, Quantity, MenuItem_ID, Order_ID) VALUES (764, 3, 35, 134);
INSERT INTO Order_Item (OrderItem_ID, Quantity, MenuItem_ID, Order_ID) VALUES (765, 2, 23, 134);
INSERT INTO Order_Item (OrderItem_ID, Quantity, MenuItem_ID, Order_ID) VALUES (766, 1, 27, 134);
INSERT INTO Order_Item (OrderItem_ID, Quantity, MenuItem_ID, Order_ID) VALUES (767, 2, 17, 134);
INSERT INTO Order_Item (OrderItem_ID, Quantity, MenuItem_ID, Order_ID) VALUES (768, 2, 25, 134);
INSERT INTO Payments (Payment_ID, Order_ID, PaymentMethod_ID, Transaction_ID, Amount, Payment_Status, Timestamp) VALUES (134, 134, 50, 'ecdfd364-bdce-4f65-9a0a-7680fa42156e', 80.61, 'Completed', '2025-01-08 22:27:58');
INSERT INTO Orders (Order_ID, Created_At, Delivery_time, Real_time_location, Special_Instructions, Status, OrderItem_Price, Taxes, Delivery_Fee, Customer_ID, Restaurant_ID, Personnel_ID, Delivery_Address_ID) VALUES (135, '2025-02-02 18:18:25', '2025-02-02 19:05:25', '3961 Mary Stream, Ramirezshire, KY 99631', 'Green project wear would memory challenge.', 'Processing', 21.35, 1.71, 3.21, 26, 8, 9, 58);
INSERT INTO Order_Item (OrderItem_ID, Quantity, MenuItem_ID, Order_ID) VALUES (769, 2, 22, 135);
INSERT INTO Payments (Payment_ID, Order_ID, PaymentMethod_ID, Transaction_ID, Amount, Payment_Status, Timestamp) VALUES (135, 135, 53, '402d35e8-1f47-4902-9ba8-4a917462f144', 26.27, 'Completed', '2025-02-02 19:05:25');
INSERT INTO Orders (Order_ID, Created_At, Delivery_time, Real_time_location, Special_Instructions, Status, OrderItem_Price, Taxes, Delivery_Fee, Customer_ID, Restaurant_ID, Personnel_ID, Delivery_Address_ID) VALUES (136, '2025-04-06 00:29:46', '2025-04-06 01:03:46', '10170 Patrick Springs, Ericville, CA 87150', 'Should society dark product make energy gas.', 'Processing', 105.65, 8.45, 5.17, 27, 4, 5, 59);
INSERT INTO Order_Item (OrderItem_ID, Quantity, MenuItem_ID, Order_ID) VALUES (770, 2, 50, 136);
INSERT INTO Order_Item (OrderItem_ID, Quantity, MenuItem_ID, Order_ID) VALUES (771, 3, 53, 136);
INSERT INTO Order_Item (OrderItem_ID, Quantity, MenuItem_ID, Order_ID) VALUES (772, 3, 21, 136);
INSERT INTO Order_Item (OrderItem_ID, Quantity, MenuItem_ID, Order_ID) VALUES (773, 2, 18, 136);
INSERT INTO Order_Item (OrderItem_ID, Quantity, MenuItem_ID, Order_ID) VALUES (774, 1, 47, 136);
INSERT INTO Order_Item (OrderItem_ID, Quantity, MenuItem_ID, Order_ID) VALUES (775, 3, 27, 136);
INSERT INTO Order_Item (OrderItem_ID, Quantity, MenuItem_ID, Order_ID) VALUES (776, 3, 39, 136);
INSERT INTO Order_Item (OrderItem_ID, Quantity, MenuItem_ID, Order_ID) VALUES (777, 1, 42, 136);
INSERT INTO Payments (Payment_ID, Order_ID, PaymentMethod_ID, Transaction_ID, Amount, Payment_Status, Timestamp) VALUES (136, 136, 54, '04860bee-8bef-4a76-8a60-1b92dc137c04', 119.27, 'Completed', '2025-04-06 01:03:46');
INSERT INTO Orders (Order_ID, Created_At, Delivery_time, Real_time_location, Special_Instructions, Status, OrderItem_Price, Taxes, Delivery_Fee, Customer_ID, Restaurant_ID, Personnel_ID, Delivery_Address_ID) VALUES (137, '2025-01-07 03:15:35', '2025-01-07 03:52:35', 'Unit 1675 Box 6770, DPO AE 23683', 'Process single those clearly issue fine home.', 'Processing', 66.14, 5.29, 4.54, 27, 4, 7, 59);
INSERT INTO Order_Item (OrderItem_ID, Quantity, MenuItem_ID, Order_ID) VALUES (778, 3, 3, 137);
INSERT INTO Order_Item (OrderItem_ID, Quantity, MenuItem_ID, Order_ID) VALUES (779, 1, 30, 137);
INSERT INTO Order_Item (OrderItem_ID, Quantity, MenuItem_ID, Order_ID) VALUES (780, 1, 4, 137);
INSERT INTO Order_Item (OrderItem_ID, Quantity, MenuItem_ID, Order_ID) VALUES (781, 2, 24, 137);
INSERT INTO Payments (Payment_ID, Order_ID, PaymentMethod_ID, Transaction_ID, Amount, Payment_Status, Timestamp) VALUES (137, 137, 55, 'acce693e-91a0-4ef2-9c00-7554c3963bf9', 75.97, 'Completed', '2025-01-07 03:52:35');
INSERT INTO Orders (Order_ID, Created_At, Delivery_time, Real_time_location, Special_Instructions, Status, OrderItem_Price, Taxes, Delivery_Fee, Customer_ID, Restaurant_ID, Personnel_ID, Delivery_Address_ID) VALUES (138, '2025-04-06 06:08:45', '2025-04-06 07:27:45', '8280 Baker Ramp Suite 954, Bryanshire, DC 48527', 'Special once she personal herself into.', 'Processing', 149.35, 11.95, 5.12, 28, 8, 6, 63);
INSERT INTO Order_Item (OrderItem_ID, Quantity, MenuItem_ID, Order_ID) VALUES (782, 3, 36, 138);
INSERT INTO Order_Item (OrderItem_ID, Quantity, MenuItem_ID, Order_ID) VALUES (783, 1, 23, 138);
INSERT INTO Order_Item (OrderItem_ID, Quantity, MenuItem_ID, Order_ID) VALUES (784, 2, 54, 138);
INSERT INTO Order_Item (OrderItem_ID, Quantity, MenuItem_ID, Order_ID) VALUES (785, 1, 11, 138);
INSERT INTO Order_Item (OrderItem_ID, Quantity, MenuItem_ID, Order_ID) VALUES (786, 3, 17, 138);
INSERT INTO Order_Item (OrderItem_ID, Quantity, MenuItem_ID, Order_ID) VALUES (787, 1, 48, 138);
INSERT INTO Order_Item (OrderItem_ID, Quantity, MenuItem_ID, Order_ID) VALUES (788, 3, 45, 138);
INSERT INTO Order_Item (OrderItem_ID, Quantity, MenuItem_ID, Order_ID) VALUES (789, 1, 6, 138);
INSERT INTO Order_Item (OrderItem_ID, Quantity, MenuItem_ID, Order_ID) VALUES (790, 1, 19, 138);
INSERT INTO Order_Item (OrderItem_ID, Quantity, MenuItem_ID, Order_ID) VALUES (791, 2, 2, 138);
INSERT INTO Payments (Payment_ID, Order_ID, PaymentMethod_ID, Transaction_ID, Amount, Payment_Status, Timestamp) VALUES (138, 138, 57, '59ecc846-6974-47ea-9b7c-57e8fdf02450', 166.42, 'Completed', '2025-04-06 07:27:45');
INSERT INTO Orders (Order_ID, Created_At, Delivery_time, Real_time_location, Special_Instructions, Status, OrderItem_Price, Taxes, Delivery_Fee, Customer_ID, Restaurant_ID, Personnel_ID, Delivery_Address_ID) VALUES (139, '2025-01-11 23:04:21', '2025-01-12 00:09:21', '49114 Matthew Brooks, Benjaminchester, NY 55704', 'After like against first now.', 'Processing', 104.03999999999999, 8.32, 5.36, 28, 5, 14, 63);
INSERT INTO Order_Item (OrderItem_ID, Quantity, MenuItem_ID, Order_ID) VALUES (792, 3, 30, 139);
INSERT INTO Order_Item (OrderItem_ID, Quantity, MenuItem_ID, Order_ID) VALUES (793, 3, 17, 139);
INSERT INTO Order_Item (OrderItem_ID, Quantity, MenuItem_ID, Order_ID) VALUES (794, 3, 14, 139);
INSERT INTO Order_Item (OrderItem_ID, Quantity, MenuItem_ID, Order_ID) VALUES (795, 2, 55, 139);
INSERT INTO Order_Item (OrderItem_ID, Quantity, MenuItem_ID, Order_ID) VALUES (796, 2, 20, 139);
INSERT INTO Order_Item (OrderItem_ID, Quantity, MenuItem_ID, Order_ID) VALUES (797, 3, 44, 139);
INSERT INTO Payments (Payment_ID, Order_ID, PaymentMethod_ID, Transaction_ID, Amount, Payment_Status, Timestamp) VALUES (139, 139, 56, 'ceee7d65-1904-4ca7-9291-e493528a34f3', 117.72, 'Completed', '2025-01-12 00:09:21');
INSERT INTO Orders (Order_ID, Created_At, Delivery_time, Real_time_location, Special_Instructions, Status, OrderItem_Price, Taxes, Delivery_Fee, Customer_ID, Restaurant_ID, Personnel_ID, Delivery_Address_ID) VALUES (140, '2025-04-05 19:54:58', '2025-04-05 21:15:58', '7852 Cox Mews, South Cynthia, CA 70733', 'Explain answer you I difficult.', 'Processing', 81.36, 6.51, 5.6, 28, 8, 3, 62);
INSERT INTO Order_Item (OrderItem_ID, Quantity, MenuItem_ID, Order_ID) VALUES (798, 3, 41, 140);
INSERT INTO Order_Item (OrderItem_ID, Quantity, MenuItem_ID, Order_ID) VALUES (799, 2, 21, 140);
INSERT INTO Order_Item (OrderItem_ID, Quantity, MenuItem_ID, Order_ID) VALUES (800, 3, 18, 140);
INSERT INTO Order_Item (OrderItem_ID, Quantity, MenuItem_ID, Order_ID) VALUES (801, 2, 17, 140);
INSERT INTO Order_Item (OrderItem_ID, Quantity, MenuItem_ID, Order_ID) VALUES (802, 3, 42, 140);
INSERT INTO Payments (Payment_ID, Order_ID, PaymentMethod_ID, Transaction_ID, Amount, Payment_Status, Timestamp) VALUES (140, 140, 56, 'b7bba2aa-178a-4c73-b53b-a020be2de8c8', 93.47, 'Completed', '2025-04-05 21:15:58');
INSERT INTO Orders (Order_ID, Created_At, Delivery_time, Real_time_location, Special_Instructions, Status, OrderItem_Price, Taxes, Delivery_Fee, Customer_ID, Restaurant_ID, Personnel_ID, Delivery_Address_ID) VALUES (141, '2025-04-23 06:34:33', '2025-04-23 07:44:33', '1987 Clark Underpass Apt. 484, Alvaradomouth, MT 53231', 'Person law shake Congress affect.', 'Processing', 94.01, 7.52, 4.75, 28, 1, 16, 62);
INSERT INTO Order_Item (OrderItem_ID, Quantity, MenuItem_ID, Order_ID) VALUES (803, 2, 27, 141);
INSERT INTO Order_Item (OrderItem_ID, Quantity, MenuItem_ID, Order_ID) VALUES (804, 3, 26, 141);
INSERT INTO Order_Item (OrderItem_ID, Quantity, MenuItem_ID, Order_ID) VALUES (805, 2, 25, 141);
INSERT INTO Order_Item (OrderItem_ID, Quantity, MenuItem_ID, Order_ID) VALUES (806, 3, 48, 141);
INSERT INTO Order_Item (OrderItem_ID, Quantity, MenuItem_ID, Order_ID) VALUES (807, 2, 3, 141);
INSERT INTO Payments (Payment_ID, Order_ID, PaymentMethod_ID, Transaction_ID, Amount, Payment_Status, Timestamp) VALUES (141, 141, 56, '2fc10403-dcda-4cc1-8427-4378b40d8aef', 106.28, 'Completed', '2025-04-23 07:44:33');
INSERT INTO Orders (Order_ID, Created_At, Delivery_time, Real_time_location, Special_Instructions, Status, OrderItem_Price, Taxes, Delivery_Fee, Customer_ID, Restaurant_ID, Personnel_ID, Delivery_Address_ID) VALUES (142, '2025-04-23 00:17:04', '2025-04-23 01:45:04', '8969 Alexa Lakes Suite 232, Meganchester, CA 83591', 'Suffer environment expert civil rather.', 'Processing', 39.32, 3.15, 4.24, 28, 9, 6, 62);
INSERT INTO Order_Item (OrderItem_ID, Quantity, MenuItem_ID, Order_ID) VALUES (808, 1, 31, 142);
INSERT INTO Order_Item (OrderItem_ID, Quantity, MenuItem_ID, Order_ID) VALUES (809, 3, 9, 142);
INSERT INTO Payments (Payment_ID, Order_ID, PaymentMethod_ID, Transaction_ID, Amount, Payment_Status, Timestamp) VALUES (142, 142, 57, '1d122ccf-3d0d-4ffd-a7e6-d49a3c73013b', 46.71, 'Completed', '2025-04-23 01:45:04');
INSERT INTO Orders (Order_ID, Created_At, Delivery_time, Real_time_location, Special_Instructions, Status, OrderItem_Price, Taxes, Delivery_Fee, Customer_ID, Restaurant_ID, Personnel_ID, Delivery_Address_ID) VALUES (143, '2025-01-30 02:52:29', '2025-01-30 03:25:29', '7786 Lucas Camp, East Joseph, KS 36909', 'Compare system white magazine after teacher base.', 'Processing', 66.16, 5.29, 2.47, 28, 2, 8, 62);
INSERT INTO Order_Item (OrderItem_ID, Quantity, MenuItem_ID, Order_ID) VALUES (810, 3, 48, 143);
INSERT INTO Order_Item (OrderItem_ID, Quantity, MenuItem_ID, Order_ID) VALUES (811, 3, 20, 143);
INSERT INTO Order_Item (OrderItem_ID, Quantity, MenuItem_ID, Order_ID) VALUES (812, 3, 27, 143);
INSERT INTO Order_Item (OrderItem_ID, Quantity, MenuItem_ID, Order_ID) VALUES (813, 3, 51, 143);
INSERT INTO Payments (Payment_ID, Order_ID, PaymentMethod_ID, Transaction_ID, Amount, Payment_Status, Timestamp) VALUES (143, 143, 56, '1046e3df-ddfe-4849-8c48-5cfc9a0270da', 73.92, 'Completed', '2025-01-30 03:25:29');
INSERT INTO Orders (Order_ID, Created_At, Delivery_time, Real_time_location, Special_Instructions, Status, OrderItem_Price, Taxes, Delivery_Fee, Customer_ID, Restaurant_ID, Personnel_ID, Delivery_Address_ID) VALUES (144, '2025-03-21 00:47:21', '2025-03-21 01:38:21', 'PSC 1623, Box 1981, APO AP 87561', 'Wear use edge this draw business southern forget.', 'Processing', 122.89999999999999, 9.83, 2.32, 28, 8, 7, 60);
INSERT INTO Order_Item (OrderItem_ID, Quantity, MenuItem_ID, Order_ID) VALUES (814, 3, 34, 144);
INSERT INTO Order_Item (OrderItem_ID, Quantity, MenuItem_ID, Order_ID) VALUES (815, 1, 20, 144);
INSERT INTO Order_Item (OrderItem_ID, Quantity, MenuItem_ID, Order_ID) VALUES (816, 2, 27, 144);
INSERT INTO Order_Item (OrderItem_ID, Quantity, MenuItem_ID, Order_ID) VALUES (817, 3, 4, 144);
INSERT INTO Order_Item (OrderItem_ID, Quantity, MenuItem_ID, Order_ID) VALUES (818, 1, 10, 144);
INSERT INTO Order_Item (OrderItem_ID, Quantity, MenuItem_ID, Order_ID) VALUES (819, 1, 9, 144);
INSERT INTO Order_Item (OrderItem_ID, Quantity, MenuItem_ID, Order_ID) VALUES (820, 2, 13, 144);
INSERT INTO Payments (Payment_ID, Order_ID, PaymentMethod_ID, Transaction_ID, Amount, Payment_Status, Timestamp) VALUES (144, 144, 57, 'ce4ba2bb-63d3-4e8e-bcbb-859a95966725', 135.05, 'Completed', '2025-03-21 01:38:21');
INSERT INTO Orders (Order_ID, Created_At, Delivery_time, Real_time_location, Special_Instructions, Status, OrderItem_Price, Taxes, Delivery_Fee, Customer_ID, Restaurant_ID, Personnel_ID, Delivery_Address_ID) VALUES (145, '2025-02-15 19:33:04', '2025-02-15 20:36:04', 'USNS Thomas, FPO AE 28564', 'Keep effect operation make hear.', 'Processing', 128.94, 10.32, 5.03, 28, 4, 6, 61);
INSERT INTO Order_Item (OrderItem_ID, Quantity, MenuItem_ID, Order_ID) VALUES (821, 1, 51, 145);
INSERT INTO Order_Item (OrderItem_ID, Quantity, MenuItem_ID, Order_ID) VALUES (822, 1, 49, 145);
INSERT INTO Order_Item (OrderItem_ID, Quantity, MenuItem_ID, Order_ID) VALUES (823, 3, 50, 145);
INSERT INTO Order_Item (OrderItem_ID, Quantity, MenuItem_ID, Order_ID) VALUES (824, 1, 6, 145);
INSERT INTO Order_Item (OrderItem_ID, Quantity, MenuItem_ID, Order_ID) VALUES (825, 3, 9, 145);
INSERT INTO Order_Item (OrderItem_ID, Quantity, MenuItem_ID, Order_ID) VALUES (826, 3, 40, 145);
INSERT INTO Order_Item (OrderItem_ID, Quantity, MenuItem_ID, Order_ID) VALUES (827, 1, 28, 145);
INSERT INTO Order_Item (OrderItem_ID, Quantity, MenuItem_ID, Order_ID) VALUES (828, 1, 41, 145);
INSERT INTO Payments (Payment_ID, Order_ID, PaymentMethod_ID, Transaction_ID, Amount, Payment_Status, Timestamp) VALUES (145, 145, 57, '8bb5f242-5105-4c35-9ceb-08fef2deb798', 144.29, 'Completed', '2025-02-15 20:36:04');
INSERT INTO Orders (Order_ID, Created_At, Delivery_time, Real_time_location, Special_Instructions, Status, OrderItem_Price, Taxes, Delivery_Fee, Customer_ID, Restaurant_ID, Personnel_ID, Delivery_Address_ID) VALUES (146, '2025-03-24 06:57:50', '2025-03-24 07:58:50', '2575 Smith Rest, Port Joditon, WY 88528', 'Education his police red total.', 'Processing', 109.07, 8.73, 5.98, 28, 5, 5, 60);
INSERT INTO Order_Item (OrderItem_ID, Quantity, MenuItem_ID, Order_ID) VALUES (829, 2, 33, 146);
INSERT INTO Order_Item (OrderItem_ID, Quantity, MenuItem_ID, Order_ID) VALUES (830, 1, 38, 146);
INSERT INTO Order_Item (OrderItem_ID, Quantity, MenuItem_ID, Order_ID) VALUES (831, 1, 20, 146);
INSERT INTO Order_Item (OrderItem_ID, Quantity, MenuItem_ID, Order_ID) VALUES (832, 2, 11, 146);
INSERT INTO Order_Item (OrderItem_ID, Quantity, MenuItem_ID, Order_ID) VALUES (833, 1, 5, 146);
INSERT INTO Order_Item (OrderItem_ID, Quantity, MenuItem_ID, Order_ID) VALUES (834, 1, 3, 146);
INSERT INTO Order_Item (OrderItem_ID, Quantity, MenuItem_ID, Order_ID) VALUES (835, 1, 53, 146);
INSERT INTO Payments (Payment_ID, Order_ID, PaymentMethod_ID, Transaction_ID, Amount, Payment_Status, Timestamp) VALUES (146, 146, 56, 'ddf0a0a2-88ef-482b-9f3e-ea66af6c6f61', 123.78, 'Completed', '2025-03-24 07:58:50');
INSERT INTO Orders (Order_ID, Created_At, Delivery_time, Real_time_location, Special_Instructions, Status, OrderItem_Price, Taxes, Delivery_Fee, Customer_ID, Restaurant_ID, Personnel_ID, Delivery_Address_ID) VALUES (147, '2025-02-15 21:37:10', '2025-02-15 22:23:10', '64413 Clark Estates Suite 560, Michellefort, WA 54628', 'Response theory star station recognize media.', 'Processing', 23.76, 1.9, 5.51, 28, 4, 1, 61);
INSERT INTO Order_Item (OrderItem_ID, Quantity, MenuItem_ID, Order_ID) VALUES (836, 3, 24, 147);
INSERT INTO Order_Item (OrderItem_ID, Quantity, MenuItem_ID, Order_ID) VALUES (837, 3, 46, 147);
INSERT INTO Payments (Payment_ID, Order_ID, PaymentMethod_ID, Transaction_ID, Amount, Payment_Status, Timestamp) VALUES (147, 147, 56, 'baaeebf8-9a24-4525-abbe-2bd65a1341e7', 31.17, 'Completed', '2025-02-15 22:23:10');
INSERT INTO Orders (Order_ID, Created_At, Delivery_time, Real_time_location, Special_Instructions, Status, OrderItem_Price, Taxes, Delivery_Fee, Customer_ID, Restaurant_ID, Personnel_ID, Delivery_Address_ID) VALUES (148, '2025-04-17 08:35:46', '2025-04-17 09:12:46', '002 Gibbs Dale Apt. 634, Barbaraville, IA 68182', 'Suggest rate society floor.', 'Processing', 7.32, 0.59, 3.78, 29, 1, 4, 64);
INSERT INTO Order_Item (OrderItem_ID, Quantity, MenuItem_ID, Order_ID) VALUES (838, 3, 45, 148);
INSERT INTO Payments (Payment_ID, Order_ID, PaymentMethod_ID, Transaction_ID, Amount, Payment_Status, Timestamp) VALUES (148, 148, 59, '222db2cf-bc34-4d5d-9f9e-14257a7628e6', 11.69, 'Completed', '2025-04-17 09:12:46');
INSERT INTO Orders (Order_ID, Created_At, Delivery_time, Real_time_location, Special_Instructions, Status, OrderItem_Price, Taxes, Delivery_Fee, Customer_ID, Restaurant_ID, Personnel_ID, Delivery_Address_ID) VALUES (149, '2025-02-20 14:51:22', '2025-02-20 15:54:22', '3165 Phillip Lane Apt. 008, North Terri, KS 92416', 'Anyone peace outside chance.', 'Processing', 13.42, 1.07, 2.4, 29, 8, 5, 64);
INSERT INTO Order_Item (OrderItem_ID, Quantity, MenuItem_ID, Order_ID) VALUES (839, 2, 20, 149);
INSERT INTO Payments (Payment_ID, Order_ID, PaymentMethod_ID, Transaction_ID, Amount, Payment_Status, Timestamp) VALUES (149, 149, 58, 'f27e8ce7-2b8d-4c49-9e30-03e1f541a44e', 16.89, 'Completed', '2025-02-20 15:54:22');
INSERT INTO Orders (Order_ID, Created_At, Delivery_time, Real_time_location, Special_Instructions, Status, OrderItem_Price, Taxes, Delivery_Fee, Customer_ID, Restaurant_ID, Personnel_ID, Delivery_Address_ID) VALUES (150, '2025-04-21 03:32:36', '2025-04-21 04:12:36', '7133 Sophia Via Suite 476, South Melissa, IL 37590', 'Industry impact certainly face energy.', 'Processing', 95.98999999999998, 7.68, 3.64, 29, 7, 4, 64);
INSERT INTO Order_Item (OrderItem_ID, Quantity, MenuItem_ID, Order_ID) VALUES (840, 1, 8, 150);
INSERT INTO Order_Item (OrderItem_ID, Quantity, MenuItem_ID, Order_ID) VALUES (841, 3, 51, 150);
INSERT INTO Order_Item (OrderItem_ID, Quantity, MenuItem_ID, Order_ID) VALUES (842, 2, 7, 150);
INSERT INTO Order_Item (OrderItem_ID, Quantity, MenuItem_ID, Order_ID) VALUES (843, 1, 32, 150);
INSERT INTO Order_Item (OrderItem_ID, Quantity, MenuItem_ID, Order_ID) VALUES (844, 3, 13, 150);
INSERT INTO Payments (Payment_ID, Order_ID, PaymentMethod_ID, Transaction_ID, Amount, Payment_Status, Timestamp) VALUES (150, 150, 59, '3f91c419-e846-49df-b373-35549e204ac7', 107.31, 'Completed', '2025-04-21 04:12:36');
INSERT INTO Orders (Order_ID, Created_At, Delivery_time, Real_time_location, Special_Instructions, Status, OrderItem_Price, Taxes, Delivery_Fee, Customer_ID, Restaurant_ID, Personnel_ID, Delivery_Address_ID) VALUES (151, '2025-03-13 18:38:12', '2025-03-13 19:44:12', '07256 Jennifer Station Suite 941, New Brianmouth, NJ 46940', 'Vote whose our security animal effect people few.', 'Processing', 6.78, 0.54, 2.44, 29, 6, 8, 64);
INSERT INTO Order_Item (OrderItem_ID, Quantity, MenuItem_ID, Order_ID) VALUES (845, 3, 43, 151);
INSERT INTO Payments (Payment_ID, Order_ID, PaymentMethod_ID, Transaction_ID, Amount, Payment_Status, Timestamp) VALUES (151, 151, 59, '21da5db1-5ef3-41c2-abd7-d3f1650ad9aa', 9.76, 'Completed', '2025-03-13 19:44:12');
INSERT INTO Orders (Order_ID, Created_At, Delivery_time, Real_time_location, Special_Instructions, Status, OrderItem_Price, Taxes, Delivery_Fee, Customer_ID, Restaurant_ID, Personnel_ID, Delivery_Address_ID) VALUES (152, '2025-04-19 15:44:25', '2025-04-19 16:43:25', '2875 Anderson Island, Thomasville, AZ 17261', 'The strong security unit executive theory party.', 'Processing', 34.39, 2.75, 3.18, 29, 3, 3, 64);
INSERT INTO Order_Item (OrderItem_ID, Quantity, MenuItem_ID, Order_ID) VALUES (846, 1, 17, 152);
INSERT INTO Order_Item (OrderItem_ID, Quantity, MenuItem_ID, Order_ID) VALUES (847, 1, 42, 152);
INSERT INTO Payments (Payment_ID, Order_ID, PaymentMethod_ID, Transaction_ID, Amount, Payment_Status, Timestamp) VALUES (152, 152, 58, '8458526b-4385-43e3-ad3d-5159c2f5da5f', 40.32, 'Completed', '2025-04-19 16:43:25');
INSERT INTO Orders (Order_ID, Created_At, Delivery_time, Real_time_location, Special_Instructions, Status, OrderItem_Price, Taxes, Delivery_Fee, Customer_ID, Restaurant_ID, Personnel_ID, Delivery_Address_ID) VALUES (153, '2025-03-02 18:44:01', '2025-03-02 20:00:01', '7287 Jacob Center, East Barry, GA 93032', 'Job yet until American ground remember magazine.', 'Processing', 89.46000000000001, 7.16, 3.07, 29, 1, 10, 64);
INSERT INTO Order_Item (OrderItem_ID, Quantity, MenuItem_ID, Order_ID) VALUES (848, 1, 28, 153);
INSERT INTO Order_Item (OrderItem_ID, Quantity, MenuItem_ID, Order_ID) VALUES (849, 2, 48, 153);
INSERT INTO Order_Item (OrderItem_ID, Quantity, MenuItem_ID, Order_ID) VALUES (850, 2, 8, 153);
INSERT INTO Order_Item (OrderItem_ID, Quantity, MenuItem_ID, Order_ID) VALUES (851, 1, 7, 153);
INSERT INTO Order_Item (OrderItem_ID, Quantity, MenuItem_ID, Order_ID) VALUES (852, 1, 49, 153);
INSERT INTO Order_Item (OrderItem_ID, Quantity, MenuItem_ID, Order_ID) VALUES (853, 2, 3, 153);
INSERT INTO Payments (Payment_ID, Order_ID, PaymentMethod_ID, Transaction_ID, Amount, Payment_Status, Timestamp) VALUES (153, 153, 59, 'b8427379-d888-4cb6-9ccc-33c17e347f69', 99.69, 'Completed', '2025-03-02 20:00:01');
INSERT INTO Orders (Order_ID, Created_At, Delivery_time, Real_time_location, Special_Instructions, Status, OrderItem_Price, Taxes, Delivery_Fee, Customer_ID, Restaurant_ID, Personnel_ID, Delivery_Address_ID) VALUES (154, '2025-01-29 17:58:49', '2025-01-29 19:17:49', '42284 Brandy Avenue, South Samantha, WI 65789', 'Thought ago race quite.', 'Processing', 141.13, 11.29, 4.45, 29, 8, 9, 64);
INSERT INTO Order_Item (OrderItem_ID, Quantity, MenuItem_ID, Order_ID) VALUES (854, 2, 52, 154);
INSERT INTO Order_Item (OrderItem_ID, Quantity, MenuItem_ID, Order_ID) VALUES (855, 3, 27, 154);
INSERT INTO Order_Item (OrderItem_ID, Quantity, MenuItem_ID, Order_ID) VALUES (856, 1, 42, 154);
INSERT INTO Order_Item (OrderItem_ID, Quantity, MenuItem_ID, Order_ID) VALUES (857, 3, 55, 154);
INSERT INTO Order_Item (OrderItem_ID, Quantity, MenuItem_ID, Order_ID) VALUES (858, 3, 11, 154);
INSERT INTO Order_Item (OrderItem_ID, Quantity, MenuItem_ID, Order_ID) VALUES (859, 1, 8, 154);
INSERT INTO Order_Item (OrderItem_ID, Quantity, MenuItem_ID, Order_ID) VALUES (860, 2, 9, 154);
INSERT INTO Order_Item (OrderItem_ID, Quantity, MenuItem_ID, Order_ID) VALUES (861, 2, 45, 154);
INSERT INTO Payments (Payment_ID, Order_ID, PaymentMethod_ID, Transaction_ID, Amount, Payment_Status, Timestamp) VALUES (154, 154, 58, 'eddcac0a-9720-4c66-9fa1-846864e84ffc', 156.87, 'Completed', '2025-01-29 19:17:49');
INSERT INTO Orders (Order_ID, Created_At, Delivery_time, Real_time_location, Special_Instructions, Status, OrderItem_Price, Taxes, Delivery_Fee, Customer_ID, Restaurant_ID, Personnel_ID, Delivery_Address_ID) VALUES (155, '2025-01-21 14:19:17', '2025-01-21 15:38:17', '17774 Mark Cape, Nguyenshire, IL 06881', 'Follow area audience weight high.', 'Processing', 30.369999999999997, 2.43, 4.71, 29, 7, 15, 64);
INSERT INTO Order_Item (OrderItem_ID, Quantity, MenuItem_ID, Order_ID) VALUES (862, 3, 17, 155);
INSERT INTO Order_Item (OrderItem_ID, Quantity, MenuItem_ID, Order_ID) VALUES (863, 3, 42, 155);
INSERT INTO Payments (Payment_ID, Order_ID, PaymentMethod_ID, Transaction_ID, Amount, Payment_Status, Timestamp) VALUES (155, 155, 58, '3d75e423-2d92-4dab-8152-6bff661b9738', 37.51, 'Completed', '2025-01-21 15:38:17');
INSERT INTO Orders (Order_ID, Created_At, Delivery_time, Real_time_location, Special_Instructions, Status, OrderItem_Price, Taxes, Delivery_Fee, Customer_ID, Restaurant_ID, Personnel_ID, Delivery_Address_ID) VALUES (156, '2025-03-19 11:05:21', '2025-03-19 12:05:21', '66421 Henry Meadows, Rebeccaberg, TN 13098', 'Mention majority those live none institution.', 'Processing', 116.35000000000001, 9.31, 4.02, 29, 6, 17, 64);
INSERT INTO Order_Item (OrderItem_ID, Quantity, MenuItem_ID, Order_ID) VALUES (864, 2, 43, 156);
INSERT INTO Order_Item (OrderItem_ID, Quantity, MenuItem_ID, Order_ID) VALUES (865, 1, 47, 156);
INSERT INTO Order_Item (OrderItem_ID, Quantity, MenuItem_ID, Order_ID) VALUES (866, 1, 16, 156);
INSERT INTO Order_Item (OrderItem_ID, Quantity, MenuItem_ID, Order_ID) VALUES (867, 2, 31, 156);
INSERT INTO Order_Item (OrderItem_ID, Quantity, MenuItem_ID, Order_ID) VALUES (868, 2, 23, 156);
INSERT INTO Order_Item (OrderItem_ID, Quantity, MenuItem_ID, Order_ID) VALUES (869, 1, 55, 156);
INSERT INTO Order_Item (OrderItem_ID, Quantity, MenuItem_ID, Order_ID) VALUES (870, 2, 44, 156);
INSERT INTO Payments (Payment_ID, Order_ID, PaymentMethod_ID, Transaction_ID, Amount, Payment_Status, Timestamp) VALUES (156, 156, 59, '5e44b774-cf9d-439c-ac2b-5781c1a95ee2', 129.68, 'Completed', '2025-03-19 12:05:21');
INSERT INTO Orders (Order_ID, Created_At, Delivery_time, Real_time_location, Special_Instructions, Status, OrderItem_Price, Taxes, Delivery_Fee, Customer_ID, Restaurant_ID, Personnel_ID, Delivery_Address_ID) VALUES (157, '2025-04-30 04:49:52', '2025-04-30 06:09:52', '08573 Sarah Pine Apt. 476, Port Timberg, TX 39876', 'Mission far answer baby and.', 'Processing', 117.69000000000001, 9.42, 5.3, 29, 1, 17, 64);
INSERT INTO Order_Item (OrderItem_ID, Quantity, MenuItem_ID, Order_ID) VALUES (871, 3, 42, 157);
INSERT INTO Order_Item (OrderItem_ID, Quantity, MenuItem_ID, Order_ID) VALUES (872, 3, 25, 157);
INSERT INTO Order_Item (OrderItem_ID, Quantity, MenuItem_ID, Order_ID) VALUES (873, 3, 26, 157);
INSERT INTO Order_Item (OrderItem_ID, Quantity, MenuItem_ID, Order_ID) VALUES (874, 2, 16, 157);
INSERT INTO Order_Item (OrderItem_ID, Quantity, MenuItem_ID, Order_ID) VALUES (875, 3, 6, 157);
INSERT INTO Order_Item (OrderItem_ID, Quantity, MenuItem_ID, Order_ID) VALUES (876, 3, 30, 157);
INSERT INTO Order_Item (OrderItem_ID, Quantity, MenuItem_ID, Order_ID) VALUES (877, 1, 29, 157);
INSERT INTO Order_Item (OrderItem_ID, Quantity, MenuItem_ID, Order_ID) VALUES (878, 3, 37, 157);
INSERT INTO Order_Item (OrderItem_ID, Quantity, MenuItem_ID, Order_ID) VALUES (879, 3, 49, 157);
INSERT INTO Payments (Payment_ID, Order_ID, PaymentMethod_ID, Transaction_ID, Amount, Payment_Status, Timestamp) VALUES (157, 157, 59, '69bba3c4-6cc7-41f0-82ba-0fed1b8dc821', 132.41, 'Completed', '2025-04-30 06:09:52');
INSERT INTO Orders (Order_ID, Created_At, Delivery_time, Real_time_location, Special_Instructions, Status, OrderItem_Price, Taxes, Delivery_Fee, Customer_ID, Restaurant_ID, Personnel_ID, Delivery_Address_ID) VALUES (158, '2025-01-19 08:19:44', '2025-01-19 09:12:44', '4918 Daniel Shore Suite 226, North Robertport, OR 95409', 'Serious last space game truth special decision.', 'Processing', 107.26, 8.58, 4.19, 30, 6, 2, 65);
INSERT INTO Order_Item (OrderItem_ID, Quantity, MenuItem_ID, Order_ID) VALUES (880, 3, 22, 158);
INSERT INTO Order_Item (OrderItem_ID, Quantity, MenuItem_ID, Order_ID) VALUES (881, 1, 36, 158);
INSERT INTO Order_Item (OrderItem_ID, Quantity, MenuItem_ID, Order_ID) VALUES (882, 1, 50, 158);
INSERT INTO Order_Item (OrderItem_ID, Quantity, MenuItem_ID, Order_ID) VALUES (883, 1, 40, 158);
INSERT INTO Order_Item (OrderItem_ID, Quantity, MenuItem_ID, Order_ID) VALUES (884, 2, 39, 158);
INSERT INTO Order_Item (OrderItem_ID, Quantity, MenuItem_ID, Order_ID) VALUES (885, 1, 31, 158);
INSERT INTO Order_Item (OrderItem_ID, Quantity, MenuItem_ID, Order_ID) VALUES (886, 3, 46, 158);
INSERT INTO Order_Item (OrderItem_ID, Quantity, MenuItem_ID, Order_ID) VALUES (887, 3, 43, 158);
INSERT INTO Payments (Payment_ID, Order_ID, PaymentMethod_ID, Transaction_ID, Amount, Payment_Status, Timestamp) VALUES (158, 158, 62, '9aa33580-fb70-4dd7-bf3d-5023140642a8', 120.03, 'Completed', '2025-01-19 09:12:44');
INSERT INTO Orders (Order_ID, Created_At, Delivery_time, Real_time_location, Special_Instructions, Status, OrderItem_Price, Taxes, Delivery_Fee, Customer_ID, Restaurant_ID, Personnel_ID, Delivery_Address_ID) VALUES (159, '2025-02-20 08:30:28', '2025-02-20 09:47:28', '8006 Alexander Shoal, Stevensfurt, TN 98050', 'Rise field spend pattern real white push source.', 'Processing', 162.77, 13.02, 2.02, 30, 7, 4, 66);
INSERT INTO Order_Item (OrderItem_ID, Quantity, MenuItem_ID, Order_ID) VALUES (888, 1, 13, 159);
INSERT INTO Order_Item (OrderItem_ID, Quantity, MenuItem_ID, Order_ID) VALUES (889, 3, 55, 159);
INSERT INTO Order_Item (OrderItem_ID, Quantity, MenuItem_ID, Order_ID) VALUES (890, 2, 8, 159);
INSERT INTO Order_Item (OrderItem_ID, Quantity, MenuItem_ID, Order_ID) VALUES (891, 3, 26, 159);
INSERT INTO Order_Item (OrderItem_ID, Quantity, MenuItem_ID, Order_ID) VALUES (892, 2, 14, 159);
INSERT INTO Order_Item (OrderItem_ID, Quantity, MenuItem_ID, Order_ID) VALUES (893, 3, 30, 159);
INSERT INTO Order_Item (OrderItem_ID, Quantity, MenuItem_ID, Order_ID) VALUES (894, 1, 54, 159);
INSERT INTO Order_Item (OrderItem_ID, Quantity, MenuItem_ID, Order_ID) VALUES (895, 3, 46, 159);
INSERT INTO Order_Item (OrderItem_ID, Quantity, MenuItem_ID, Order_ID) VALUES (896, 3, 22, 159);
INSERT INTO Order_Item (OrderItem_ID, Quantity, MenuItem_ID, Order_ID) VALUES (897, 1, 7, 159);
INSERT INTO Payments (Payment_ID, Order_ID, PaymentMethod_ID, Transaction_ID, Amount, Payment_Status, Timestamp) VALUES (159, 159, 62, '038d5f5a-2296-43f6-a005-dd7e166f419a', 177.81, 'Completed', '2025-02-20 09:47:28');
INSERT INTO Orders (Order_ID, Created_At, Delivery_time, Real_time_location, Special_Instructions, Status, OrderItem_Price, Taxes, Delivery_Fee, Customer_ID, Restaurant_ID, Personnel_ID, Delivery_Address_ID) VALUES (160, '2025-02-07 01:12:07', '2025-02-07 02:41:07', '303 Wong Run, South Megan, WY 71094', 'Beat show challenge instead bring.', 'Processing', 174.85, 13.99, 4.85, 30, 3, 4, 66);
INSERT INTO Order_Item (OrderItem_ID, Quantity, MenuItem_ID, Order_ID) VALUES (898, 3, 39, 160);
INSERT INTO Order_Item (OrderItem_ID, Quantity, MenuItem_ID, Order_ID) VALUES (899, 3, 21, 160);
INSERT INTO Order_Item (OrderItem_ID, Quantity, MenuItem_ID, Order_ID) VALUES (900, 1, 33, 160);
INSERT INTO Order_Item (OrderItem_ID, Quantity, MenuItem_ID, Order_ID) VALUES (901, 1, 25, 160);
INSERT INTO Order_Item (OrderItem_ID, Quantity, MenuItem_ID, Order_ID) VALUES (902, 1, 27, 160);
INSERT INTO Order_Item (OrderItem_ID, Quantity, MenuItem_ID, Order_ID) VALUES (903, 3, 55, 160);
INSERT INTO Order_Item (OrderItem_ID, Quantity, MenuItem_ID, Order_ID) VALUES (904, 3, 45, 160);
INSERT INTO Order_Item (OrderItem_ID, Quantity, MenuItem_ID, Order_ID) VALUES (905, 2, 16, 160);
INSERT INTO Order_Item (OrderItem_ID, Quantity, MenuItem_ID, Order_ID) VALUES (906, 3, 18, 160);
INSERT INTO Order_Item (OrderItem_ID, Quantity, MenuItem_ID, Order_ID) VALUES (907, 2, 26, 160);
INSERT INTO Payments (Payment_ID, Order_ID, PaymentMethod_ID, Transaction_ID, Amount, Payment_Status, Timestamp) VALUES (160, 160, 62, 'b3dd7820-bd20-436a-a705-24cbe704b115', 193.69, 'Completed', '2025-02-07 02:41:07');
INSERT INTO Orders (Order_ID, Created_At, Delivery_time, Real_time_location, Special_Instructions, Status, OrderItem_Price, Taxes, Delivery_Fee, Customer_ID, Restaurant_ID, Personnel_ID, Delivery_Address_ID) VALUES (161, '2025-03-28 11:05:22', '2025-03-28 12:20:22', 'USCGC Smith, FPO AA 77207', 'Cut notice street anything account.', 'Processing', 32.91, 2.63, 5.77, 30, 3, 6, 66);
INSERT INTO Order_Item (OrderItem_ID, Quantity, MenuItem_ID, Order_ID) VALUES (908, 2, 49, 161);
INSERT INTO Order_Item (OrderItem_ID, Quantity, MenuItem_ID, Order_ID) VALUES (909, 3, 23, 161);
INSERT INTO Payments (Payment_ID, Order_ID, PaymentMethod_ID, Transaction_ID, Amount, Payment_Status, Timestamp) VALUES (161, 161, 62, '6e89a7a8-b68d-4037-98fe-3fb8a1628abf', 41.31, 'Completed', '2025-03-28 12:20:22');
INSERT INTO Orders (Order_ID, Created_At, Delivery_time, Real_time_location, Special_Instructions, Status, OrderItem_Price, Taxes, Delivery_Fee, Customer_ID, Restaurant_ID, Personnel_ID, Delivery_Address_ID) VALUES (162, '2025-03-22 17:14:12', '2025-03-22 17:47:12', '76789 Hall Circle Apt. 695, West Patriciachester, NJ 15828', 'Performance position large job claim risk light.', 'Processing', 7.13, 0.57, 3.52, 30, 9, 10, 66);
INSERT INTO Order_Item (OrderItem_ID, Quantity, MenuItem_ID, Order_ID) VALUES (910, 3, 34, 162);
INSERT INTO Payments (Payment_ID, Order_ID, PaymentMethod_ID, Transaction_ID, Amount, Payment_Status, Timestamp) VALUES (162, 162, 60, '383e69a4-81f4-4dfd-bb6b-1c0d702805af', 11.22, 'Completed', '2025-03-22 17:47:12');
INSERT INTO Orders (Order_ID, Created_At, Delivery_time, Real_time_location, Special_Instructions, Status, OrderItem_Price, Taxes, Delivery_Fee, Customer_ID, Restaurant_ID, Personnel_ID, Delivery_Address_ID) VALUES (163, '2025-04-25 02:41:17', '2025-04-25 04:06:17', 'PSC 5972, Box 4665, APO AA 21738', 'Debate real beat lot community choose man soldier.', 'Processing', 76.71000000000001, 6.14, 2.41, 30, 4, 9, 65);
INSERT INTO Order_Item (OrderItem_ID, Quantity, MenuItem_ID, Order_ID) VALUES (911, 3, 44, 163);
INSERT INTO Order_Item (OrderItem_ID, Quantity, MenuItem_ID, Order_ID) VALUES (912, 3, 17, 163);
INSERT INTO Order_Item (OrderItem_ID, Quantity, MenuItem_ID, Order_ID) VALUES (913, 3, 10, 163);
INSERT INTO Order_Item (OrderItem_ID, Quantity, MenuItem_ID, Order_ID) VALUES (914, 1, 54, 163);
INSERT INTO Order_Item (OrderItem_ID, Quantity, MenuItem_ID, Order_ID) VALUES (915, 3, 4, 163);
INSERT INTO Payments (Payment_ID, Order_ID, PaymentMethod_ID, Transaction_ID, Amount, Payment_Status, Timestamp) VALUES (163, 163, 62, '4dbc217c-7e64-444f-be67-8797f16c084e', 85.26, 'Completed', '2025-04-25 04:06:17');
INSERT INTO Orders (Order_ID, Created_At, Delivery_time, Real_time_location, Special_Instructions, Status, OrderItem_Price, Taxes, Delivery_Fee, Customer_ID, Restaurant_ID, Personnel_ID, Delivery_Address_ID) VALUES (164, '2025-02-15 13:52:09', '2025-02-15 15:05:09', '54522 Lindsay Junction, Wilsonbury, OH 29873', 'Election future great another there environment character.', 'Processing', 12.75, 1.02, 5.83, 31, 7, 8, 68);
INSERT INTO Order_Item (OrderItem_ID, Quantity, MenuItem_ID, Order_ID) VALUES (916, 2, 25, 164);
INSERT INTO Payments (Payment_ID, Order_ID, PaymentMethod_ID, Transaction_ID, Amount, Payment_Status, Timestamp) VALUES (164, 164, 63, '9ab2b735-83f0-4e7d-9faa-8505b0acb9ba', 19.6, 'Completed', '2025-02-15 15:05:09');
INSERT INTO Orders (Order_ID, Created_At, Delivery_time, Real_time_location, Special_Instructions, Status, OrderItem_Price, Taxes, Delivery_Fee, Customer_ID, Restaurant_ID, Personnel_ID, Delivery_Address_ID) VALUES (165, '2025-05-11 00:01:49', '2025-05-11 00:48:49', '7119 Madison Canyon, East Crystalborough, MN 21083', 'Remain seven marriage that child.', 'Processing', 153.54999999999998, 12.28, 2.16, 31, 1, 9, 67);
INSERT INTO Order_Item (OrderItem_ID, Quantity, MenuItem_ID, Order_ID) VALUES (917, 3, 50, 165);
INSERT INTO Order_Item (OrderItem_ID, Quantity, MenuItem_ID, Order_ID) VALUES (918, 2, 29, 165);
INSERT INTO Order_Item (OrderItem_ID, Quantity, MenuItem_ID, Order_ID) VALUES (919, 1, 15, 165);
INSERT INTO Order_Item (OrderItem_ID, Quantity, MenuItem_ID, Order_ID) VALUES (920, 1, 41, 165);
INSERT INTO Order_Item (OrderItem_ID, Quantity, MenuItem_ID, Order_ID) VALUES (921, 3, 46, 165);
INSERT INTO Order_Item (OrderItem_ID, Quantity, MenuItem_ID, Order_ID) VALUES (922, 2, 51, 165);
INSERT INTO Order_Item (OrderItem_ID, Quantity, MenuItem_ID, Order_ID) VALUES (923, 1, 42, 165);
INSERT INTO Order_Item (OrderItem_ID, Quantity, MenuItem_ID, Order_ID) VALUES (924, 2, 24, 165);
INSERT INTO Order_Item (OrderItem_ID, Quantity, MenuItem_ID, Order_ID) VALUES (925, 2, 38, 165);
INSERT INTO Order_Item (OrderItem_ID, Quantity, MenuItem_ID, Order_ID) VALUES (926, 3, 35, 165);
INSERT INTO Payments (Payment_ID, Order_ID, PaymentMethod_ID, Transaction_ID, Amount, Payment_Status, Timestamp) VALUES (165, 165, 63, '23450e72-d1b4-4562-95a8-d6a15d1ddcb7', 167.99, 'Completed', '2025-05-11 00:48:49');
INSERT INTO Orders (Order_ID, Created_At, Delivery_time, Real_time_location, Special_Instructions, Status, OrderItem_Price, Taxes, Delivery_Fee, Customer_ID, Restaurant_ID, Personnel_ID, Delivery_Address_ID) VALUES (166, '2025-01-24 21:08:40', '2025-01-24 22:20:40', '0375 Wagner Corner Suite 565, East Karen, MT 30409', 'Soon including important learn.', 'Processing', 150.51, 12.04, 5.53, 31, 1, 5, 68);
INSERT INTO Order_Item (OrderItem_ID, Quantity, MenuItem_ID, Order_ID) VALUES (927, 2, 4, 166);
INSERT INTO Order_Item (OrderItem_ID, Quantity, MenuItem_ID, Order_ID) VALUES (928, 2, 50, 166);
INSERT INTO Order_Item (OrderItem_ID, Quantity, MenuItem_ID, Order_ID) VALUES (929, 2, 41, 166);
INSERT INTO Order_Item (OrderItem_ID, Quantity, MenuItem_ID, Order_ID) VALUES (930, 2, 40, 166);
INSERT INTO Order_Item (OrderItem_ID, Quantity, MenuItem_ID, Order_ID) VALUES (931, 1, 43, 166);
INSERT INTO Order_Item (OrderItem_ID, Quantity, MenuItem_ID, Order_ID) VALUES (932, 3, 20, 166);
INSERT INTO Order_Item (OrderItem_ID, Quantity, MenuItem_ID, Order_ID) VALUES (933, 3, 32, 166);
INSERT INTO Order_Item (OrderItem_ID, Quantity, MenuItem_ID, Order_ID) VALUES (934, 2, 37, 166);
INSERT INTO Order_Item (OrderItem_ID, Quantity, MenuItem_ID, Order_ID) VALUES (935, 3, 36, 166);
INSERT INTO Order_Item (OrderItem_ID, Quantity, MenuItem_ID, Order_ID) VALUES (936, 3, 23, 166);
INSERT INTO Payments (Payment_ID, Order_ID, PaymentMethod_ID, Transaction_ID, Amount, Payment_Status, Timestamp) VALUES (166, 166, 63, 'aea491fc-cb6b-4306-8422-c0cfda36433a', 168.08, 'Completed', '2025-01-24 22:20:40');
INSERT INTO Orders (Order_ID, Created_At, Delivery_time, Real_time_location, Special_Instructions, Status, OrderItem_Price, Taxes, Delivery_Fee, Customer_ID, Restaurant_ID, Personnel_ID, Delivery_Address_ID) VALUES (167, '2025-03-12 05:59:26', '2025-03-12 07:03:26', 'USCGC Thomas, FPO AE 94561', 'Want be fire word clearly article service.', 'Processing', 77.28999999999999, 6.18, 3.54, 31, 2, 12, 68);
INSERT INTO Order_Item (OrderItem_ID, Quantity, MenuItem_ID, Order_ID) VALUES (937, 3, 42, 167);
INSERT INTO Order_Item (OrderItem_ID, Quantity, MenuItem_ID, Order_ID) VALUES (938, 2, 40, 167);
INSERT INTO Order_Item (OrderItem_ID, Quantity, MenuItem_ID, Order_ID) VALUES (939, 1, 16, 167);
INSERT INTO Order_Item (OrderItem_ID, Quantity, MenuItem_ID, Order_ID) VALUES (940, 3, 3, 167);
INSERT INTO Payments (Payment_ID, Order_ID, PaymentMethod_ID, Transaction_ID, Amount, Payment_Status, Timestamp) VALUES (167, 167, 63, '26a4cbef-a437-499c-ac2a-322ba9014e33', 87.01, 'Completed', '2025-03-12 07:03:26');
INSERT INTO Orders (Order_ID, Created_At, Delivery_time, Real_time_location, Special_Instructions, Status, OrderItem_Price, Taxes, Delivery_Fee, Customer_ID, Restaurant_ID, Personnel_ID, Delivery_Address_ID) VALUES (168, '2025-04-22 13:37:51', '2025-04-22 14:13:51', '6845 Smith Harbors Apt. 673, Terryfurt, ID 40023', 'Already free rise science.', 'Processing', 120.88, 9.67, 3.7, 31, 9, 17, 68);
INSERT INTO Order_Item (OrderItem_ID, Quantity, MenuItem_ID, Order_ID) VALUES (941, 1, 3, 168);
INSERT INTO Order_Item (OrderItem_ID, Quantity, MenuItem_ID, Order_ID) VALUES (942, 3, 19, 168);
INSERT INTO Order_Item (OrderItem_ID, Quantity, MenuItem_ID, Order_ID) VALUES (943, 3, 42, 168);
INSERT INTO Order_Item (OrderItem_ID, Quantity, MenuItem_ID, Order_ID) VALUES (944, 3, 13, 168);
INSERT INTO Order_Item (OrderItem_ID, Quantity, MenuItem_ID, Order_ID) VALUES (945, 2, 21, 168);
INSERT INTO Order_Item (OrderItem_ID, Quantity, MenuItem_ID, Order_ID) VALUES (946, 3, 33, 168);
INSERT INTO Order_Item (OrderItem_ID, Quantity, MenuItem_ID, Order_ID) VALUES (947, 1, 6, 168);
INSERT INTO Order_Item (OrderItem_ID, Quantity, MenuItem_ID, Order_ID) VALUES (948, 3, 7, 168);
INSERT INTO Payments (Payment_ID, Order_ID, PaymentMethod_ID, Transaction_ID, Amount, Payment_Status, Timestamp) VALUES (168, 168, 63, '8a713a73-fdee-4aa1-853d-80902041e7ed', 134.25, 'Completed', '2025-04-22 14:13:51');
INSERT INTO Orders (Order_ID, Created_At, Delivery_time, Real_time_location, Special_Instructions, Status, OrderItem_Price, Taxes, Delivery_Fee, Customer_ID, Restaurant_ID, Personnel_ID, Delivery_Address_ID) VALUES (169, '2025-02-25 03:11:59', '2025-02-25 03:57:59', '520 Pamela Plains Suite 346, Lake Brianstad, SC 67019', 'Buy series walk large occur accept.', 'Processing', 6.46, 0.52, 2.71, 31, 1, 15, 68);
INSERT INTO Order_Item (OrderItem_ID, Quantity, MenuItem_ID, Order_ID) VALUES (949, 3, 6, 169);
INSERT INTO Payments (Payment_ID, Order_ID, PaymentMethod_ID, Transaction_ID, Amount, Payment_Status, Timestamp) VALUES (169, 169, 63, 'ce2de105-3c70-4fca-bba2-a5f156c76990', 9.69, 'Completed', '2025-02-25 03:57:59');
INSERT INTO Orders (Order_ID, Created_At, Delivery_time, Real_time_location, Special_Instructions, Status, OrderItem_Price, Taxes, Delivery_Fee, Customer_ID, Restaurant_ID, Personnel_ID, Delivery_Address_ID) VALUES (170, '2025-04-23 22:25:25', '2025-04-23 23:17:25', '4492 Stone Gateway, West Zacharyborough, WI 47853', 'Better Republican stock bank artist thousand live.', 'Processing', 76.78, 6.14, 5.39, 31, 10, 8, 68);
INSERT INTO Order_Item (OrderItem_ID, Quantity, MenuItem_ID, Order_ID) VALUES (950, 3, 25, 170);
INSERT INTO Order_Item (OrderItem_ID, Quantity, MenuItem_ID, Order_ID) VALUES (951, 1, 29, 170);
INSERT INTO Order_Item (OrderItem_ID, Quantity, MenuItem_ID, Order_ID) VALUES (952, 2, 41, 170);
INSERT INTO Order_Item (OrderItem_ID, Quantity, MenuItem_ID, Order_ID) VALUES (953, 3, 26, 170);
INSERT INTO Order_Item (OrderItem_ID, Quantity, MenuItem_ID, Order_ID) VALUES (954, 2, 28, 170);
INSERT INTO Order_Item (OrderItem_ID, Quantity, MenuItem_ID, Order_ID) VALUES (955, 3, 21, 170);
INSERT INTO Order_Item (OrderItem_ID, Quantity, MenuItem_ID, Order_ID) VALUES (956, 1, 2, 170);
INSERT INTO Payments (Payment_ID, Order_ID, PaymentMethod_ID, Transaction_ID, Amount, Payment_Status, Timestamp) VALUES (170, 170, 63, 'ad443c48-5e8a-40da-93fc-927f7237cf5b', 88.31, 'Completed', '2025-04-23 23:17:25');
INSERT INTO Orders (Order_ID, Created_At, Delivery_time, Real_time_location, Special_Instructions, Status, OrderItem_Price, Taxes, Delivery_Fee, Customer_ID, Restaurant_ID, Personnel_ID, Delivery_Address_ID) VALUES (171, '2025-04-13 04:31:43', '2025-04-13 05:48:43', '9767 Dennis Mall Apt. 282, Dawsonberg, NY 69856', 'Reason lay allow church.', 'Processing', 8.13, 0.65, 2.88, 31, 8, 13, 68);
INSERT INTO Order_Item (OrderItem_ID, Quantity, MenuItem_ID, Order_ID) VALUES (957, 2, 31, 171);
INSERT INTO Payments (Payment_ID, Order_ID, PaymentMethod_ID, Transaction_ID, Amount, Payment_Status, Timestamp) VALUES (171, 171, 63, 'f3aa972b-ebf4-4b9d-9e8c-8bbf8f1c5f8c', 11.66, 'Completed', '2025-04-13 05:48:43');
INSERT INTO Orders (Order_ID, Created_At, Delivery_time, Real_time_location, Special_Instructions, Status, OrderItem_Price, Taxes, Delivery_Fee, Customer_ID, Restaurant_ID, Personnel_ID, Delivery_Address_ID) VALUES (172, '2025-01-24 01:29:23', '2025-01-24 02:01:23', '15940 David Inlet Suite 447, Port Douglasshire, AR 40499', 'Democratic standard major business give.', 'Processing', 22.5, 1.8, 2.57, 31, 3, 10, 68);
INSERT INTO Order_Item (OrderItem_ID, Quantity, MenuItem_ID, Order_ID) VALUES (958, 1, 36, 172);
INSERT INTO Payments (Payment_ID, Order_ID, PaymentMethod_ID, Transaction_ID, Amount, Payment_Status, Timestamp) VALUES (172, 172, 63, '7b2e60e1-6ae6-4480-8b70-4f97ded44617', 26.87, 'Completed', '2025-01-24 02:01:23');
INSERT INTO Orders (Order_ID, Created_At, Delivery_time, Real_time_location, Special_Instructions, Status, OrderItem_Price, Taxes, Delivery_Fee, Customer_ID, Restaurant_ID, Personnel_ID, Delivery_Address_ID) VALUES (173, '2025-04-22 06:38:56', '2025-04-22 08:01:56', '6792 William Mount Suite 725, Port Colleenchester, IN 52326', 'Must when three save position tend.', 'Processing', 54.64, 4.37, 2.88, 32, 9, 3, 71);
INSERT INTO Order_Item (OrderItem_ID, Quantity, MenuItem_ID, Order_ID) VALUES (959, 2, 48, 173);
INSERT INTO Order_Item (OrderItem_ID, Quantity, MenuItem_ID, Order_ID) VALUES (960, 1, 47, 173);
INSERT INTO Order_Item (OrderItem_ID, Quantity, MenuItem_ID, Order_ID) VALUES (961, 1, 23, 173);
INSERT INTO Order_Item (OrderItem_ID, Quantity, MenuItem_ID, Order_ID) VALUES (962, 1, 14, 173);
INSERT INTO Payments (Payment_ID, Order_ID, PaymentMethod_ID, Transaction_ID, Amount, Payment_Status, Timestamp) VALUES (173, 173, 64, 'a14ed649-926e-402e-8659-8f83b50b9ff8', 61.89, 'Completed', '2025-04-22 08:01:56');
INSERT INTO Orders (Order_ID, Created_At, Delivery_time, Real_time_location, Special_Instructions, Status, OrderItem_Price, Taxes, Delivery_Fee, Customer_ID, Restaurant_ID, Personnel_ID, Delivery_Address_ID) VALUES (174, '2025-05-18 08:43:03', '2025-05-18 09:52:03', '813 Susan Pike, Port Thomas, AK 16266', 'Conference affect skill early relationship thought know.', 'Processing', 71.53999999999999, 5.72, 2.4, 32, 9, 15, 69);
INSERT INTO Order_Item (OrderItem_ID, Quantity, MenuItem_ID, Order_ID) VALUES (963, 1, 43, 174);
INSERT INTO Order_Item (OrderItem_ID, Quantity, MenuItem_ID, Order_ID) VALUES (964, 1, 5, 174);
INSERT INTO Order_Item (OrderItem_ID, Quantity, MenuItem_ID, Order_ID) VALUES (965, 2, 17, 174);
INSERT INTO Order_Item (OrderItem_ID, Quantity, MenuItem_ID, Order_ID) VALUES (966, 2, 7, 174);
INSERT INTO Order_Item (OrderItem_ID, Quantity, MenuItem_ID, Order_ID) VALUES (967, 2, 13, 174);
INSERT INTO Payments (Payment_ID, Order_ID, PaymentMethod_ID, Transaction_ID, Amount, Payment_Status, Timestamp) VALUES (174, 174, 64, '5207c6cc-9b5a-4674-8896-54b2ce926059', 79.66, 'Completed', '2025-05-18 09:52:03');
INSERT INTO Orders (Order_ID, Created_At, Delivery_time, Real_time_location, Special_Instructions, Status, OrderItem_Price, Taxes, Delivery_Fee, Customer_ID, Restaurant_ID, Personnel_ID, Delivery_Address_ID) VALUES (175, '2025-03-20 00:30:49', '2025-03-20 01:41:49', '56260 Reyes Course Apt. 182, Douglasview, CO 20715', 'Weight question arrive which consider.', 'Processing', 153.75, 12.3, 2.44, 32, 10, 10, 70);
INSERT INTO Order_Item (OrderItem_ID, Quantity, MenuItem_ID, Order_ID) VALUES (968, 3, 37, 175);
INSERT INTO Order_Item (OrderItem_ID, Quantity, MenuItem_ID, Order_ID) VALUES (969, 1, 24, 175);
INSERT INTO Order_Item (OrderItem_ID, Quantity, MenuItem_ID, Order_ID) VALUES (970, 2, 52, 175);
INSERT INTO Order_Item (OrderItem_ID, Quantity, MenuItem_ID, Order_ID) VALUES (971, 1, 21, 175);
INSERT INTO Order_Item (OrderItem_ID, Quantity, MenuItem_ID, Order_ID) VALUES (972, 3, 28, 175);
INSERT INTO Order_Item (OrderItem_ID, Quantity, MenuItem_ID, Order_ID) VALUES (973, 1, 11, 175);
INSERT INTO Order_Item (OrderItem_ID, Quantity, MenuItem_ID, Order_ID) VALUES (974, 2, 1, 175);
INSERT INTO Order_Item (OrderItem_ID, Quantity, MenuItem_ID, Order_ID) VALUES (975, 3, 53, 175);
INSERT INTO Order_Item (OrderItem_ID, Quantity, MenuItem_ID, Order_ID) VALUES (976, 3, 16, 175);
INSERT INTO Order_Item (OrderItem_ID, Quantity, MenuItem_ID, Order_ID) VALUES (977, 1, 15, 175);
INSERT INTO Payments (Payment_ID, Order_ID, PaymentMethod_ID, Transaction_ID, Amount, Payment_Status, Timestamp) VALUES (175, 175, 64, '63d316c1-4c4b-42aa-8ef9-f903b69adeac', 168.49, 'Completed', '2025-03-20 01:41:49');
INSERT INTO Orders (Order_ID, Created_At, Delivery_time, Real_time_location, Special_Instructions, Status, OrderItem_Price, Taxes, Delivery_Fee, Customer_ID, Restaurant_ID, Personnel_ID, Delivery_Address_ID) VALUES (176, '2025-01-20 04:10:53', '2025-01-20 05:22:53', '4610 John Ranch Apt. 788, Averyview, MD 61426', 'Imagine machine imagine do though especially white.', 'Processing', 150.09, 12.01, 4.01, 32, 1, 17, 69);
INSERT INTO Order_Item (OrderItem_ID, Quantity, MenuItem_ID, Order_ID) VALUES (978, 1, 38, 176);
INSERT INTO Order_Item (OrderItem_ID, Quantity, MenuItem_ID, Order_ID) VALUES (979, 3, 26, 176);
INSERT INTO Order_Item (OrderItem_ID, Quantity, MenuItem_ID, Order_ID) VALUES (980, 3, 50, 176);
INSERT INTO Order_Item (OrderItem_ID, Quantity, MenuItem_ID, Order_ID) VALUES (981, 1, 55, 176);
INSERT INTO Order_Item (OrderItem_ID, Quantity, MenuItem_ID, Order_ID) VALUES (982, 3, 14, 176);
INSERT INTO Order_Item (OrderItem_ID, Quantity, MenuItem_ID, Order_ID) VALUES (983, 1, 3, 176);
INSERT INTO Order_Item (OrderItem_ID, Quantity, MenuItem_ID, Order_ID) VALUES (984, 2, 36, 176);
INSERT INTO Order_Item (OrderItem_ID, Quantity, MenuItem_ID, Order_ID) VALUES (985, 1, 17, 176);
INSERT INTO Order_Item (OrderItem_ID, Quantity, MenuItem_ID, Order_ID) VALUES (986, 1, 35, 176);
INSERT INTO Order_Item (OrderItem_ID, Quantity, MenuItem_ID, Order_ID) VALUES (987, 3, 47, 176);
INSERT INTO Payments (Payment_ID, Order_ID, PaymentMethod_ID, Transaction_ID, Amount, Payment_Status, Timestamp) VALUES (176, 176, 64, 'c3528ba4-3f0e-424b-99fc-8579acd32f62', 166.11, 'Completed', '2025-01-20 05:22:53');
INSERT INTO Orders (Order_ID, Created_At, Delivery_time, Real_time_location, Special_Instructions, Status, OrderItem_Price, Taxes, Delivery_Fee, Customer_ID, Restaurant_ID, Personnel_ID, Delivery_Address_ID) VALUES (177, '2025-04-18 17:07:26', '2025-04-18 18:01:26', '9671 Krista Divide, Amberburgh, IA 70956', 'Which new among spend which per.', 'Processing', 53.7, 4.3, 5.17, 32, 8, 12, 69);
INSERT INTO Order_Item (OrderItem_ID, Quantity, MenuItem_ID, Order_ID) VALUES (988, 2, 49, 177);
INSERT INTO Order_Item (OrderItem_ID, Quantity, MenuItem_ID, Order_ID) VALUES (989, 2, 32, 177);
INSERT INTO Order_Item (OrderItem_ID, Quantity, MenuItem_ID, Order_ID) VALUES (990, 1, 15, 177);
INSERT INTO Order_Item (OrderItem_ID, Quantity, MenuItem_ID, Order_ID) VALUES (991, 1, 5, 177);
INSERT INTO Payments (Payment_ID, Order_ID, PaymentMethod_ID, Transaction_ID, Amount, Payment_Status, Timestamp) VALUES (177, 177, 64, '002394e2-2ad9-4682-b8da-5a79a72edd5f', 63.17, 'Completed', '2025-04-18 18:01:26');
INSERT INTO Orders (Order_ID, Created_At, Delivery_time, Real_time_location, Special_Instructions, Status, OrderItem_Price, Taxes, Delivery_Fee, Customer_ID, Restaurant_ID, Personnel_ID, Delivery_Address_ID) VALUES (178, '2025-01-12 16:26:09', '2025-01-12 17:54:09', 'USCGC Nelson, FPO AA 89629', 'Yourself successful defense subject example claim.', 'Processing', 85.49, 6.84, 3.51, 32, 2, 17, 71);
INSERT INTO Order_Item (OrderItem_ID, Quantity, MenuItem_ID, Order_ID) VALUES (992, 1, 38, 178);
INSERT INTO Order_Item (OrderItem_ID, Quantity, MenuItem_ID, Order_ID) VALUES (993, 3, 35, 178);
INSERT INTO Order_Item (OrderItem_ID, Quantity, MenuItem_ID, Order_ID) VALUES (994, 2, 37, 178);
INSERT INTO Order_Item (OrderItem_ID, Quantity, MenuItem_ID, Order_ID) VALUES (995, 2, 12, 178);
INSERT INTO Order_Item (OrderItem_ID, Quantity, MenuItem_ID, Order_ID) VALUES (996, 2, 25, 178);
INSERT INTO Payments (Payment_ID, Order_ID, PaymentMethod_ID, Transaction_ID, Amount, Payment_Status, Timestamp) VALUES (178, 178, 64, '4cf6a297-11e7-4656-9026-1d4c88ba135e', 95.84, 'Completed', '2025-01-12 17:54:09');
INSERT INTO Orders (Order_ID, Created_At, Delivery_time, Real_time_location, Special_Instructions, Status, OrderItem_Price, Taxes, Delivery_Fee, Customer_ID, Restaurant_ID, Personnel_ID, Delivery_Address_ID) VALUES (179, '2025-01-18 10:06:09', '2025-01-18 11:13:09', '84639 Henson Junctions, Tiffanymouth, IA 87306', 'Game least outside administration reality position.', 'Processing', 123.40999999999998, 9.87, 3.92, 32, 8, 20, 69);
INSERT INTO Order_Item (OrderItem_ID, Quantity, MenuItem_ID, Order_ID) VALUES (997, 1, 9, 179);
INSERT INTO Order_Item (OrderItem_ID, Quantity, MenuItem_ID, Order_ID) VALUES (998, 3, 29, 179);
INSERT INTO Order_Item (OrderItem_ID, Quantity, MenuItem_ID, Order_ID) VALUES (999, 2, 11, 179);
INSERT INTO Order_Item (OrderItem_ID, Quantity, MenuItem_ID, Order_ID) VALUES (1000, 1, 15, 179);
INSERT INTO Order_Item (OrderItem_ID, Quantity, MenuItem_ID, Order_ID) VALUES (1001, 1, 5, 179);
INSERT INTO Order_Item (OrderItem_ID, Quantity, MenuItem_ID, Order_ID) VALUES (1002, 1, 33, 179);
INSERT INTO Order_Item (OrderItem_ID, Quantity, MenuItem_ID, Order_ID) VALUES (1003, 1, 42, 179);
INSERT INTO Order_Item (OrderItem_ID, Quantity, MenuItem_ID, Order_ID) VALUES (1004, 3, 18, 179);
INSERT INTO Order_Item (OrderItem_ID, Quantity, MenuItem_ID, Order_ID) VALUES (1005, 3, 14, 179);
INSERT INTO Payments (Payment_ID, Order_ID, PaymentMethod_ID, Transaction_ID, Amount, Payment_Status, Timestamp) VALUES (179, 179, 64, '011871cf-79fd-4d33-9bd9-72ca00862f9e', 137.2, 'Completed', '2025-01-18 11:13:09');
INSERT INTO Orders (Order_ID, Created_At, Delivery_time, Real_time_location, Special_Instructions, Status, OrderItem_Price, Taxes, Delivery_Fee, Customer_ID, Restaurant_ID, Personnel_ID, Delivery_Address_ID) VALUES (180, '2025-01-02 20:38:22', '2025-01-02 21:58:22', '768 Kristin Run Apt. 807, West Teresafurt, PA 47420', 'Concern should recent across leg view.', 'Processing', 151.57999999999998, 12.13, 4.4, 32, 3, 17, 69);
INSERT INTO Order_Item (OrderItem_ID, Quantity, MenuItem_ID, Order_ID) VALUES (1006, 3, 10, 180);
INSERT INTO Order_Item (OrderItem_ID, Quantity, MenuItem_ID, Order_ID) VALUES (1007, 1, 4, 180);
INSERT INTO Order_Item (OrderItem_ID, Quantity, MenuItem_ID, Order_ID) VALUES (1008, 3, 11, 180);
INSERT INTO Order_Item (OrderItem_ID, Quantity, MenuItem_ID, Order_ID) VALUES (1009, 3, 17, 180);
INSERT INTO Order_Item (OrderItem_ID, Quantity, MenuItem_ID, Order_ID) VALUES (1010, 3, 12, 180);
INSERT INTO Order_Item (OrderItem_ID, Quantity, MenuItem_ID, Order_ID) VALUES (1011, 2, 34, 180);
INSERT INTO Order_Item (OrderItem_ID, Quantity, MenuItem_ID, Order_ID) VALUES (1012, 1, 26, 180);
INSERT INTO Order_Item (OrderItem_ID, Quantity, MenuItem_ID, Order_ID) VALUES (1013, 3, 39, 180);
INSERT INTO Order_Item (OrderItem_ID, Quantity, MenuItem_ID, Order_ID) VALUES (1014, 3, 37, 180);
INSERT INTO Order_Item (OrderItem_ID, Quantity, MenuItem_ID, Order_ID) VALUES (1015, 2, 41, 180);
INSERT INTO Payments (Payment_ID, Order_ID, PaymentMethod_ID, Transaction_ID, Amount, Payment_Status, Timestamp) VALUES (180, 180, 64, 'be3eb6f7-38b5-45b9-8265-a22371cfd772', 168.11, 'Completed', '2025-01-02 21:58:22');
INSERT INTO Orders (Order_ID, Created_At, Delivery_time, Real_time_location, Special_Instructions, Status, OrderItem_Price, Taxes, Delivery_Fee, Customer_ID, Restaurant_ID, Personnel_ID, Delivery_Address_ID) VALUES (181, '2025-01-04 20:11:21', '2025-01-04 20:47:21', '19433 Coffey Camp Suite 793, East Traceyfurt, KY 75094', 'Management necessary process not radio north assume.', 'Processing', 59.73, 4.78, 2.6, 32, 10, 19, 69);
INSERT INTO Order_Item (OrderItem_ID, Quantity, MenuItem_ID, Order_ID) VALUES (1016, 1, 25, 181);
INSERT INTO Order_Item (OrderItem_ID, Quantity, MenuItem_ID, Order_ID) VALUES (1017, 2, 9, 181);
INSERT INTO Order_Item (OrderItem_ID, Quantity, MenuItem_ID, Order_ID) VALUES (1018, 3, 7, 181);
INSERT INTO Order_Item (OrderItem_ID, Quantity, MenuItem_ID, Order_ID) VALUES (1019, 3, 2, 181);
INSERT INTO Payments (Payment_ID, Order_ID, PaymentMethod_ID, Transaction_ID, Amount, Payment_Status, Timestamp) VALUES (181, 181, 64, '209f4ff2-10a7-4298-bef8-1d8520d4c165', 67.11, 'Completed', '2025-01-04 20:47:21');
INSERT INTO Orders (Order_ID, Created_At, Delivery_time, Real_time_location, Special_Instructions, Status, OrderItem_Price, Taxes, Delivery_Fee, Customer_ID, Restaurant_ID, Personnel_ID, Delivery_Address_ID) VALUES (182, '2025-02-20 09:56:15', '2025-02-20 11:17:15', 'USNS Ibarra, FPO AP 36457', 'Summer age wide question pass.', 'Processing', 140.85, 11.27, 3.4, 33, 9, 4, 73);
INSERT INTO Order_Item (OrderItem_ID, Quantity, MenuItem_ID, Order_ID) VALUES (1020, 3, 43, 182);
INSERT INTO Order_Item (OrderItem_ID, Quantity, MenuItem_ID, Order_ID) VALUES (1021, 3, 9, 182);
INSERT INTO Order_Item (OrderItem_ID, Quantity, MenuItem_ID, Order_ID) VALUES (1022, 3, 39, 182);
INSERT INTO Order_Item (OrderItem_ID, Quantity, MenuItem_ID, Order_ID) VALUES (1023, 1, 35, 182);
INSERT INTO Order_Item (OrderItem_ID, Quantity, MenuItem_ID, Order_ID) VALUES (1024, 2, 1, 182);
INSERT INTO Order_Item (OrderItem_ID, Quantity, MenuItem_ID, Order_ID) VALUES (1025, 1, 50, 182);
INSERT INTO Order_Item (OrderItem_ID, Quantity, MenuItem_ID, Order_ID) VALUES (1026, 2, 44, 182);
INSERT INTO Order_Item (OrderItem_ID, Quantity, MenuItem_ID, Order_ID) VALUES (1027, 2, 42, 182);
INSERT INTO Payments (Payment_ID, Order_ID, PaymentMethod_ID, Transaction_ID, Amount, Payment_Status, Timestamp) VALUES (182, 182, 65, '743480a1-e212-47e1-8f63-c2bbae411155', 155.52, 'Completed', '2025-02-20 11:17:15');
INSERT INTO Orders (Order_ID, Created_At, Delivery_time, Real_time_location, Special_Instructions, Status, OrderItem_Price, Taxes, Delivery_Fee, Customer_ID, Restaurant_ID, Personnel_ID, Delivery_Address_ID) VALUES (183, '2025-01-01 09:06:38', '2025-01-01 10:02:38', 'USS Nash, FPO AA 57195', 'Ever quite level guess service this.', 'Processing', 57.6, 4.61, 5.22, 33, 2, 10, 74);
INSERT INTO Order_Item (OrderItem_ID, Quantity, MenuItem_ID, Order_ID) VALUES (1028, 2, 13, 183);
INSERT INTO Order_Item (OrderItem_ID, Quantity, MenuItem_ID, Order_ID) VALUES (1029, 1, 1, 183);
INSERT INTO Order_Item (OrderItem_ID, Quantity, MenuItem_ID, Order_ID) VALUES (1030, 1, 46, 183);
INSERT INTO Order_Item (OrderItem_ID, Quantity, MenuItem_ID, Order_ID) VALUES (1031, 2, 48, 183);
INSERT INTO Order_Item (OrderItem_ID, Quantity, MenuItem_ID, Order_ID) VALUES (1032, 3, 51, 183);
INSERT INTO Payments (Payment_ID, Order_ID, PaymentMethod_ID, Transaction_ID, Amount, Payment_Status, Timestamp) VALUES (183, 183, 66, 'eb1bb47f-4726-4e7f-8c05-e009397bfdd7', 67.43, 'Completed', '2025-01-01 10:02:38');
INSERT INTO Orders (Order_ID, Created_At, Delivery_time, Real_time_location, Special_Instructions, Status, OrderItem_Price, Taxes, Delivery_Fee, Customer_ID, Restaurant_ID, Personnel_ID, Delivery_Address_ID) VALUES (184, '2025-03-23 13:37:52', '2025-03-23 14:35:52', '63519 Veronica Fork Suite 133, West Lance, SC 13179', 'Lose space or.', 'Processing', 155.37, 12.43, 4.99, 33, 5, 18, 74);
INSERT INTO Order_Item (OrderItem_ID, Quantity, MenuItem_ID, Order_ID) VALUES (1033, 3, 24, 184);
INSERT INTO Order_Item (OrderItem_ID, Quantity, MenuItem_ID, Order_ID) VALUES (1034, 1, 40, 184);
INSERT INTO Order_Item (OrderItem_ID, Quantity, MenuItem_ID, Order_ID) VALUES (1035, 1, 18, 184);
INSERT INTO Order_Item (OrderItem_ID, Quantity, MenuItem_ID, Order_ID) VALUES (1036, 1, 44, 184);
INSERT INTO Order_Item (OrderItem_ID, Quantity, MenuItem_ID, Order_ID) VALUES (1037, 3, 26, 184);
INSERT INTO Order_Item (OrderItem_ID, Quantity, MenuItem_ID, Order_ID) VALUES (1038, 2, 49, 184);
INSERT INTO Order_Item (OrderItem_ID, Quantity, MenuItem_ID, Order_ID) VALUES (1039, 2, 14, 184);
INSERT INTO Order_Item (OrderItem_ID, Quantity, MenuItem_ID, Order_ID) VALUES (1040, 3, 27, 184);
INSERT INTO Order_Item (OrderItem_ID, Quantity, MenuItem_ID, Order_ID) VALUES (1041, 3, 36, 184);
INSERT INTO Order_Item (OrderItem_ID, Quantity, MenuItem_ID, Order_ID) VALUES (1042, 3, 47, 184);
INSERT INTO Payments (Payment_ID, Order_ID, PaymentMethod_ID, Transaction_ID, Amount, Payment_Status, Timestamp) VALUES (184, 184, 65, 'd72b8154-5594-49c6-af60-250ea05501d3', 172.79, 'Completed', '2025-03-23 14:35:52');
INSERT INTO Orders (Order_ID, Created_At, Delivery_time, Real_time_location, Special_Instructions, Status, OrderItem_Price, Taxes, Delivery_Fee, Customer_ID, Restaurant_ID, Personnel_ID, Delivery_Address_ID) VALUES (185, '2025-02-18 14:59:33', '2025-02-18 15:45:33', '50583 Kimberly River Suite 179, North Territon, MD 91381', 'Site artist sort area.', 'Processing', 31.43, 2.51, 2.35, 33, 3, 13, 73);
INSERT INTO Order_Item (OrderItem_ID, Quantity, MenuItem_ID, Order_ID) VALUES (1043, 1, 53, 185);
INSERT INTO Order_Item (OrderItem_ID, Quantity, MenuItem_ID, Order_ID) VALUES (1044, 2, 10, 185);
INSERT INTO Payments (Payment_ID, Order_ID, PaymentMethod_ID, Transaction_ID, Amount, Payment_Status, Timestamp) VALUES (185, 185, 65, '10d7a164-6e8d-4018-a04d-ac849c595e03', 36.29, 'Completed', '2025-02-18 15:45:33');
INSERT INTO Orders (Order_ID, Created_At, Delivery_time, Real_time_location, Special_Instructions, Status, OrderItem_Price, Taxes, Delivery_Fee, Customer_ID, Restaurant_ID, Personnel_ID, Delivery_Address_ID) VALUES (186, '2025-01-20 18:33:03', '2025-01-20 19:05:03', '6619 Hall Rapid, South Patrickchester, RI 81664', 'Fund visit situation law.', 'Processing', 125.15, 10.01, 3.14, 33, 10, 2, 74);
INSERT INTO Order_Item (OrderItem_ID, Quantity, MenuItem_ID, Order_ID) VALUES (1045, 3, 40, 186);
INSERT INTO Order_Item (OrderItem_ID, Quantity, MenuItem_ID, Order_ID) VALUES (1046, 3, 42, 186);
INSERT INTO Order_Item (OrderItem_ID, Quantity, MenuItem_ID, Order_ID) VALUES (1047, 3, 34, 186);
INSERT INTO Order_Item (OrderItem_ID, Quantity, MenuItem_ID, Order_ID) VALUES (1048, 3, 19, 186);
INSERT INTO Order_Item (OrderItem_ID, Quantity, MenuItem_ID, Order_ID) VALUES (1049, 1, 46, 186);
INSERT INTO Order_Item (OrderItem_ID, Quantity, MenuItem_ID, Order_ID) VALUES (1050, 3, 39, 186);
INSERT INTO Order_Item (OrderItem_ID, Quantity, MenuItem_ID, Order_ID) VALUES (1051, 1, 4, 186);
INSERT INTO Payments (Payment_ID, Order_ID, PaymentMethod_ID, Transaction_ID, Amount, Payment_Status, Timestamp) VALUES (186, 186, 65, '1ba651ed-3146-44a6-967a-efbb5404801d', 138.3, 'Completed', '2025-01-20 19:05:03');
INSERT INTO Orders (Order_ID, Created_At, Delivery_time, Real_time_location, Special_Instructions, Status, OrderItem_Price, Taxes, Delivery_Fee, Customer_ID, Restaurant_ID, Personnel_ID, Delivery_Address_ID) VALUES (187, '2025-01-20 22:34:06', '2025-01-20 23:04:06', '392 Kelly Orchard, Lopezberg, AZ 08429', 'Find job where senior.', 'Processing', 44.49, 3.56, 2.8, 33, 6, 8, 73);
INSERT INTO Order_Item (OrderItem_ID, Quantity, MenuItem_ID, Order_ID) VALUES (1052, 3, 6, 187);
INSERT INTO Order_Item (OrderItem_ID, Quantity, MenuItem_ID, Order_ID) VALUES (1053, 3, 18, 187);
INSERT INTO Order_Item (OrderItem_ID, Quantity, MenuItem_ID, Order_ID) VALUES (1054, 1, 50, 187);
INSERT INTO Payments (Payment_ID, Order_ID, PaymentMethod_ID, Transaction_ID, Amount, Payment_Status, Timestamp) VALUES (187, 187, 65, '8a8864c7-e29d-4722-956b-212f4faa0851', 50.85, 'Completed', '2025-01-20 23:04:06');
INSERT INTO Orders (Order_ID, Created_At, Delivery_time, Real_time_location, Special_Instructions, Status, OrderItem_Price, Taxes, Delivery_Fee, Customer_ID, Restaurant_ID, Personnel_ID, Delivery_Address_ID) VALUES (188, '2025-01-29 06:39:36', '2025-01-29 08:09:36', '545 Zachary Shoals Apt. 038, South Mauriceborough, ID 09466', 'Country little reality level realize system.', 'Processing', 77.03, 6.16, 3.18, 33, 9, 10, 74);
INSERT INTO Order_Item (OrderItem_ID, Quantity, MenuItem_ID, Order_ID) VALUES (1055, 1, 53, 188);
INSERT INTO Order_Item (OrderItem_ID, Quantity, MenuItem_ID, Order_ID) VALUES (1056, 3, 18, 188);
INSERT INTO Order_Item (OrderItem_ID, Quantity, MenuItem_ID, Order_ID) VALUES (1057, 2, 15, 188);
INSERT INTO Order_Item (OrderItem_ID, Quantity, MenuItem_ID, Order_ID) VALUES (1058, 3, 39, 188);
INSERT INTO Order_Item (OrderItem_ID, Quantity, MenuItem_ID, Order_ID) VALUES (1059, 3, 13, 188);
INSERT INTO Order_Item (OrderItem_ID, Quantity, MenuItem_ID, Order_ID) VALUES (1060, 2, 30, 188);
INSERT INTO Payments (Payment_ID, Order_ID, PaymentMethod_ID, Transaction_ID, Amount, Payment_Status, Timestamp) VALUES (188, 188, 66, '9db8ef7e-55ed-4864-b68b-6ba090ebba12', 86.37, 'Completed', '2025-01-29 08:09:36');
INSERT INTO Orders (Order_ID, Created_At, Delivery_time, Real_time_location, Special_Instructions, Status, OrderItem_Price, Taxes, Delivery_Fee, Customer_ID, Restaurant_ID, Personnel_ID, Delivery_Address_ID) VALUES (189, '2025-02-28 04:23:03', '2025-02-28 05:17:03', '70730 Heather Mountain, East Timothy, MA 97504', 'Day contain wrong guy available air.', 'Processing', 78.44, 6.28, 3.03, 33, 7, 19, 74);
INSERT INTO Order_Item (OrderItem_ID, Quantity, MenuItem_ID, Order_ID) VALUES (1061, 3, 49, 189);
INSERT INTO Order_Item (OrderItem_ID, Quantity, MenuItem_ID, Order_ID) VALUES (1062, 1, 22, 189);
INSERT INTO Order_Item (OrderItem_ID, Quantity, MenuItem_ID, Order_ID) VALUES (1063, 3, 50, 189);
INSERT INTO Order_Item (OrderItem_ID, Quantity, MenuItem_ID, Order_ID) VALUES (1064, 3, 30, 189);
INSERT INTO Payments (Payment_ID, Order_ID, PaymentMethod_ID, Transaction_ID, Amount, Payment_Status, Timestamp) VALUES (189, 189, 65, '70be9630-4a63-43e3-a474-74b31d7d0bb3', 87.75, 'Completed', '2025-02-28 05:17:03');
INSERT INTO Orders (Order_ID, Created_At, Delivery_time, Real_time_location, Special_Instructions, Status, OrderItem_Price, Taxes, Delivery_Fee, Customer_ID, Restaurant_ID, Personnel_ID, Delivery_Address_ID) VALUES (190, '2025-02-07 17:59:08', '2025-02-07 18:41:08', '03342 Nicole Stravenue Apt. 583, East Andrew, KS 13764', 'Story case pressure.', 'Processing', 122.17999999999999, 9.77, 5.72, 33, 6, 14, 74);
INSERT INTO Order_Item (OrderItem_ID, Quantity, MenuItem_ID, Order_ID) VALUES (1065, 2, 35, 190);
INSERT INTO Order_Item (OrderItem_ID, Quantity, MenuItem_ID, Order_ID) VALUES (1066, 3, 1, 190);
INSERT INTO Order_Item (OrderItem_ID, Quantity, MenuItem_ID, Order_ID) VALUES (1067, 1, 45, 190);
INSERT INTO Order_Item (OrderItem_ID, Quantity, MenuItem_ID, Order_ID) VALUES (1068, 1, 17, 190);
INSERT INTO Order_Item (OrderItem_ID, Quantity, MenuItem_ID, Order_ID) VALUES (1069, 3, 16, 190);
INSERT INTO Order_Item (OrderItem_ID, Quantity, MenuItem_ID, Order_ID) VALUES (1070, 1, 19, 190);
INSERT INTO Order_Item (OrderItem_ID, Quantity, MenuItem_ID, Order_ID) VALUES (1071, 2, 6, 190);
INSERT INTO Order_Item (OrderItem_ID, Quantity, MenuItem_ID, Order_ID) VALUES (1072, 1, 26, 190);
INSERT INTO Order_Item (OrderItem_ID, Quantity, MenuItem_ID, Order_ID) VALUES (1073, 1, 44, 190);
INSERT INTO Payments (Payment_ID, Order_ID, PaymentMethod_ID, Transaction_ID, Amount, Payment_Status, Timestamp) VALUES (190, 190, 65, 'efa52c8a-56a0-4943-9c68-7714e2901d96', 137.67, 'Completed', '2025-02-07 18:41:08');
INSERT INTO Orders (Order_ID, Created_At, Delivery_time, Real_time_location, Special_Instructions, Status, OrderItem_Price, Taxes, Delivery_Fee, Customer_ID, Restaurant_ID, Personnel_ID, Delivery_Address_ID) VALUES (191, '2025-02-10 19:46:37', '2025-02-10 21:04:37', '5289 Johns Circles, East Nicoleberg, ID 25625', 'Her hear outside with each animal pattern.', 'Processing', 36.79, 2.94, 4.46, 34, 10, 12, 75);
INSERT INTO Order_Item (OrderItem_ID, Quantity, MenuItem_ID, Order_ID) VALUES (1074, 3, 8, 191);
INSERT INTO Order_Item (OrderItem_ID, Quantity, MenuItem_ID, Order_ID) VALUES (1075, 1, 6, 191);
INSERT INTO Payments (Payment_ID, Order_ID, PaymentMethod_ID, Transaction_ID, Amount, Payment_Status, Timestamp) VALUES (191, 191, 68, '4b4f8f74-8914-441c-9abc-47ce3068ffdd', 44.19, 'Completed', '2025-02-10 21:04:37');
INSERT INTO Orders (Order_ID, Created_At, Delivery_time, Real_time_location, Special_Instructions, Status, OrderItem_Price, Taxes, Delivery_Fee, Customer_ID, Restaurant_ID, Personnel_ID, Delivery_Address_ID) VALUES (192, '2025-01-29 20:22:19', '2025-01-29 21:03:19', '428 Clark Common, Gibbsland, NY 51372', 'Hear million condition Republican moment low what.', 'Processing', 111.34999999999998, 8.91, 4.75, 34, 6, 20, 76);
INSERT INTO Order_Item (OrderItem_ID, Quantity, MenuItem_ID, Order_ID) VALUES (1076, 2, 37, 192);
INSERT INTO Order_Item (OrderItem_ID, Quantity, MenuItem_ID, Order_ID) VALUES (1077, 1, 18, 192);
INSERT INTO Order_Item (OrderItem_ID, Quantity, MenuItem_ID, Order_ID) VALUES (1078, 3, 32, 192);
INSERT INTO Order_Item (OrderItem_ID, Quantity, MenuItem_ID, Order_ID) VALUES (1079, 3, 12, 192);
INSERT INTO Order_Item (OrderItem_ID, Quantity, MenuItem_ID, Order_ID) VALUES (1080, 2, 49, 192);
INSERT INTO Order_Item (OrderItem_ID, Quantity, MenuItem_ID, Order_ID) VALUES (1081, 2, 33, 192);
INSERT INTO Order_Item (OrderItem_ID, Quantity, MenuItem_ID, Order_ID) VALUES (1082, 3, 54, 192);
INSERT INTO Order_Item (OrderItem_ID, Quantity, MenuItem_ID, Order_ID) VALUES (1083, 1, 26, 192);
INSERT INTO Payments (Payment_ID, Order_ID, PaymentMethod_ID, Transaction_ID, Amount, Payment_Status, Timestamp) VALUES (192, 192, 67, '66a466d4-94c8-469d-84b1-a1ee794836f2', 125.01, 'Completed', '2025-01-29 21:03:19');
INSERT INTO Orders (Order_ID, Created_At, Delivery_time, Real_time_location, Special_Instructions, Status, OrderItem_Price, Taxes, Delivery_Fee, Customer_ID, Restaurant_ID, Personnel_ID, Delivery_Address_ID) VALUES (193, '2025-05-04 21:47:15', '2025-05-04 22:32:15', 'PSC 9033, Box 3736, APO AE 40608', 'Thousand number very hear nearly care.', 'Processing', 27.450000000000003, 2.2, 4.19, 34, 4, 13, 77);
INSERT INTO Order_Item (OrderItem_ID, Quantity, MenuItem_ID, Order_ID) VALUES (1084, 2, 21, 193);
INSERT INTO Order_Item (OrderItem_ID, Quantity, MenuItem_ID, Order_ID) VALUES (1085, 2, 24, 193);
INSERT INTO Payments (Payment_ID, Order_ID, PaymentMethod_ID, Transaction_ID, Amount, Payment_Status, Timestamp) VALUES (193, 193, 68, '84d16f5e-71cb-49b3-8b88-445a1582de78', 33.84, 'Completed', '2025-05-04 22:32:15');
INSERT INTO Orders (Order_ID, Created_At, Delivery_time, Real_time_location, Special_Instructions, Status, OrderItem_Price, Taxes, Delivery_Fee, Customer_ID, Restaurant_ID, Personnel_ID, Delivery_Address_ID) VALUES (194, '2025-03-10 06:27:28', '2025-03-10 07:24:28', '8956 Mcdonald Lodge, Lindamouth, MS 03740', 'Kid enter away top.', 'Processing', 70.3, 5.62, 2.94, 34, 6, 6, 76);
INSERT INTO Order_Item (OrderItem_ID, Quantity, MenuItem_ID, Order_ID) VALUES (1086, 2, 14, 194);
INSERT INTO Order_Item (OrderItem_ID, Quantity, MenuItem_ID, Order_ID) VALUES (1087, 1, 27, 194);
INSERT INTO Order_Item (OrderItem_ID, Quantity, MenuItem_ID, Order_ID) VALUES (1088, 1, 45, 194);
INSERT INTO Order_Item (OrderItem_ID, Quantity, MenuItem_ID, Order_ID) VALUES (1089, 3, 49, 194);
INSERT INTO Order_Item (OrderItem_ID, Quantity, MenuItem_ID, Order_ID) VALUES (1090, 1, 24, 194);
INSERT INTO Order_Item (OrderItem_ID, Quantity, MenuItem_ID, Order_ID) VALUES (1091, 2, 51, 194);
INSERT INTO Order_Item (OrderItem_ID, Quantity, MenuItem_ID, Order_ID) VALUES (1092, 1, 26, 194);
INSERT INTO Payments (Payment_ID, Order_ID, PaymentMethod_ID, Transaction_ID, Amount, Payment_Status, Timestamp) VALUES (194, 194, 67, '8346452b-8073-4a66-97b4-db174b658517', 78.86, 'Completed', '2025-03-10 07:24:28');
INSERT INTO Orders (Order_ID, Created_At, Delivery_time, Real_time_location, Special_Instructions, Status, OrderItem_Price, Taxes, Delivery_Fee, Customer_ID, Restaurant_ID, Personnel_ID, Delivery_Address_ID) VALUES (195, '2025-04-17 03:34:56', '2025-04-17 04:55:56', '11150 Matthew Spring Suite 444, Lake Cassandra, WV 94372', 'Treatment across federal state situation identify if.', 'Processing', 98.68, 7.89, 4.23, 35, 8, 5, 80);
INSERT INTO Order_Item (OrderItem_ID, Quantity, MenuItem_ID, Order_ID) VALUES (1093, 2, 20, 195);
INSERT INTO Order_Item (OrderItem_ID, Quantity, MenuItem_ID, Order_ID) VALUES (1094, 2, 17, 195);
INSERT INTO Order_Item (OrderItem_ID, Quantity, MenuItem_ID, Order_ID) VALUES (1095, 1, 36, 195);
INSERT INTO Order_Item (OrderItem_ID, Quantity, MenuItem_ID, Order_ID) VALUES (1096, 2, 37, 195);
INSERT INTO Order_Item (OrderItem_ID, Quantity, MenuItem_ID, Order_ID) VALUES (1097, 1, 4, 195);
INSERT INTO Order_Item (OrderItem_ID, Quantity, MenuItem_ID, Order_ID) VALUES (1098, 2, 26, 195);
INSERT INTO Order_Item (OrderItem_ID, Quantity, MenuItem_ID, Order_ID) VALUES (1099, 3, 7, 195);
INSERT INTO Order_Item (OrderItem_ID, Quantity, MenuItem_ID, Order_ID) VALUES (1100, 3, 45, 195);
INSERT INTO Payments (Payment_ID, Order_ID, PaymentMethod_ID, Transaction_ID, Amount, Payment_Status, Timestamp) VALUES (195, 195, 69, '030b4532-a7c2-4c68-81ff-94279477d9d7', 110.8, 'Completed', '2025-04-17 04:55:56');
INSERT INTO Orders (Order_ID, Created_At, Delivery_time, Real_time_location, Special_Instructions, Status, OrderItem_Price, Taxes, Delivery_Fee, Customer_ID, Restaurant_ID, Personnel_ID, Delivery_Address_ID) VALUES (196, '2025-04-02 15:41:52', '2025-04-02 17:06:52', '3337 Zachary Turnpike, Sharpmouth, WY 11756', 'Suffer investment walk individual just table.', 'Processing', 72.55, 5.8, 5.83, 35, 10, 19, 79);
INSERT INTO Order_Item (OrderItem_ID, Quantity, MenuItem_ID, Order_ID) VALUES (1101, 1, 23, 196);
INSERT INTO Order_Item (OrderItem_ID, Quantity, MenuItem_ID, Order_ID) VALUES (1102, 3, 21, 196);
INSERT INTO Order_Item (OrderItem_ID, Quantity, MenuItem_ID, Order_ID) VALUES (1103, 2, 44, 196);
INSERT INTO Order_Item (OrderItem_ID, Quantity, MenuItem_ID, Order_ID) VALUES (1104, 2, 33, 196);
INSERT INTO Order_Item (OrderItem_ID, Quantity, MenuItem_ID, Order_ID) VALUES (1105, 3, 32, 196);
INSERT INTO Payments (Payment_ID, Order_ID, PaymentMethod_ID, Transaction_ID, Amount, Payment_Status, Timestamp) VALUES (196, 196, 70, '93d797e7-2392-4df4-9fec-59ac07b4e684', 84.18, 'Completed', '2025-04-02 17:06:52');
INSERT INTO Orders (Order_ID, Created_At, Delivery_time, Real_time_location, Special_Instructions, Status, OrderItem_Price, Taxes, Delivery_Fee, Customer_ID, Restaurant_ID, Personnel_ID, Delivery_Address_ID) VALUES (197, '2025-01-25 22:08:02', '2025-01-25 23:06:02', '5536 Jennings Lodge, Marktown, WY 04722', 'Child well form picture.', 'Processing', 87.08000000000001, 6.97, 4.35, 35, 2, 3, 79);
INSERT INTO Order_Item (OrderItem_ID, Quantity, MenuItem_ID, Order_ID) VALUES (1106, 2, 15, 197);
INSERT INTO Order_Item (OrderItem_ID, Quantity, MenuItem_ID, Order_ID) VALUES (1107, 1, 21, 197);
INSERT INTO Order_Item (OrderItem_ID, Quantity, MenuItem_ID, Order_ID) VALUES (1108, 1, 54, 197);
INSERT INTO Order_Item (OrderItem_ID, Quantity, MenuItem_ID, Order_ID) VALUES (1109, 1, 42, 197);
INSERT INTO Order_Item (OrderItem_ID, Quantity, MenuItem_ID, Order_ID) VALUES (1110, 1, 19, 197);
INSERT INTO Order_Item (OrderItem_ID, Quantity, MenuItem_ID, Order_ID) VALUES (1111, 3, 46, 197);
INSERT INTO Payments (Payment_ID, Order_ID, PaymentMethod_ID, Transaction_ID, Amount, Payment_Status, Timestamp) VALUES (197, 197, 69, '92e9b765-9b9b-4926-a9eb-a9fe9a5e63f5', 98.4, 'Completed', '2025-01-25 23:06:02');
INSERT INTO Orders (Order_ID, Created_At, Delivery_time, Real_time_location, Special_Instructions, Status, OrderItem_Price, Taxes, Delivery_Fee, Customer_ID, Restaurant_ID, Personnel_ID, Delivery_Address_ID) VALUES (198, '2025-03-17 21:39:36', '2025-03-17 22:42:36', 'Unit 3618 Box 6371, DPO AA 75148', 'Police fight commercial push concern step owner.', 'Processing', 44.28, 3.54, 5.08, 35, 5, 3, 79);
INSERT INTO Order_Item (OrderItem_ID, Quantity, MenuItem_ID, Order_ID) VALUES (1112, 1, 26, 198);
INSERT INTO Order_Item (OrderItem_ID, Quantity, MenuItem_ID, Order_ID) VALUES (1113, 1, 7, 198);
INSERT INTO Order_Item (OrderItem_ID, Quantity, MenuItem_ID, Order_ID) VALUES (1114, 2, 5, 198);
INSERT INTO Payments (Payment_ID, Order_ID, PaymentMethod_ID, Transaction_ID, Amount, Payment_Status, Timestamp) VALUES (198, 198, 69, '11ca2a0b-32f1-44d8-afcb-0dce06dee37b', 52.9, 'Completed', '2025-03-17 22:42:36');
INSERT INTO Orders (Order_ID, Created_At, Delivery_time, Real_time_location, Special_Instructions, Status, OrderItem_Price, Taxes, Delivery_Fee, Customer_ID, Restaurant_ID, Personnel_ID, Delivery_Address_ID) VALUES (199, '2025-03-16 22:23:48', '2025-03-16 23:48:48', '8170 Stone Extension, Michelechester, GA 15016', 'Movie long attention western.', 'Processing', 52.5, 4.2, 4.65, 35, 2, 13, 80);
INSERT INTO Order_Item (OrderItem_ID, Quantity, MenuItem_ID, Order_ID) VALUES (1115, 2, 16, 199);
INSERT INTO Order_Item (OrderItem_ID, Quantity, MenuItem_ID, Order_ID) VALUES (1116, 2, 48, 199);
INSERT INTO Order_Item (OrderItem_ID, Quantity, MenuItem_ID, Order_ID) VALUES (1117, 2, 19, 199);
INSERT INTO Order_Item (OrderItem_ID, Quantity, MenuItem_ID, Order_ID) VALUES (1118, 3, 29, 199);
INSERT INTO Payments (Payment_ID, Order_ID, PaymentMethod_ID, Transaction_ID, Amount, Payment_Status, Timestamp) VALUES (199, 199, 70, 'ded5c017-2143-4dfc-b4db-da6bdd9e7b6d', 61.35, 'Completed', '2025-03-16 23:48:48');
INSERT INTO Orders (Order_ID, Created_At, Delivery_time, Real_time_location, Special_Instructions, Status, OrderItem_Price, Taxes, Delivery_Fee, Customer_ID, Restaurant_ID, Personnel_ID, Delivery_Address_ID) VALUES (200, '2025-02-09 22:31:27', '2025-02-09 23:01:27', '99493 Hill Avenue Apt. 716, New Mark, NM 60820', 'Office say explain thing lead red Republican.', 'Processing', 129.63, 10.37, 3.21, 35, 9, 15, 79);
INSERT INTO Order_Item (OrderItem_ID, Quantity, MenuItem_ID, Order_ID) VALUES (1119, 3, 12, 200);
INSERT INTO Order_Item (OrderItem_ID, Quantity, MenuItem_ID, Order_ID) VALUES (1120, 1, 38, 200);
INSERT INTO Order_Item (OrderItem_ID, Quantity, MenuItem_ID, Order_ID) VALUES (1121, 2, 39, 200);
INSERT INTO Order_Item (OrderItem_ID, Quantity, MenuItem_ID, Order_ID) VALUES (1122, 2, 30, 200);
INSERT INTO Order_Item (OrderItem_ID, Quantity, MenuItem_ID, Order_ID) VALUES (1123, 2, 41, 200);
INSERT INTO Order_Item (OrderItem_ID, Quantity, MenuItem_ID, Order_ID) VALUES (1124, 3, 48, 200);
INSERT INTO Order_Item (OrderItem_ID, Quantity, MenuItem_ID, Order_ID) VALUES (1125, 1, 51, 200);
INSERT INTO Order_Item (OrderItem_ID, Quantity, MenuItem_ID, Order_ID) VALUES (1126, 3, 37, 200);
INSERT INTO Order_Item (OrderItem_ID, Quantity, MenuItem_ID, Order_ID) VALUES (1127, 2, 28, 200);
INSERT INTO Payments (Payment_ID, Order_ID, PaymentMethod_ID, Transaction_ID, Amount, Payment_Status, Timestamp) VALUES (200, 200, 70, 'd2cc4853-9cef-4ef4-a41e-7f8c4c25998e', 143.21, 'Completed', '2025-02-09 23:01:27');
INSERT INTO Orders (Order_ID, Created_At, Delivery_time, Real_time_location, Special_Instructions, Status, OrderItem_Price, Taxes, Delivery_Fee, Customer_ID, Restaurant_ID, Personnel_ID, Delivery_Address_ID) VALUES (201, '2025-02-04 00:08:51', '2025-02-04 01:02:51', '676 Holly Court, Haleton, GA 36385', 'Mrs project at risk total training in seven.', 'Processing', 63.08, 5.05, 4.95, 35, 5, 1, 81);
INSERT INTO Order_Item (OrderItem_ID, Quantity, MenuItem_ID, Order_ID) VALUES (1128, 2, 39, 201);
INSERT INTO Order_Item (OrderItem_ID, Quantity, MenuItem_ID, Order_ID) VALUES (1129, 1, 15, 201);
INSERT INTO Order_Item (OrderItem_ID, Quantity, MenuItem_ID, Order_ID) VALUES (1130, 2, 51, 201);
INSERT INTO Order_Item (OrderItem_ID, Quantity, MenuItem_ID, Order_ID) VALUES (1131, 1, 1, 201);
INSERT INTO Order_Item (OrderItem_ID, Quantity, MenuItem_ID, Order_ID) VALUES (1132, 2, 36, 201);
INSERT INTO Payments (Payment_ID, Order_ID, PaymentMethod_ID, Transaction_ID, Amount, Payment_Status, Timestamp) VALUES (201, 201, 69, '1397b542-5e65-4990-becd-0ded1f08f855', 73.08, 'Completed', '2025-02-04 01:02:51');
INSERT INTO Orders (Order_ID, Created_At, Delivery_time, Real_time_location, Special_Instructions, Status, OrderItem_Price, Taxes, Delivery_Fee, Customer_ID, Restaurant_ID, Personnel_ID, Delivery_Address_ID) VALUES (202, '2025-01-21 10:22:55', '2025-01-21 11:09:55', '7243 Steven Cliffs Suite 656, South Benjamin, DE 93444', 'Force security machine attention.', 'Processing', 107.55, 8.6, 2.41, 36, 10, 9, 83);
INSERT INTO Order_Item (OrderItem_ID, Quantity, MenuItem_ID, Order_ID) VALUES (1133, 1, 52, 202);
INSERT INTO Order_Item (OrderItem_ID, Quantity, MenuItem_ID, Order_ID) VALUES (1134, 3, 18, 202);
INSERT INTO Order_Item (OrderItem_ID, Quantity, MenuItem_ID, Order_ID) VALUES (1135, 2, 27, 202);
INSERT INTO Order_Item (OrderItem_ID, Quantity, MenuItem_ID, Order_ID) VALUES (1136, 3, 13, 202);
INSERT INTO Order_Item (OrderItem_ID, Quantity, MenuItem_ID, Order_ID) VALUES (1137, 1, 5, 202);
INSERT INTO Order_Item (OrderItem_ID, Quantity, MenuItem_ID, Order_ID) VALUES (1138, 1, 12, 202);
INSERT INTO Order_Item (OrderItem_ID, Quantity, MenuItem_ID, Order_ID) VALUES (1139, 1, 9, 202);
INSERT INTO Order_Item (OrderItem_ID, Quantity, MenuItem_ID, Order_ID) VALUES (1140, 1, 19, 202);
INSERT INTO Order_Item (OrderItem_ID, Quantity, MenuItem_ID, Order_ID) VALUES (1141, 1, 8, 202);
INSERT INTO Payments (Payment_ID, Order_ID, PaymentMethod_ID, Transaction_ID, Amount, Payment_Status, Timestamp) VALUES (202, 202, 72, 'b6ad478c-3e06-4427-a832-a2288c65d01b', 118.56, 'Completed', '2025-01-21 11:09:55');
INSERT INTO Orders (Order_ID, Created_At, Delivery_time, Real_time_location, Special_Instructions, Status, OrderItem_Price, Taxes, Delivery_Fee, Customer_ID, Restaurant_ID, Personnel_ID, Delivery_Address_ID) VALUES (203, '2025-03-26 23:56:24', '2025-03-27 00:51:24', '20912 Martinez Streets Suite 210, Ericstad, IL 94140', 'Throughout mother kind.', 'Processing', 59.10000000000001, 4.73, 3.07, 36, 4, 11, 83);
INSERT INTO Order_Item (OrderItem_ID, Quantity, MenuItem_ID, Order_ID) VALUES (1142, 1, 51, 203);
INSERT INTO Order_Item (OrderItem_ID, Quantity, MenuItem_ID, Order_ID) VALUES (1143, 3, 52, 203);
INSERT INTO Order_Item (OrderItem_ID, Quantity, MenuItem_ID, Order_ID) VALUES (1144, 2, 32, 203);
INSERT INTO Order_Item (OrderItem_ID, Quantity, MenuItem_ID, Order_ID) VALUES (1145, 1, 24, 203);
INSERT INTO Order_Item (OrderItem_ID, Quantity, MenuItem_ID, Order_ID) VALUES (1146, 1, 30, 203);
INSERT INTO Payments (Payment_ID, Order_ID, PaymentMethod_ID, Transaction_ID, Amount, Payment_Status, Timestamp) VALUES (203, 203, 72, 'cfbf3d39-a281-4fce-9624-f0550c39bd0e', 66.9, 'Completed', '2025-03-27 00:51:24');
INSERT INTO Orders (Order_ID, Created_At, Delivery_time, Real_time_location, Special_Instructions, Status, OrderItem_Price, Taxes, Delivery_Fee, Customer_ID, Restaurant_ID, Personnel_ID, Delivery_Address_ID) VALUES (204, '2025-04-12 12:46:17', '2025-04-12 13:29:17', '4709 Brandon Lane, East Nicholas, ID 12479', 'Instead writer front.', 'Processing', 60.06, 4.8, 4.08, 36, 7, 1, 82);
INSERT INTO Order_Item (OrderItem_ID, Quantity, MenuItem_ID, Order_ID) VALUES (1147, 2, 25, 204);
INSERT INTO Order_Item (OrderItem_ID, Quantity, MenuItem_ID, Order_ID) VALUES (1148, 2, 50, 204);
INSERT INTO Order_Item (OrderItem_ID, Quantity, MenuItem_ID, Order_ID) VALUES (1149, 3, 29, 204);
INSERT INTO Order_Item (OrderItem_ID, Quantity, MenuItem_ID, Order_ID) VALUES (1150, 2, 16, 204);
INSERT INTO Payments (Payment_ID, Order_ID, PaymentMethod_ID, Transaction_ID, Amount, Payment_Status, Timestamp) VALUES (204, 204, 72, '102c01a3-ab40-4598-ae11-d3c23130dc8f', 68.94, 'Completed', '2025-04-12 13:29:17');
INSERT INTO Orders (Order_ID, Created_At, Delivery_time, Real_time_location, Special_Instructions, Status, OrderItem_Price, Taxes, Delivery_Fee, Customer_ID, Restaurant_ID, Personnel_ID, Delivery_Address_ID) VALUES (205, '2025-02-12 19:55:14', '2025-02-12 20:35:14', 'USS Robles, FPO AP 22505', 'Analysis mention spring follow.', 'Processing', 79.3, 6.34, 3.3, 36, 3, 2, 82);
INSERT INTO Order_Item (OrderItem_ID, Quantity, MenuItem_ID, Order_ID) VALUES (1151, 2, 31, 205);
INSERT INTO Order_Item (OrderItem_ID, Quantity, MenuItem_ID, Order_ID) VALUES (1152, 3, 41, 205);
INSERT INTO Order_Item (OrderItem_ID, Quantity, MenuItem_ID, Order_ID) VALUES (1153, 1, 20, 205);
INSERT INTO Order_Item (OrderItem_ID, Quantity, MenuItem_ID, Order_ID) VALUES (1154, 2, 13, 205);
INSERT INTO Order_Item (OrderItem_ID, Quantity, MenuItem_ID, Order_ID) VALUES (1155, 1, 24, 205);
INSERT INTO Payments (Payment_ID, Order_ID, PaymentMethod_ID, Transaction_ID, Amount, Payment_Status, Timestamp) VALUES (205, 205, 71, '3505c563-9fea-47cc-b086-2fe3a0751372', 88.94, 'Completed', '2025-02-12 20:35:14');
INSERT INTO Orders (Order_ID, Created_At, Delivery_time, Real_time_location, Special_Instructions, Status, OrderItem_Price, Taxes, Delivery_Fee, Customer_ID, Restaurant_ID, Personnel_ID, Delivery_Address_ID) VALUES (206, '2025-04-16 04:31:02', '2025-04-16 05:42:02', '33155 Alexis Shoal Suite 063, Robinsonview, RI 48863', 'Attack despite feeling.', 'Processing', 131.71, 10.54, 4.23, 36, 1, 19, 83);
INSERT INTO Order_Item (OrderItem_ID, Quantity, MenuItem_ID, Order_ID) VALUES (1156, 2, 10, 206);
INSERT INTO Order_Item (OrderItem_ID, Quantity, MenuItem_ID, Order_ID) VALUES (1157, 2, 24, 206);
INSERT INTO Order_Item (OrderItem_ID, Quantity, MenuItem_ID, Order_ID) VALUES (1158, 3, 50, 206);
INSERT INTO Order_Item (OrderItem_ID, Quantity, MenuItem_ID, Order_ID) VALUES (1159, 1, 6, 206);
INSERT INTO Order_Item (OrderItem_ID, Quantity, MenuItem_ID, Order_ID) VALUES (1160, 1, 16, 206);
INSERT INTO Order_Item (OrderItem_ID, Quantity, MenuItem_ID, Order_ID) VALUES (1161, 3, 11, 206);
INSERT INTO Order_Item (OrderItem_ID, Quantity, MenuItem_ID, Order_ID) VALUES (1162, 2, 32, 206);
INSERT INTO Order_Item (OrderItem_ID, Quantity, MenuItem_ID, Order_ID) VALUES (1163, 2, 52, 206);
INSERT INTO Order_Item (OrderItem_ID, Quantity, MenuItem_ID, Order_ID) VALUES (1164, 3, 44, 206);
INSERT INTO Order_Item (OrderItem_ID, Quantity, MenuItem_ID, Order_ID) VALUES (1165, 1, 40, 206);
INSERT INTO Payments (Payment_ID, Order_ID, PaymentMethod_ID, Transaction_ID, Amount, Payment_Status, Timestamp) VALUES (206, 206, 72, 'fd8fb938-fbac-4ade-bfe4-36d1994f7c31', 146.48, 'Completed', '2025-04-16 05:42:02');
INSERT INTO Orders (Order_ID, Created_At, Delivery_time, Real_time_location, Special_Instructions, Status, OrderItem_Price, Taxes, Delivery_Fee, Customer_ID, Restaurant_ID, Personnel_ID, Delivery_Address_ID) VALUES (207, '2025-01-20 18:29:08', '2025-01-20 19:28:08', '1956 Martin Roads, Tiffanyfort, MA 02814', 'Treatment large memory score me relate actually again.', 'Processing', 146.58, 11.73, 4.17, 36, 1, 16, 83);
INSERT INTO Order_Item (OrderItem_ID, Quantity, MenuItem_ID, Order_ID) VALUES (1166, 1, 19, 207);
INSERT INTO Order_Item (OrderItem_ID, Quantity, MenuItem_ID, Order_ID) VALUES (1167, 3, 35, 207);
INSERT INTO Order_Item (OrderItem_ID, Quantity, MenuItem_ID, Order_ID) VALUES (1168, 3, 45, 207);
INSERT INTO Order_Item (OrderItem_ID, Quantity, MenuItem_ID, Order_ID) VALUES (1169, 2, 32, 207);
INSERT INTO Order_Item (OrderItem_ID, Quantity, MenuItem_ID, Order_ID) VALUES (1170, 3, 13, 207);
INSERT INTO Order_Item (OrderItem_ID, Quantity, MenuItem_ID, Order_ID) VALUES (1171, 1, 37, 207);
INSERT INTO Order_Item (OrderItem_ID, Quantity, MenuItem_ID, Order_ID) VALUES (1172, 1, 12, 207);
INSERT INTO Order_Item (OrderItem_ID, Quantity, MenuItem_ID, Order_ID) VALUES (1173, 3, 54, 207);
INSERT INTO Order_Item (OrderItem_ID, Quantity, MenuItem_ID, Order_ID) VALUES (1174, 2, 23, 207);
INSERT INTO Payments (Payment_ID, Order_ID, PaymentMethod_ID, Transaction_ID, Amount, Payment_Status, Timestamp) VALUES (207, 207, 73, '4f10b422-1fc2-4517-a593-562bc249f59a', 162.48, 'Completed', '2025-01-20 19:28:08');
INSERT INTO Orders (Order_ID, Created_At, Delivery_time, Real_time_location, Special_Instructions, Status, OrderItem_Price, Taxes, Delivery_Fee, Customer_ID, Restaurant_ID, Personnel_ID, Delivery_Address_ID) VALUES (208, '2025-02-15 21:41:12', '2025-02-15 22:23:12', '102 Jimenez Flats, South James, IA 95568', 'Write kitchen theory care fish skin always social.', 'Processing', 104.25, 8.34, 2.43, 36, 4, 11, 82);
INSERT INTO Order_Item (OrderItem_ID, Quantity, MenuItem_ID, Order_ID) VALUES (1175, 1, 53, 208);
INSERT INTO Order_Item (OrderItem_ID, Quantity, MenuItem_ID, Order_ID) VALUES (1176, 1, 25, 208);
INSERT INTO Order_Item (OrderItem_ID, Quantity, MenuItem_ID, Order_ID) VALUES (1177, 3, 13, 208);
INSERT INTO Order_Item (OrderItem_ID, Quantity, MenuItem_ID, Order_ID) VALUES (1178, 3, 34, 208);
INSERT INTO Order_Item (OrderItem_ID, Quantity, MenuItem_ID, Order_ID) VALUES (1179, 2, 44, 208);
INSERT INTO Order_Item (OrderItem_ID, Quantity, MenuItem_ID, Order_ID) VALUES (1180, 3, 32, 208);
INSERT INTO Order_Item (OrderItem_ID, Quantity, MenuItem_ID, Order_ID) VALUES (1181, 2, 36, 208);
INSERT INTO Order_Item (OrderItem_ID, Quantity, MenuItem_ID, Order_ID) VALUES (1182, 3, 10, 208);
INSERT INTO Order_Item (OrderItem_ID, Quantity, MenuItem_ID, Order_ID) VALUES (1183, 3, 40, 208);
INSERT INTO Payments (Payment_ID, Order_ID, PaymentMethod_ID, Transaction_ID, Amount, Payment_Status, Timestamp) VALUES (208, 208, 73, '49d83188-d00d-4c4f-a5e6-5ec46a367425', 115.02, 'Completed', '2025-02-15 22:23:12');
INSERT INTO Orders (Order_ID, Created_At, Delivery_time, Real_time_location, Special_Instructions, Status, OrderItem_Price, Taxes, Delivery_Fee, Customer_ID, Restaurant_ID, Personnel_ID, Delivery_Address_ID) VALUES (209, '2025-01-05 14:25:08', '2025-01-05 15:51:08', '3380 Laurie Square Apt. 968, Isaiahtown, NM 09674', 'Appear yeah voice by community.', 'Processing', 107.68, 8.61, 4.97, 36, 10, 9, 82);
INSERT INTO Order_Item (OrderItem_ID, Quantity, MenuItem_ID, Order_ID) VALUES (1184, 2, 15, 209);
INSERT INTO Order_Item (OrderItem_ID, Quantity, MenuItem_ID, Order_ID) VALUES (1185, 2, 39, 209);
INSERT INTO Order_Item (OrderItem_ID, Quantity, MenuItem_ID, Order_ID) VALUES (1186, 3, 46, 209);
INSERT INTO Order_Item (OrderItem_ID, Quantity, MenuItem_ID, Order_ID) VALUES (1187, 1, 5, 209);
INSERT INTO Order_Item (OrderItem_ID, Quantity, MenuItem_ID, Order_ID) VALUES (1188, 3, 1, 209);
INSERT INTO Order_Item (OrderItem_ID, Quantity, MenuItem_ID, Order_ID) VALUES (1189, 2, 14, 209);
INSERT INTO Payments (Payment_ID, Order_ID, PaymentMethod_ID, Transaction_ID, Amount, Payment_Status, Timestamp) VALUES (209, 209, 73, 'ee8b46d3-cb94-4541-94ca-e4328c813e53', 121.26, 'Completed', '2025-01-05 15:51:08');
INSERT INTO Orders (Order_ID, Created_At, Delivery_time, Real_time_location, Special_Instructions, Status, OrderItem_Price, Taxes, Delivery_Fee, Customer_ID, Restaurant_ID, Personnel_ID, Delivery_Address_ID) VALUES (210, '2025-02-09 16:26:55', '2025-02-09 17:08:55', '7423 Roger Rest, West Justin, SC 26899', 'Television loss week growth help.', 'Processing', 26.44, 2.12, 4.13, 36, 1, 3, 83);
INSERT INTO Order_Item (OrderItem_ID, Quantity, MenuItem_ID, Order_ID) VALUES (1190, 1, 14, 210);
INSERT INTO Order_Item (OrderItem_ID, Quantity, MenuItem_ID, Order_ID) VALUES (1191, 3, 34, 210);
INSERT INTO Payments (Payment_ID, Order_ID, PaymentMethod_ID, Transaction_ID, Amount, Payment_Status, Timestamp) VALUES (210, 210, 73, '815ada5d-6c35-433c-b0fe-05a17880adc6', 32.69, 'Completed', '2025-02-09 17:08:55');
INSERT INTO Orders (Order_ID, Created_At, Delivery_time, Real_time_location, Special_Instructions, Status, OrderItem_Price, Taxes, Delivery_Fee, Customer_ID, Restaurant_ID, Personnel_ID, Delivery_Address_ID) VALUES (211, '2025-04-29 07:58:58', '2025-04-29 08:55:58', '0661 Larson Drives, West Oscar, NH 37623', 'No lose four resource cultural trouble.', 'Processing', 35.019999999999996, 2.8, 4.81, 37, 10, 6, 85);
INSERT INTO Order_Item (OrderItem_ID, Quantity, MenuItem_ID, Order_ID) VALUES (1192, 1, 50, 211);
INSERT INTO Order_Item (OrderItem_ID, Quantity, MenuItem_ID, Order_ID) VALUES (1193, 1, 41, 211);
INSERT INTO Payments (Payment_ID, Order_ID, PaymentMethod_ID, Transaction_ID, Amount, Payment_Status, Timestamp) VALUES (211, 211, 74, '802ddcc4-dc95-4e31-8349-1b410111fa05', 42.63, 'Completed', '2025-04-29 08:55:58');
INSERT INTO Orders (Order_ID, Created_At, Delivery_time, Real_time_location, Special_Instructions, Status, OrderItem_Price, Taxes, Delivery_Fee, Customer_ID, Restaurant_ID, Personnel_ID, Delivery_Address_ID) VALUES (212, '2025-05-21 20:21:16', '2025-05-21 21:45:16', '6567 Davidson Radial Apt. 601, Frederickburgh, WV 57687', 'Side seem give remember play.', 'Processing', 62.72, 5.02, 5.99, 37, 9, 13, 85);
INSERT INTO Order_Item (OrderItem_ID, Quantity, MenuItem_ID, Order_ID) VALUES (1194, 2, 35, 212);
INSERT INTO Order_Item (OrderItem_ID, Quantity, MenuItem_ID, Order_ID) VALUES (1195, 2, 39, 212);
INSERT INTO Order_Item (OrderItem_ID, Quantity, MenuItem_ID, Order_ID) VALUES (1196, 3, 29, 212);
INSERT INTO Payments (Payment_ID, Order_ID, PaymentMethod_ID, Transaction_ID, Amount, Payment_Status, Timestamp) VALUES (212, 212, 75, 'a6a1cc2b-0ec5-4ad7-b24a-e6e35e411475', 73.73, 'Completed', '2025-05-21 21:45:16');
INSERT INTO Orders (Order_ID, Created_At, Delivery_time, Real_time_location, Special_Instructions, Status, OrderItem_Price, Taxes, Delivery_Fee, Customer_ID, Restaurant_ID, Personnel_ID, Delivery_Address_ID) VALUES (213, '2025-03-16 19:46:57', '2025-03-16 21:05:57', 'PSC 3370, Box 5024, APO AP 60200', 'Effect own weight success.', 'Processing', 120.53999999999999, 9.64, 3.26, 37, 6, 20, 84);
INSERT INTO Order_Item (OrderItem_ID, Quantity, MenuItem_ID, Order_ID) VALUES (1197, 3, 35, 213);
INSERT INTO Order_Item (OrderItem_ID, Quantity, MenuItem_ID, Order_ID) VALUES (1198, 2, 14, 213);
INSERT INTO Order_Item (OrderItem_ID, Quantity, MenuItem_ID, Order_ID) VALUES (1199, 3, 25, 213);
INSERT INTO Order_Item (OrderItem_ID, Quantity, MenuItem_ID, Order_ID) VALUES (1200, 3, 50, 213);
INSERT INTO Order_Item (OrderItem_ID, Quantity, MenuItem_ID, Order_ID) VALUES (1201, 3, 36, 213);
INSERT INTO Order_Item (OrderItem_ID, Quantity, MenuItem_ID, Order_ID) VALUES (1202, 3, 48, 213);
INSERT INTO Order_Item (OrderItem_ID, Quantity, MenuItem_ID, Order_ID) VALUES (1203, 3, 17, 213);
INSERT INTO Order_Item (OrderItem_ID, Quantity, MenuItem_ID, Order_ID) VALUES (1204, 1, 24, 213);
INSERT INTO Order_Item (OrderItem_ID, Quantity, MenuItem_ID, Order_ID) VALUES (1205, 1, 29, 213);
INSERT INTO Order_Item (OrderItem_ID, Quantity, MenuItem_ID, Order_ID) VALUES (1206, 1, 47, 213);
INSERT INTO Payments (Payment_ID, Order_ID, PaymentMethod_ID, Transaction_ID, Amount, Payment_Status, Timestamp) VALUES (213, 213, 75, '17a15a60-c55e-4efb-9de2-0f2d03288b00', 133.44, 'Completed', '2025-03-16 21:05:57');
INSERT INTO Orders (Order_ID, Created_At, Delivery_time, Real_time_location, Special_Instructions, Status, OrderItem_Price, Taxes, Delivery_Fee, Customer_ID, Restaurant_ID, Personnel_ID, Delivery_Address_ID) VALUES (214, '2025-05-06 03:06:34', '2025-05-06 04:26:34', '9183 Martin Meadow Suite 488, Willischester, VA 12149', 'Player since general central.', 'Processing', 84.11, 6.73, 4.89, 37, 6, 5, 84);
INSERT INTO Order_Item (OrderItem_ID, Quantity, MenuItem_ID, Order_ID) VALUES (1207, 2, 24, 214);
INSERT INTO Order_Item (OrderItem_ID, Quantity, MenuItem_ID, Order_ID) VALUES (1208, 1, 38, 214);
INSERT INTO Order_Item (OrderItem_ID, Quantity, MenuItem_ID, Order_ID) VALUES (1209, 2, 16, 214);
INSERT INTO Order_Item (OrderItem_ID, Quantity, MenuItem_ID, Order_ID) VALUES (1210, 3, 15, 214);
INSERT INTO Order_Item (OrderItem_ID, Quantity, MenuItem_ID, Order_ID) VALUES (1211, 3, 17, 214);
INSERT INTO Payments (Payment_ID, Order_ID, PaymentMethod_ID, Transaction_ID, Amount, Payment_Status, Timestamp) VALUES (214, 214, 76, 'bf8ff33e-ee15-45cf-b5a3-7765bfacc63e', 95.73, 'Completed', '2025-05-06 04:26:34');
INSERT INTO Orders (Order_ID, Created_At, Delivery_time, Real_time_location, Special_Instructions, Status, OrderItem_Price, Taxes, Delivery_Fee, Customer_ID, Restaurant_ID, Personnel_ID, Delivery_Address_ID) VALUES (215, '2025-03-19 06:40:32', '2025-03-19 07:42:32', '70116 Pena Street, Jacksonstad, VT 18108', 'Main me book note defense.', 'Processing', 138.19, 11.06, 2.6, 38, 10, 10, 86);
INSERT INTO Order_Item (OrderItem_ID, Quantity, MenuItem_ID, Order_ID) VALUES (1212, 3, 25, 215);
INSERT INTO Order_Item (OrderItem_ID, Quantity, MenuItem_ID, Order_ID) VALUES (1213, 1, 6, 215);
INSERT INTO Order_Item (OrderItem_ID, Quantity, MenuItem_ID, Order_ID) VALUES (1214, 1, 50, 215);
INSERT INTO Order_Item (OrderItem_ID, Quantity, MenuItem_ID, Order_ID) VALUES (1215, 1, 4, 215);
INSERT INTO Order_Item (OrderItem_ID, Quantity, MenuItem_ID, Order_ID) VALUES (1216, 3, 53, 215);
INSERT INTO Order_Item (OrderItem_ID, Quantity, MenuItem_ID, Order_ID) VALUES (1217, 3, 22, 215);
INSERT INTO Order_Item (OrderItem_ID, Quantity, MenuItem_ID, Order_ID) VALUES (1218, 2, 23, 215);
INSERT INTO Order_Item (OrderItem_ID, Quantity, MenuItem_ID, Order_ID) VALUES (1219, 2, 28, 215);
INSERT INTO Order_Item (OrderItem_ID, Quantity, MenuItem_ID, Order_ID) VALUES (1220, 3, 27, 215);
INSERT INTO Order_Item (OrderItem_ID, Quantity, MenuItem_ID, Order_ID) VALUES (1221, 3, 8, 215);
INSERT INTO Payments (Payment_ID, Order_ID, PaymentMethod_ID, Transaction_ID, Amount, Payment_Status, Timestamp) VALUES (215, 215, 77, '2ec75a83-bffa-4a4f-8f19-72db3370dc1d', 151.85, 'Completed', '2025-03-19 07:42:32');
INSERT INTO Orders (Order_ID, Created_At, Delivery_time, Real_time_location, Special_Instructions, Status, OrderItem_Price, Taxes, Delivery_Fee, Customer_ID, Restaurant_ID, Personnel_ID, Delivery_Address_ID) VALUES (216, '2025-02-07 06:14:53', '2025-02-07 07:15:53', '9121 Miller Crossing Suite 150, South Todd, CT 01747', 'Entire western program smile.', 'Processing', 76.5, 6.12, 4.24, 38, 4, 14, 87);
INSERT INTO Order_Item (OrderItem_ID, Quantity, MenuItem_ID, Order_ID) VALUES (1222, 2, 10, 216);
INSERT INTO Order_Item (OrderItem_ID, Quantity, MenuItem_ID, Order_ID) VALUES (1223, 3, 9, 216);
INSERT INTO Order_Item (OrderItem_ID, Quantity, MenuItem_ID, Order_ID) VALUES (1224, 3, 22, 216);
INSERT INTO Order_Item (OrderItem_ID, Quantity, MenuItem_ID, Order_ID) VALUES (1225, 1, 6, 216);
INSERT INTO Order_Item (OrderItem_ID, Quantity, MenuItem_ID, Order_ID) VALUES (1226, 3, 31, 216);
INSERT INTO Order_Item (OrderItem_ID, Quantity, MenuItem_ID, Order_ID) VALUES (1227, 3, 37, 216);
INSERT INTO Order_Item (OrderItem_ID, Quantity, MenuItem_ID, Order_ID) VALUES (1228, 3, 48, 216);
INSERT INTO Payments (Payment_ID, Order_ID, PaymentMethod_ID, Transaction_ID, Amount, Payment_Status, Timestamp) VALUES (216, 216, 77, '85b7b774-3608-4374-98ca-a0a90ab74b5d', 86.86, 'Completed', '2025-02-07 07:15:53');
INSERT INTO Orders (Order_ID, Created_At, Delivery_time, Real_time_location, Special_Instructions, Status, OrderItem_Price, Taxes, Delivery_Fee, Customer_ID, Restaurant_ID, Personnel_ID, Delivery_Address_ID) VALUES (217, '2025-01-02 09:50:35', '2025-01-02 10:59:35', '7596 Wood Junctions Suite 356, Bishopstad, MA 13631', 'Lead recognize rise.', 'Processing', 70.31, 5.62, 5.95, 39, 2, 9, 92);
INSERT INTO Order_Item (OrderItem_ID, Quantity, MenuItem_ID, Order_ID) VALUES (1229, 2, 44, 217);
INSERT INTO Order_Item (OrderItem_ID, Quantity, MenuItem_ID, Order_ID) VALUES (1230, 3, 37, 217);
INSERT INTO Order_Item (OrderItem_ID, Quantity, MenuItem_ID, Order_ID) VALUES (1231, 1, 6, 217);
INSERT INTO Order_Item (OrderItem_ID, Quantity, MenuItem_ID, Order_ID) VALUES (1232, 2, 8, 217);
INSERT INTO Order_Item (OrderItem_ID, Quantity, MenuItem_ID, Order_ID) VALUES (1233, 1, 43, 217);
INSERT INTO Order_Item (OrderItem_ID, Quantity, MenuItem_ID, Order_ID) VALUES (1234, 1, 27, 217);
INSERT INTO Payments (Payment_ID, Order_ID, PaymentMethod_ID, Transaction_ID, Amount, Payment_Status, Timestamp) VALUES (217, 217, 79, '0692fe02-238c-4712-accf-3b91e35209a0', 81.88, 'Completed', '2025-01-02 10:59:35');
INSERT INTO Orders (Order_ID, Created_At, Delivery_time, Real_time_location, Special_Instructions, Status, OrderItem_Price, Taxes, Delivery_Fee, Customer_ID, Restaurant_ID, Personnel_ID, Delivery_Address_ID) VALUES (218, '2025-04-27 21:06:00', '2025-04-27 22:29:00', '357 Robertson Shore Apt. 050, Morganmouth, NV 31113', 'Machine school soldier give voice walk live probably.', 'Processing', 27.28, 2.18, 2.59, 39, 6, 5, 89);
INSERT INTO Order_Item (OrderItem_ID, Quantity, MenuItem_ID, Order_ID) VALUES (1235, 2, 48, 218);
INSERT INTO Order_Item (OrderItem_ID, Quantity, MenuItem_ID, Order_ID) VALUES (1236, 1, 4, 218);
INSERT INTO Payments (Payment_ID, Order_ID, PaymentMethod_ID, Transaction_ID, Amount, Payment_Status, Timestamp) VALUES (218, 218, 79, 'bbf9a04b-19b7-475f-a7bb-5e42b3126a11', 32.05, 'Completed', '2025-04-27 22:29:00');
INSERT INTO Orders (Order_ID, Created_At, Delivery_time, Real_time_location, Special_Instructions, Status, OrderItem_Price, Taxes, Delivery_Fee, Customer_ID, Restaurant_ID, Personnel_ID, Delivery_Address_ID) VALUES (219, '2025-03-16 17:34:14', '2025-03-16 18:06:14', '289 David Underpass, West Marisaside, NH 22528', 'Western lot music during color want record.', 'Processing', 108.74000000000001, 8.7, 4.65, 39, 2, 10, 92);
INSERT INTO Order_Item (OrderItem_ID, Quantity, MenuItem_ID, Order_ID) VALUES (1237, 2, 2, 219);
INSERT INTO Order_Item (OrderItem_ID, Quantity, MenuItem_ID, Order_ID) VALUES (1238, 1, 22, 219);
INSERT INTO Order_Item (OrderItem_ID, Quantity, MenuItem_ID, Order_ID) VALUES (1239, 1, 14, 219);
INSERT INTO Order_Item (OrderItem_ID, Quantity, MenuItem_ID, Order_ID) VALUES (1240, 2, 48, 219);
INSERT INTO Order_Item (OrderItem_ID, Quantity, MenuItem_ID, Order_ID) VALUES (1241, 1, 35, 219);
INSERT INTO Order_Item (OrderItem_ID, Quantity, MenuItem_ID, Order_ID) VALUES (1242, 3, 53, 219);
INSERT INTO Order_Item (OrderItem_ID, Quantity, MenuItem_ID, Order_ID) VALUES (1243, 3, 50, 219);
INSERT INTO Order_Item (OrderItem_ID, Quantity, MenuItem_ID, Order_ID) VALUES (1244, 2, 51, 219);
INSERT INTO Payments (Payment_ID, Order_ID, PaymentMethod_ID, Transaction_ID, Amount, Payment_Status, Timestamp) VALUES (219, 219, 79, 'b73c62ab-fe4c-4fed-af55-2c9e1b000f9f', 122.09, 'Completed', '2025-03-16 18:06:14');
INSERT INTO Orders (Order_ID, Created_At, Delivery_time, Real_time_location, Special_Instructions, Status, OrderItem_Price, Taxes, Delivery_Fee, Customer_ID, Restaurant_ID, Personnel_ID, Delivery_Address_ID) VALUES (220, '2025-01-06 16:11:00', '2025-01-06 17:19:00', '4347 Elizabeth Place Suite 153, Lake Matthewfurt, SD 74150', 'Speak difference break because become scientist.', 'Processing', 128.29, 10.26, 3.94, 39, 8, 1, 89);
INSERT INTO Order_Item (OrderItem_ID, Quantity, MenuItem_ID, Order_ID) VALUES (1245, 3, 43, 220);
INSERT INTO Order_Item (OrderItem_ID, Quantity, MenuItem_ID, Order_ID) VALUES (1246, 1, 18, 220);
INSERT INTO Order_Item (OrderItem_ID, Quantity, MenuItem_ID, Order_ID) VALUES (1247, 1, 55, 220);
INSERT INTO Order_Item (OrderItem_ID, Quantity, MenuItem_ID, Order_ID) VALUES (1248, 1, 53, 220);
INSERT INTO Order_Item (OrderItem_ID, Quantity, MenuItem_ID, Order_ID) VALUES (1249, 3, 24, 220);
INSERT INTO Order_Item (OrderItem_ID, Quantity, MenuItem_ID, Order_ID) VALUES (1250, 2, 7, 220);
INSERT INTO Order_Item (OrderItem_ID, Quantity, MenuItem_ID, Order_ID) VALUES (1251, 3, 2, 220);
INSERT INTO Payments (Payment_ID, Order_ID, PaymentMethod_ID, Transaction_ID, Amount, Payment_Status, Timestamp) VALUES (220, 220, 79, 'f1276a5c-be9f-44cb-b02b-0401efed098b', 142.49, 'Completed', '2025-01-06 17:19:00');
INSERT INTO Orders (Order_ID, Created_At, Delivery_time, Real_time_location, Special_Instructions, Status, OrderItem_Price, Taxes, Delivery_Fee, Customer_ID, Restaurant_ID, Personnel_ID, Delivery_Address_ID) VALUES (221, '2025-01-23 13:05:39', '2025-01-23 13:51:39', '6904 Brittany Field, Whitneymouth, MN 89538', 'Mind own develop house.', 'Processing', 101.86, 8.15, 2.25, 40, 4, 17, 94);
INSERT INTO Order_Item (OrderItem_ID, Quantity, MenuItem_ID, Order_ID) VALUES (1252, 2, 32, 221);
INSERT INTO Order_Item (OrderItem_ID, Quantity, MenuItem_ID, Order_ID) VALUES (1253, 1, 26, 221);
INSERT INTO Order_Item (OrderItem_ID, Quantity, MenuItem_ID, Order_ID) VALUES (1254, 3, 48, 221);
INSERT INTO Order_Item (OrderItem_ID, Quantity, MenuItem_ID, Order_ID) VALUES (1255, 2, 11, 221);
INSERT INTO Order_Item (OrderItem_ID, Quantity, MenuItem_ID, Order_ID) VALUES (1256, 1, 2, 221);
INSERT INTO Order_Item (OrderItem_ID, Quantity, MenuItem_ID, Order_ID) VALUES (1257, 1, 23, 221);
INSERT INTO Payments (Payment_ID, Order_ID, PaymentMethod_ID, Transaction_ID, Amount, Payment_Status, Timestamp) VALUES (221, 221, 81, '50e08a81-75ea-4023-9a34-65d989cd90e7', 112.26, 'Completed', '2025-01-23 13:51:39');
INSERT INTO Orders (Order_ID, Created_At, Delivery_time, Real_time_location, Special_Instructions, Status, OrderItem_Price, Taxes, Delivery_Fee, Customer_ID, Restaurant_ID, Personnel_ID, Delivery_Address_ID) VALUES (222, '2025-01-29 02:21:16', '2025-01-29 03:35:16', '77294 Julie Vista Apt. 954, West Wendyshire, SC 28773', 'Factor whom arrive special check respond summer.', 'Processing', 125.91000000000001, 10.07, 2.55, 41, 3, 3, 99);
INSERT INTO Order_Item (OrderItem_ID, Quantity, MenuItem_ID, Order_ID) VALUES (1258, 3, 44, 222);
INSERT INTO Order_Item (OrderItem_ID, Quantity, MenuItem_ID, Order_ID) VALUES (1259, 3, 40, 222);
INSERT INTO Order_Item (OrderItem_ID, Quantity, MenuItem_ID, Order_ID) VALUES (1260, 1, 41, 222);
INSERT INTO Order_Item (OrderItem_ID, Quantity, MenuItem_ID, Order_ID) VALUES (1261, 2, 55, 222);
INSERT INTO Order_Item (OrderItem_ID, Quantity, MenuItem_ID, Order_ID) VALUES (1262, 1, 15, 222);
INSERT INTO Order_Item (OrderItem_ID, Quantity, MenuItem_ID, Order_ID) VALUES (1263, 3, 27, 222);
INSERT INTO Order_Item (OrderItem_ID, Quantity, MenuItem_ID, Order_ID) VALUES (1264, 3, 16, 222);
INSERT INTO Order_Item (OrderItem_ID, Quantity, MenuItem_ID, Order_ID) VALUES (1265, 1, 37, 222);
INSERT INTO Order_Item (OrderItem_ID, Quantity, MenuItem_ID, Order_ID) VALUES (1266, 2, 10, 222);
INSERT INTO Payments (Payment_ID, Order_ID, PaymentMethod_ID, Transaction_ID, Amount, Payment_Status, Timestamp) VALUES (222, 222, 83, 'b34de663-399e-4d08-8f77-98ccef36feb1', 138.53, 'Completed', '2025-01-29 03:35:16');
INSERT INTO Orders (Order_ID, Created_At, Delivery_time, Real_time_location, Special_Instructions, Status, OrderItem_Price, Taxes, Delivery_Fee, Customer_ID, Restaurant_ID, Personnel_ID, Delivery_Address_ID) VALUES (223, '2025-01-11 04:58:36', '2025-01-11 05:54:36', 'PSC 2764, Box 2086, APO AA 55870', 'Wrong serious hospital month executive recent crime.', 'Processing', 62.449999999999996, 5.0, 3.66, 41, 9, 18, 96);
INSERT INTO Order_Item (OrderItem_ID, Quantity, MenuItem_ID, Order_ID) VALUES (1267, 2, 21, 223);
INSERT INTO Order_Item (OrderItem_ID, Quantity, MenuItem_ID, Order_ID) VALUES (1268, 2, 54, 223);
INSERT INTO Order_Item (OrderItem_ID, Quantity, MenuItem_ID, Order_ID) VALUES (1269, 3, 10, 223);
INSERT INTO Payments (Payment_ID, Order_ID, PaymentMethod_ID, Transaction_ID, Amount, Payment_Status, Timestamp) VALUES (223, 223, 85, '18e9ef77-64ce-4589-8c4a-62badb335860', 71.11, 'Completed', '2025-01-11 05:54:36');
INSERT INTO Orders (Order_ID, Created_At, Delivery_time, Real_time_location, Special_Instructions, Status, OrderItem_Price, Taxes, Delivery_Fee, Customer_ID, Restaurant_ID, Personnel_ID, Delivery_Address_ID) VALUES (224, '2025-01-26 10:02:29', '2025-01-26 11:10:29', '472 Scott Orchard, Phyllisborough, WA 26145', 'Gun task big.', 'Processing', 30.24, 2.42, 4.47, 41, 5, 5, 97);
INSERT INTO Order_Item (OrderItem_ID, Quantity, MenuItem_ID, Order_ID) VALUES (1270, 3, 9, 224);
INSERT INTO Order_Item (OrderItem_ID, Quantity, MenuItem_ID, Order_ID) VALUES (1271, 3, 12, 224);
INSERT INTO Payments (Payment_ID, Order_ID, PaymentMethod_ID, Transaction_ID, Amount, Payment_Status, Timestamp) VALUES (224, 224, 83, '25c978b5-dbc2-4e42-bd0d-4cb1c9167a93', 37.13, 'Completed', '2025-01-26 11:10:29');
INSERT INTO Orders (Order_ID, Created_At, Delivery_time, Real_time_location, Special_Instructions, Status, OrderItem_Price, Taxes, Delivery_Fee, Customer_ID, Restaurant_ID, Personnel_ID, Delivery_Address_ID) VALUES (225, '2025-03-15 02:52:37', '2025-03-15 03:30:37', 'USCGC Shelton, FPO AE 07884', 'Green listen war bring.', 'Processing', 6.59, 0.53, 5.12, 41, 10, 8, 97);
INSERT INTO Order_Item (OrderItem_ID, Quantity, MenuItem_ID, Order_ID) VALUES (1272, 3, 23, 225);
INSERT INTO Payments (Payment_ID, Order_ID, PaymentMethod_ID, Transaction_ID, Amount, Payment_Status, Timestamp) VALUES (225, 225, 85, '97e89057-56a7-41ab-a66c-cf4383f38f4e', 12.24, 'Completed', '2025-03-15 03:30:37');
INSERT INTO Orders (Order_ID, Created_At, Delivery_time, Real_time_location, Special_Instructions, Status, OrderItem_Price, Taxes, Delivery_Fee, Customer_ID, Restaurant_ID, Personnel_ID, Delivery_Address_ID) VALUES (226, '2025-03-26 05:45:15', '2025-03-26 06:26:15', 'Unit 6301 Box 3674, DPO AP 78640', 'Present heart reality somebody.', 'Processing', 122.0, 9.76, 2.82, 41, 8, 12, 97);
INSERT INTO Order_Item (OrderItem_ID, Quantity, MenuItem_ID, Order_ID) VALUES (1273, 2, 32, 226);
INSERT INTO Order_Item (OrderItem_ID, Quantity, MenuItem_ID, Order_ID) VALUES (1274, 3, 31, 226);
INSERT INTO Order_Item (OrderItem_ID, Quantity, MenuItem_ID, Order_ID) VALUES (1275, 2, 9, 226);
INSERT INTO Order_Item (OrderItem_ID, Quantity, MenuItem_ID, Order_ID) VALUES (1276, 3, 11, 226);
INSERT INTO Order_Item (OrderItem_ID, Quantity, MenuItem_ID, Order_ID) VALUES (1277, 2, 13, 226);
INSERT INTO Order_Item (OrderItem_ID, Quantity, MenuItem_ID, Order_ID) VALUES (1278, 2, 15, 226);
INSERT INTO Order_Item (OrderItem_ID, Quantity, MenuItem_ID, Order_ID) VALUES (1279, 1, 3, 226);
INSERT INTO Payments (Payment_ID, Order_ID, PaymentMethod_ID, Transaction_ID, Amount, Payment_Status, Timestamp) VALUES (226, 226, 84, '76b35303-c719-4dd0-96f0-c19ca894b11e', 134.58, 'Completed', '2025-03-26 06:26:15');
INSERT INTO Orders (Order_ID, Created_At, Delivery_time, Real_time_location, Special_Instructions, Status, OrderItem_Price, Taxes, Delivery_Fee, Customer_ID, Restaurant_ID, Personnel_ID, Delivery_Address_ID) VALUES (227, '2025-05-07 06:40:07', '2025-05-07 07:25:07', '0111 Tracy Skyway Apt. 099, Hillville, OR 24237', 'Machine popular its number between as.', 'Processing', 109.73999999999998, 8.78, 2.17, 41, 7, 2, 99);
INSERT INTO Order_Item (OrderItem_ID, Quantity, MenuItem_ID, Order_ID) VALUES (1280, 3, 26, 227);
INSERT INTO Order_Item (OrderItem_ID, Quantity, MenuItem_ID, Order_ID) VALUES (1281, 3, 40, 227);
INSERT INTO Order_Item (OrderItem_ID, Quantity, MenuItem_ID, Order_ID) VALUES (1282, 2, 48, 227);
INSERT INTO Order_Item (OrderItem_ID, Quantity, MenuItem_ID, Order_ID) VALUES (1283, 3, 37, 227);
INSERT INTO Order_Item (OrderItem_ID, Quantity, MenuItem_ID, Order_ID) VALUES (1284, 1, 39, 227);
INSERT INTO Order_Item (OrderItem_ID, Quantity, MenuItem_ID, Order_ID) VALUES (1285, 3, 35, 227);
INSERT INTO Payments (Payment_ID, Order_ID, PaymentMethod_ID, Transaction_ID, Amount, Payment_Status, Timestamp) VALUES (227, 227, 84, '899a5349-cb93-4ab6-9cb9-d394e8ac64c4', 120.69, 'Completed', '2025-05-07 07:25:07');
INSERT INTO Orders (Order_ID, Created_At, Delivery_time, Real_time_location, Special_Instructions, Status, OrderItem_Price, Taxes, Delivery_Fee, Customer_ID, Restaurant_ID, Personnel_ID, Delivery_Address_ID) VALUES (228, '2025-02-05 21:38:56', '2025-02-05 22:37:56', '8887 April Prairie, Port Karenville, PA 91624', 'Accept language fire always.', 'Processing', 72.12, 5.77, 5.61, 41, 9, 2, 97);
INSERT INTO Order_Item (OrderItem_ID, Quantity, MenuItem_ID, Order_ID) VALUES (1286, 3, 29, 228);
INSERT INTO Order_Item (OrderItem_ID, Quantity, MenuItem_ID, Order_ID) VALUES (1287, 2, 26, 228);
INSERT INTO Order_Item (OrderItem_ID, Quantity, MenuItem_ID, Order_ID) VALUES (1288, 1, 20, 228);
INSERT INTO Order_Item (OrderItem_ID, Quantity, MenuItem_ID, Order_ID) VALUES (1289, 3, 50, 228);
INSERT INTO Order_Item (OrderItem_ID, Quantity, MenuItem_ID, Order_ID) VALUES (1290, 3, 53, 228);
INSERT INTO Payments (Payment_ID, Order_ID, PaymentMethod_ID, Transaction_ID, Amount, Payment_Status, Timestamp) VALUES (228, 228, 83, '29451370-a713-42ab-b4cb-7b9a933882b3', 83.5, 'Completed', '2025-02-05 22:37:56');
INSERT INTO Orders (Order_ID, Created_At, Delivery_time, Real_time_location, Special_Instructions, Status, OrderItem_Price, Taxes, Delivery_Fee, Customer_ID, Restaurant_ID, Personnel_ID, Delivery_Address_ID) VALUES (229, '2025-01-18 01:16:30', '2025-01-18 02:32:30', '18458 Rodney Shoals, East Kevinhaven, WY 38957', 'Knowledge officer reason mission worry goal Mrs.', 'Processing', 123.98, 9.92, 2.66, 42, 10, 18, 101);
INSERT INTO Order_Item (OrderItem_ID, Quantity, MenuItem_ID, Order_ID) VALUES (1291, 1, 27, 229);
INSERT INTO Order_Item (OrderItem_ID, Quantity, MenuItem_ID, Order_ID) VALUES (1292, 1, 21, 229);
INSERT INTO Order_Item (OrderItem_ID, Quantity, MenuItem_ID, Order_ID) VALUES (1293, 1, 29, 229);
INSERT INTO Order_Item (OrderItem_ID, Quantity, MenuItem_ID, Order_ID) VALUES (1294, 3, 2, 229);
INSERT INTO Order_Item (OrderItem_ID, Quantity, MenuItem_ID, Order_ID) VALUES (1295, 2, 12, 229);
INSERT INTO Order_Item (OrderItem_ID, Quantity, MenuItem_ID, Order_ID) VALUES (1296, 3, 30, 229);
INSERT INTO Order_Item (OrderItem_ID, Quantity, MenuItem_ID, Order_ID) VALUES (1297, 2, 38, 229);
INSERT INTO Payments (Payment_ID, Order_ID, PaymentMethod_ID, Transaction_ID, Amount, Payment_Status, Timestamp) VALUES (229, 229, 86, 'a9a14475-1958-4981-b01c-337e35b80aae', 136.56, 'Completed', '2025-01-18 02:32:30');
INSERT INTO Orders (Order_ID, Created_At, Delivery_time, Real_time_location, Special_Instructions, Status, OrderItem_Price, Taxes, Delivery_Fee, Customer_ID, Restaurant_ID, Personnel_ID, Delivery_Address_ID) VALUES (230, '2025-01-09 16:28:58', '2025-01-09 17:26:58', '43298 Brittany Harbors, Lake Cindy, OH 33920', 'High tough hundred bar effect.', 'Processing', 98.38, 7.87, 4.92, 42, 9, 13, 101);
INSERT INTO Order_Item (OrderItem_ID, Quantity, MenuItem_ID, Order_ID) VALUES (1298, 2, 36, 230);
INSERT INTO Order_Item (OrderItem_ID, Quantity, MenuItem_ID, Order_ID) VALUES (1299, 3, 25, 230);
INSERT INTO Order_Item (OrderItem_ID, Quantity, MenuItem_ID, Order_ID) VALUES (1300, 1, 3, 230);
INSERT INTO Order_Item (OrderItem_ID, Quantity, MenuItem_ID, Order_ID) VALUES (1301, 1, 50, 230);
INSERT INTO Order_Item (OrderItem_ID, Quantity, MenuItem_ID, Order_ID) VALUES (1302, 1, 11, 230);
INSERT INTO Order_Item (OrderItem_ID, Quantity, MenuItem_ID, Order_ID) VALUES (1303, 1, 22, 230);
INSERT INTO Order_Item (OrderItem_ID, Quantity, MenuItem_ID, Order_ID) VALUES (1304, 1, 37, 230);
INSERT INTO Payments (Payment_ID, Order_ID, PaymentMethod_ID, Transaction_ID, Amount, Payment_Status, Timestamp) VALUES (230, 230, 88, '24aba2a0-b1cb-4263-b0b0-e7296ce34d67', 111.17, 'Completed', '2025-01-09 17:26:58');
INSERT INTO Orders (Order_ID, Created_At, Delivery_time, Real_time_location, Special_Instructions, Status, OrderItem_Price, Taxes, Delivery_Fee, Customer_ID, Restaurant_ID, Personnel_ID, Delivery_Address_ID) VALUES (231, '2025-04-15 01:29:42', '2025-04-15 02:51:42', '359 Robert Drives Suite 660, North Joseph, DE 90151', 'Image forget become training sing chair something.', 'Processing', 110.78999999999999, 8.86, 4.51, 42, 5, 1, 103);
INSERT INTO Order_Item (OrderItem_ID, Quantity, MenuItem_ID, Order_ID) VALUES (1305, 1, 55, 231);
INSERT INTO Order_Item (OrderItem_ID, Quantity, MenuItem_ID, Order_ID) VALUES (1306, 1, 32, 231);
INSERT INTO Order_Item (OrderItem_ID, Quantity, MenuItem_ID, Order_ID) VALUES (1307, 1, 35, 231);
INSERT INTO Order_Item (OrderItem_ID, Quantity, MenuItem_ID, Order_ID) VALUES (1308, 1, 52, 231);
INSERT INTO Order_Item (OrderItem_ID, Quantity, MenuItem_ID, Order_ID) VALUES (1309, 1, 1, 231);
INSERT INTO Order_Item (OrderItem_ID, Quantity, MenuItem_ID, Order_ID) VALUES (1310, 3, 39, 231);
INSERT INTO Order_Item (OrderItem_ID, Quantity, MenuItem_ID, Order_ID) VALUES (1311, 2, 54, 231);
INSERT INTO Order_Item (OrderItem_ID, Quantity, MenuItem_ID, Order_ID) VALUES (1312, 1, 16, 231);
INSERT INTO Payments (Payment_ID, Order_ID, PaymentMethod_ID, Transaction_ID, Amount, Payment_Status, Timestamp) VALUES (231, 231, 86, '608d4b54-1913-4b90-8286-675d460db751', 124.16, 'Completed', '2025-04-15 02:51:42');
INSERT INTO Orders (Order_ID, Created_At, Delivery_time, Real_time_location, Special_Instructions, Status, OrderItem_Price, Taxes, Delivery_Fee, Customer_ID, Restaurant_ID, Personnel_ID, Delivery_Address_ID) VALUES (232, '2025-02-13 03:38:46', '2025-02-13 04:45:46', '28497 Allison Squares, Andreaville, AR 22881', 'Water hope generation scientist whose mother.', 'Processing', 100.68999999999998, 8.06, 3.82, 43, 10, 20, 104);
INSERT INTO Order_Item (OrderItem_ID, Quantity, MenuItem_ID, Order_ID) VALUES (1313, 2, 6, 232);
INSERT INTO Order_Item (OrderItem_ID, Quantity, MenuItem_ID, Order_ID) VALUES (1314, 1, 4, 232);
INSERT INTO Order_Item (OrderItem_ID, Quantity, MenuItem_ID, Order_ID) VALUES (1315, 1, 7, 232);
INSERT INTO Order_Item (OrderItem_ID, Quantity, MenuItem_ID, Order_ID) VALUES (1316, 2, 27, 232);
INSERT INTO Order_Item (OrderItem_ID, Quantity, MenuItem_ID, Order_ID) VALUES (1317, 2, 12, 232);
INSERT INTO Order_Item (OrderItem_ID, Quantity, MenuItem_ID, Order_ID) VALUES (1318, 2, 11, 232);
INSERT INTO Payments (Payment_ID, Order_ID, PaymentMethod_ID, Transaction_ID, Amount, Payment_Status, Timestamp) VALUES (232, 232, 90, '6714272a-d981-4a41-a1cc-233c9838d168', 112.57, 'Completed', '2025-02-13 04:45:46');
INSERT INTO Orders (Order_ID, Created_At, Delivery_time, Real_time_location, Special_Instructions, Status, OrderItem_Price, Taxes, Delivery_Fee, Customer_ID, Restaurant_ID, Personnel_ID, Delivery_Address_ID) VALUES (233, '2025-04-03 14:20:14', '2025-04-03 15:30:14', '82226 Brown Stream Suite 396, Whitestad, NH 66329', 'Every into walk thing sport.', 'Processing', 49.400000000000006, 3.95, 4.29, 44, 7, 18, 105);
INSERT INTO Order_Item (OrderItem_ID, Quantity, MenuItem_ID, Order_ID) VALUES (1319, 3, 31, 233);
INSERT INTO Order_Item (OrderItem_ID, Quantity, MenuItem_ID, Order_ID) VALUES (1320, 1, 9, 233);
INSERT INTO Order_Item (OrderItem_ID, Quantity, MenuItem_ID, Order_ID) VALUES (1321, 2, 8, 233);
INSERT INTO Order_Item (OrderItem_ID, Quantity, MenuItem_ID, Order_ID) VALUES (1322, 3, 45, 233);
INSERT INTO Order_Item (OrderItem_ID, Quantity, MenuItem_ID, Order_ID) VALUES (1323, 3, 18, 233);
INSERT INTO Payments (Payment_ID, Order_ID, PaymentMethod_ID, Transaction_ID, Amount, Payment_Status, Timestamp) VALUES (233, 233, 93, '1641d960-dba0-4dec-a2b8-fdcc4e20c377', 57.64, 'Completed', '2025-04-03 15:30:14');
INSERT INTO Orders (Order_ID, Created_At, Delivery_time, Real_time_location, Special_Instructions, Status, OrderItem_Price, Taxes, Delivery_Fee, Customer_ID, Restaurant_ID, Personnel_ID, Delivery_Address_ID) VALUES (234, '2025-03-01 08:29:09', '2025-03-01 09:13:09', '11312 Christopher Heights Suite 068, South Tyler, TX 70284', 'If pattern treat second.', 'Processing', 87.91, 7.03, 5.53, 44, 5, 14, 106);
INSERT INTO Order_Item (OrderItem_ID, Quantity, MenuItem_ID, Order_ID) VALUES (1324, 3, 34, 234);
INSERT INTO Order_Item (OrderItem_ID, Quantity, MenuItem_ID, Order_ID) VALUES (1325, 2, 37, 234);
INSERT INTO Order_Item (OrderItem_ID, Quantity, MenuItem_ID, Order_ID) VALUES (1326, 1, 40, 234);
INSERT INTO Order_Item (OrderItem_ID, Quantity, MenuItem_ID, Order_ID) VALUES (1327, 1, 23, 234);
INSERT INTO Order_Item (OrderItem_ID, Quantity, MenuItem_ID, Order_ID) VALUES (1328, 1, 9, 234);
INSERT INTO Payments (Payment_ID, Order_ID, PaymentMethod_ID, Transaction_ID, Amount, Payment_Status, Timestamp) VALUES (234, 234, 91, '88c982ec-b3dd-4cfb-accb-6ae1b6d331ca', 100.47, 'Completed', '2025-03-01 09:13:09');
INSERT INTO Orders (Order_ID, Created_At, Delivery_time, Real_time_location, Special_Instructions, Status, OrderItem_Price, Taxes, Delivery_Fee, Customer_ID, Restaurant_ID, Personnel_ID, Delivery_Address_ID) VALUES (235, '2025-03-09 00:05:56', '2025-03-09 00:56:56', '728 Gregory Lakes, New Michael, NE 65448', 'Color wide full quickly story surface.', 'Processing', 100.41000000000001, 8.03, 2.46, 45, 2, 7, 108);
INSERT INTO Order_Item (OrderItem_ID, Quantity, MenuItem_ID, Order_ID) VALUES (1329, 2, 3, 235);
INSERT INTO Order_Item (OrderItem_ID, Quantity, MenuItem_ID, Order_ID) VALUES (1330, 2, 22, 235);
INSERT INTO Order_Item (OrderItem_ID, Quantity, MenuItem_ID, Order_ID) VALUES (1331, 3, 23, 235);
INSERT INTO Order_Item (OrderItem_ID, Quantity, MenuItem_ID, Order_ID) VALUES (1332, 3, 36, 235);
INSERT INTO Order_Item (OrderItem_ID, Quantity, MenuItem_ID, Order_ID) VALUES (1333, 3, 41, 235);
INSERT INTO Order_Item (OrderItem_ID, Quantity, MenuItem_ID, Order_ID) VALUES (1334, 1, 14, 235);
INSERT INTO Order_Item (OrderItem_ID, Quantity, MenuItem_ID, Order_ID) VALUES (1335, 1, 1, 235);
INSERT INTO Payments (Payment_ID, Order_ID, PaymentMethod_ID, Transaction_ID, Amount, Payment_Status, Timestamp) VALUES (235, 235, 94, '4c96edc2-4a41-4ed8-9e2c-6d4bdb992f51', 110.9, 'Completed', '2025-03-09 00:56:56');
INSERT INTO Orders (Order_ID, Created_At, Delivery_time, Real_time_location, Special_Instructions, Status, OrderItem_Price, Taxes, Delivery_Fee, Customer_ID, Restaurant_ID, Personnel_ID, Delivery_Address_ID) VALUES (236, '2025-04-04 19:31:27', '2025-04-04 20:21:27', '96348 Savannah River, Browntown, NH 43564', 'Government accept three control great.', 'Processing', 136.78, 10.94, 4.9, 45, 6, 11, 108);
INSERT INTO Order_Item (OrderItem_ID, Quantity, MenuItem_ID, Order_ID) VALUES (1336, 3, 52, 236);
INSERT INTO Order_Item (OrderItem_ID, Quantity, MenuItem_ID, Order_ID) VALUES (1337, 3, 3, 236);
INSERT INTO Order_Item (OrderItem_ID, Quantity, MenuItem_ID, Order_ID) VALUES (1338, 1, 42, 236);
INSERT INTO Order_Item (OrderItem_ID, Quantity, MenuItem_ID, Order_ID) VALUES (1339, 1, 9, 236);
INSERT INTO Order_Item (OrderItem_ID, Quantity, MenuItem_ID, Order_ID) VALUES (1340, 3, 31, 236);
INSERT INTO Order_Item (OrderItem_ID, Quantity, MenuItem_ID, Order_ID) VALUES (1341, 3, 10, 236);
INSERT INTO Order_Item (OrderItem_ID, Quantity, MenuItem_ID, Order_ID) VALUES (1342, 2, 41, 236);
INSERT INTO Order_Item (OrderItem_ID, Quantity, MenuItem_ID, Order_ID) VALUES (1343, 2, 30, 236);
INSERT INTO Payments (Payment_ID, Order_ID, PaymentMethod_ID, Transaction_ID, Amount, Payment_Status, Timestamp) VALUES (236, 236, 94, '329245ba-7df6-4c1d-ae49-28ac19f145cc', 152.62, 'Completed', '2025-04-04 20:21:27');
INSERT INTO Orders (Order_ID, Created_At, Delivery_time, Real_time_location, Special_Instructions, Status, OrderItem_Price, Taxes, Delivery_Fee, Customer_ID, Restaurant_ID, Personnel_ID, Delivery_Address_ID) VALUES (237, '2025-01-17 10:56:04', '2025-01-17 11:52:04', '1702 Perez Locks, Kevinchester, HI 70811', 'Board just style class government.', 'Processing', 102.41, 8.19, 2.13, 45, 3, 9, 107);
INSERT INTO Order_Item (OrderItem_ID, Quantity, MenuItem_ID, Order_ID) VALUES (1344, 1, 25, 237);
INSERT INTO Order_Item (OrderItem_ID, Quantity, MenuItem_ID, Order_ID) VALUES (1345, 2, 41, 237);
INSERT INTO Order_Item (OrderItem_ID, Quantity, MenuItem_ID, Order_ID) VALUES (1346, 1, 35, 237);
INSERT INTO Order_Item (OrderItem_ID, Quantity, MenuItem_ID, Order_ID) VALUES (1347, 2, 11, 237);
INSERT INTO Order_Item (OrderItem_ID, Quantity, MenuItem_ID, Order_ID) VALUES (1348, 2, 37, 237);
INSERT INTO Order_Item (OrderItem_ID, Quantity, MenuItem_ID, Order_ID) VALUES (1349, 2, 39, 237);
INSERT INTO Payments (Payment_ID, Order_ID, PaymentMethod_ID, Transaction_ID, Amount, Payment_Status, Timestamp) VALUES (237, 237, 94, 'e2320dc9-5bf6-406d-817c-c74e6f180343', 112.73, 'Completed', '2025-01-17 11:52:04');
INSERT INTO Orders (Order_ID, Created_At, Delivery_time, Real_time_location, Special_Instructions, Status, OrderItem_Price, Taxes, Delivery_Fee, Customer_ID, Restaurant_ID, Personnel_ID, Delivery_Address_ID) VALUES (238, '2025-05-18 17:12:07', '2025-05-18 18:14:07', '0266 Santana Estates, South Susan, DE 55694', 'Nearly son research foot share think maybe.', 'Processing', 14.79, 1.18, 2.37, 45, 9, 10, 107);
INSERT INTO Order_Item (OrderItem_ID, Quantity, MenuItem_ID, Order_ID) VALUES (1350, 1, 24, 238);
INSERT INTO Order_Item (OrderItem_ID, Quantity, MenuItem_ID, Order_ID) VALUES (1351, 2, 51, 238);
INSERT INTO Payments (Payment_ID, Order_ID, PaymentMethod_ID, Transaction_ID, Amount, Payment_Status, Timestamp) VALUES (238, 238, 94, 'd35d1936-d7d2-488f-bdec-b67aec6e8294', 18.34, 'Completed', '2025-05-18 18:14:07');
INSERT INTO Orders (Order_ID, Created_At, Delivery_time, Real_time_location, Special_Instructions, Status, OrderItem_Price, Taxes, Delivery_Fee, Customer_ID, Restaurant_ID, Personnel_ID, Delivery_Address_ID) VALUES (239, '2025-03-17 12:09:55', '2025-03-17 13:35:55', '22580 Brett Village, Russelltown, NJ 38441', 'Magazine set easy check memory.', 'Processing', 118.69999999999999, 9.5, 3.33, 45, 4, 11, 108);
INSERT INTO Order_Item (OrderItem_ID, Quantity, MenuItem_ID, Order_ID) VALUES (1352, 1, 20, 239);
INSERT INTO Order_Item (OrderItem_ID, Quantity, MenuItem_ID, Order_ID) VALUES (1353, 1, 50, 239);
INSERT INTO Order_Item (OrderItem_ID, Quantity, MenuItem_ID, Order_ID) VALUES (1354, 3, 21, 239);
INSERT INTO Order_Item (OrderItem_ID, Quantity, MenuItem_ID, Order_ID) VALUES (1355, 3, 10, 239);
INSERT INTO Order_Item (OrderItem_ID, Quantity, MenuItem_ID, Order_ID) VALUES (1356, 3, 54, 239);
INSERT INTO Order_Item (OrderItem_ID, Quantity, MenuItem_ID, Order_ID) VALUES (1357, 2, 7, 239);
INSERT INTO Order_Item (OrderItem_ID, Quantity, MenuItem_ID, Order_ID) VALUES (1358, 1, 34, 239);
INSERT INTO Order_Item (OrderItem_ID, Quantity, MenuItem_ID, Order_ID) VALUES (1359, 3, 44, 239);
INSERT INTO Order_Item (OrderItem_ID, Quantity, MenuItem_ID, Order_ID) VALUES (1360, 2, 9, 239);
INSERT INTO Payments (Payment_ID, Order_ID, PaymentMethod_ID, Transaction_ID, Amount, Payment_Status, Timestamp) VALUES (239, 239, 94, '1d71f339-c448-42af-87f8-b6f13fdd0e2b', 131.53, 'Completed', '2025-03-17 13:35:55');
INSERT INTO Orders (Order_ID, Created_At, Delivery_time, Real_time_location, Special_Instructions, Status, OrderItem_Price, Taxes, Delivery_Fee, Customer_ID, Restaurant_ID, Personnel_ID, Delivery_Address_ID) VALUES (240, '2025-02-21 04:08:31', '2025-02-21 04:44:31', 'Unit 3637 Box 1892, DPO AE 77990', 'Play director car although wrong upon international pattern.', 'Processing', 68.48, 5.48, 4.24, 45, 6, 7, 107);
INSERT INTO Order_Item (OrderItem_ID, Quantity, MenuItem_ID, Order_ID) VALUES (1361, 1, 18, 240);
INSERT INTO Order_Item (OrderItem_ID, Quantity, MenuItem_ID, Order_ID) VALUES (1362, 3, 35, 240);
INSERT INTO Order_Item (OrderItem_ID, Quantity, MenuItem_ID, Order_ID) VALUES (1363, 2, 21, 240);
INSERT INTO Order_Item (OrderItem_ID, Quantity, MenuItem_ID, Order_ID) VALUES (1364, 3, 50, 240);
INSERT INTO Order_Item (OrderItem_ID, Quantity, MenuItem_ID, Order_ID) VALUES (1365, 2, 29, 240);
INSERT INTO Payments (Payment_ID, Order_ID, PaymentMethod_ID, Transaction_ID, Amount, Payment_Status, Timestamp) VALUES (240, 240, 95, '615eca80-0d0b-4920-9d46-0c9117478b5c', 78.2, 'Completed', '2025-02-21 04:44:31');
INSERT INTO Orders (Order_ID, Created_At, Delivery_time, Real_time_location, Special_Instructions, Status, OrderItem_Price, Taxes, Delivery_Fee, Customer_ID, Restaurant_ID, Personnel_ID, Delivery_Address_ID) VALUES (241, '2025-03-21 02:08:32', '2025-03-21 03:35:32', '56708 Schneider Hollow, West Michaelstad, MT 32871', 'Time consider a produce focus experience.', 'Processing', 44.66, 3.57, 2.12, 45, 3, 10, 107);
INSERT INTO Order_Item (OrderItem_ID, Quantity, MenuItem_ID, Order_ID) VALUES (1366, 3, 5, 241);
INSERT INTO Order_Item (OrderItem_ID, Quantity, MenuItem_ID, Order_ID) VALUES (1367, 1, 20, 241);
INSERT INTO Order_Item (OrderItem_ID, Quantity, MenuItem_ID, Order_ID) VALUES (1368, 1, 40, 241);
INSERT INTO Payments (Payment_ID, Order_ID, PaymentMethod_ID, Transaction_ID, Amount, Payment_Status, Timestamp) VALUES (241, 241, 95, '19cb84c8-9b45-43bc-a892-464d47b885fa', 50.35, 'Completed', '2025-03-21 03:35:32');
INSERT INTO Orders (Order_ID, Created_At, Delivery_time, Real_time_location, Special_Instructions, Status, OrderItem_Price, Taxes, Delivery_Fee, Customer_ID, Restaurant_ID, Personnel_ID, Delivery_Address_ID) VALUES (242, '2025-03-25 16:10:28', '2025-03-25 17:28:28', '5411 Felicia Trail Apt. 555, Johnview, OR 50839', 'Thought candidate sea build.', 'Processing', 94.57, 7.57, 5.69, 45, 1, 3, 108);
INSERT INTO Order_Item (OrderItem_ID, Quantity, MenuItem_ID, Order_ID) VALUES (1369, 2, 12, 242);
INSERT INTO Order_Item (OrderItem_ID, Quantity, MenuItem_ID, Order_ID) VALUES (1370, 3, 46, 242);
INSERT INTO Order_Item (OrderItem_ID, Quantity, MenuItem_ID, Order_ID) VALUES (1371, 1, 39, 242);
INSERT INTO Order_Item (OrderItem_ID, Quantity, MenuItem_ID, Order_ID) VALUES (1372, 1, 38, 242);
INSERT INTO Order_Item (OrderItem_ID, Quantity, MenuItem_ID, Order_ID) VALUES (1373, 3, 41, 242);
INSERT INTO Order_Item (OrderItem_ID, Quantity, MenuItem_ID, Order_ID) VALUES (1374, 2, 45, 242);
INSERT INTO Order_Item (OrderItem_ID, Quantity, MenuItem_ID, Order_ID) VALUES (1375, 1, 50, 242);
INSERT INTO Payments (Payment_ID, Order_ID, PaymentMethod_ID, Transaction_ID, Amount, Payment_Status, Timestamp) VALUES (242, 242, 95, 'e250891a-e984-4baa-b7e4-7c8c9628e429', 107.83, 'Completed', '2025-03-25 17:28:28');
INSERT INTO Orders (Order_ID, Created_At, Delivery_time, Real_time_location, Special_Instructions, Status, OrderItem_Price, Taxes, Delivery_Fee, Customer_ID, Restaurant_ID, Personnel_ID, Delivery_Address_ID) VALUES (243, '2025-05-08 01:30:57', '2025-05-08 02:29:57', '711 Turner Mountains, New Jennifer, DC 25628', 'Nearly education theory table trade window.', 'Processing', 70.91, 5.67, 5.53, 46, 8, 16, 109);
INSERT INTO Order_Item (OrderItem_ID, Quantity, MenuItem_ID, Order_ID) VALUES (1376, 2, 10, 243);
INSERT INTO Order_Item (OrderItem_ID, Quantity, MenuItem_ID, Order_ID) VALUES (1377, 1, 40, 243);
INSERT INTO Order_Item (OrderItem_ID, Quantity, MenuItem_ID, Order_ID) VALUES (1378, 1, 17, 243);
INSERT INTO Order_Item (OrderItem_ID, Quantity, MenuItem_ID, Order_ID) VALUES (1379, 2, 24, 243);
INSERT INTO Payments (Payment_ID, Order_ID, PaymentMethod_ID, Transaction_ID, Amount, Payment_Status, Timestamp) VALUES (243, 243, 96, 'a13ecf15-72cf-4b0e-9db2-f6cee5190530', 82.11, 'Completed', '2025-05-08 02:29:57');
INSERT INTO Orders (Order_ID, Created_At, Delivery_time, Real_time_location, Special_Instructions, Status, OrderItem_Price, Taxes, Delivery_Fee, Customer_ID, Restaurant_ID, Personnel_ID, Delivery_Address_ID) VALUES (244, '2025-05-20 06:58:51', '2025-05-20 08:18:51', '76880 Carol Square Apt. 409, Port Teresaborough, MO 65385', 'That will close seek his single husband.', 'Processing', 31.7, 2.54, 5.27, 46, 6, 16, 109);
INSERT INTO Order_Item (OrderItem_ID, Quantity, MenuItem_ID, Order_ID) VALUES (1380, 1, 19, 244);
INSERT INTO Order_Item (OrderItem_ID, Quantity, MenuItem_ID, Order_ID) VALUES (1381, 2, 50, 244);
INSERT INTO Order_Item (OrderItem_ID, Quantity, MenuItem_ID, Order_ID) VALUES (1382, 3, 23, 244);
INSERT INTO Payments (Payment_ID, Order_ID, PaymentMethod_ID, Transaction_ID, Amount, Payment_Status, Timestamp) VALUES (244, 244, 96, '00ebf725-2f1e-48dc-b4f9-02b74580a4ae', 39.51, 'Completed', '2025-05-20 08:18:51');
INSERT INTO Orders (Order_ID, Created_At, Delivery_time, Real_time_location, Special_Instructions, Status, OrderItem_Price, Taxes, Delivery_Fee, Customer_ID, Restaurant_ID, Personnel_ID, Delivery_Address_ID) VALUES (245, '2025-02-01 01:40:05', '2025-02-01 02:44:05', '788 Turner Forges, Jeanetteside, GA 29851', 'Move factor policy.', 'Processing', 121.47, 9.72, 5.15, 46, 5, 18, 109);
INSERT INTO Order_Item (OrderItem_ID, Quantity, MenuItem_ID, Order_ID) VALUES (1383, 3, 38, 245);
INSERT INTO Order_Item (OrderItem_ID, Quantity, MenuItem_ID, Order_ID) VALUES (1384, 1, 27, 245);
INSERT INTO Order_Item (OrderItem_ID, Quantity, MenuItem_ID, Order_ID) VALUES (1385, 1, 16, 245);
INSERT INTO Order_Item (OrderItem_ID, Quantity, MenuItem_ID, Order_ID) VALUES (1386, 3, 40, 245);
INSERT INTO Order_Item (OrderItem_ID, Quantity, MenuItem_ID, Order_ID) VALUES (1387, 3, 53, 245);
INSERT INTO Order_Item (OrderItem_ID, Quantity, MenuItem_ID, Order_ID) VALUES (1388, 1, 36, 245);
INSERT INTO Order_Item (OrderItem_ID, Quantity, MenuItem_ID, Order_ID) VALUES (1389, 3, 11, 245);
INSERT INTO Payments (Payment_ID, Order_ID, PaymentMethod_ID, Transaction_ID, Amount, Payment_Status, Timestamp) VALUES (245, 245, 96, 'ed601f49-471b-4cc7-a233-c597f129ed2f', 136.34, 'Completed', '2025-02-01 02:44:05');
INSERT INTO Orders (Order_ID, Created_At, Delivery_time, Real_time_location, Special_Instructions, Status, OrderItem_Price, Taxes, Delivery_Fee, Customer_ID, Restaurant_ID, Personnel_ID, Delivery_Address_ID) VALUES (246, '2025-01-26 19:41:29', '2025-01-26 20:53:29', '338 Aaron Key, Markside, VA 18013', 'Together far world personal action green.', 'Processing', 91.97, 7.36, 3.98, 46, 2, 19, 109);
INSERT INTO Order_Item (OrderItem_ID, Quantity, MenuItem_ID, Order_ID) VALUES (1390, 1, 36, 246);
INSERT INTO Order_Item (OrderItem_ID, Quantity, MenuItem_ID, Order_ID) VALUES (1391, 1, 7, 246);
INSERT INTO Order_Item (OrderItem_ID, Quantity, MenuItem_ID, Order_ID) VALUES (1392, 1, 53, 246);
INSERT INTO Order_Item (OrderItem_ID, Quantity, MenuItem_ID, Order_ID) VALUES (1393, 1, 29, 246);
INSERT INTO Order_Item (OrderItem_ID, Quantity, MenuItem_ID, Order_ID) VALUES (1394, 3, 12, 246);
INSERT INTO Order_Item (OrderItem_ID, Quantity, MenuItem_ID, Order_ID) VALUES (1395, 3, 20, 246);
INSERT INTO Payments (Payment_ID, Order_ID, PaymentMethod_ID, Transaction_ID, Amount, Payment_Status, Timestamp) VALUES (246, 246, 96, '2d3e854b-4799-404b-b719-25aebb0084fa', 103.31, 'Completed', '2025-01-26 20:53:29');
INSERT INTO Orders (Order_ID, Created_At, Delivery_time, Real_time_location, Special_Instructions, Status, OrderItem_Price, Taxes, Delivery_Fee, Customer_ID, Restaurant_ID, Personnel_ID, Delivery_Address_ID) VALUES (247, '2025-02-19 16:59:12', '2025-02-19 18:01:12', 'Unit 8916 Box 4983, DPO AA 29420', 'Environmental ok space send choose discussion.', 'Processing', 181.69000000000003, 14.54, 4.45, 46, 3, 5, 109);
INSERT INTO Order_Item (OrderItem_ID, Quantity, MenuItem_ID, Order_ID) VALUES (1396, 2, 19, 247);
INSERT INTO Order_Item (OrderItem_ID, Quantity, MenuItem_ID, Order_ID) VALUES (1397, 1, 25, 247);
INSERT INTO Order_Item (OrderItem_ID, Quantity, MenuItem_ID, Order_ID) VALUES (1398, 2, 40, 247);
INSERT INTO Order_Item (OrderItem_ID, Quantity, MenuItem_ID, Order_ID) VALUES (1399, 1, 37, 247);
INSERT INTO Order_Item (OrderItem_ID, Quantity, MenuItem_ID, Order_ID) VALUES (1400, 2, 29, 247);
INSERT INTO Order_Item (OrderItem_ID, Quantity, MenuItem_ID, Order_ID) VALUES (1401, 3, 13, 247);
INSERT INTO Order_Item (OrderItem_ID, Quantity, MenuItem_ID, Order_ID) VALUES (1402, 1, 14, 247);
INSERT INTO Order_Item (OrderItem_ID, Quantity, MenuItem_ID, Order_ID) VALUES (1403, 1, 44, 247);
INSERT INTO Order_Item (OrderItem_ID, Quantity, MenuItem_ID, Order_ID) VALUES (1404, 3, 21, 247);
INSERT INTO Payments (Payment_ID, Order_ID, PaymentMethod_ID, Transaction_ID, Amount, Payment_Status, Timestamp) VALUES (247, 247, 96, '25f93ab9-5e5f-410c-af14-4dc6b9ede33f', 200.68, 'Completed', '2025-02-19 18:01:12');
INSERT INTO Orders (Order_ID, Created_At, Delivery_time, Real_time_location, Special_Instructions, Status, OrderItem_Price, Taxes, Delivery_Fee, Customer_ID, Restaurant_ID, Personnel_ID, Delivery_Address_ID) VALUES (248, '2025-04-04 00:20:02', '2025-04-04 01:16:02', '2239 Harding Falls, Andrewburgh, HI 52169', 'Could century interview lawyer population I right case.', 'Processing', 90.27000000000001, 7.22, 3.44, 47, 5, 1, 110);
INSERT INTO Order_Item (OrderItem_ID, Quantity, MenuItem_ID, Order_ID) VALUES (1405, 1, 45, 248);
INSERT INTO Order_Item (OrderItem_ID, Quantity, MenuItem_ID, Order_ID) VALUES (1406, 2, 38, 248);
INSERT INTO Order_Item (OrderItem_ID, Quantity, MenuItem_ID, Order_ID) VALUES (1407, 3, 26, 248);
INSERT INTO Order_Item (OrderItem_ID, Quantity, MenuItem_ID, Order_ID) VALUES (1408, 1, 41, 248);
INSERT INTO Order_Item (OrderItem_ID, Quantity, MenuItem_ID, Order_ID) VALUES (1409, 1, 21, 248);
INSERT INTO Order_Item (OrderItem_ID, Quantity, MenuItem_ID, Order_ID) VALUES (1410, 1, 46, 248);
INSERT INTO Order_Item (OrderItem_ID, Quantity, MenuItem_ID, Order_ID) VALUES (1411, 1, 25, 248);
INSERT INTO Payments (Payment_ID, Order_ID, PaymentMethod_ID, Transaction_ID, Amount, Payment_Status, Timestamp) VALUES (248, 248, 97, '9a7171aa-0304-42b3-8ed8-9c97c01d1c62', 100.93, 'Completed', '2025-04-04 01:16:02');
INSERT INTO Orders (Order_ID, Created_At, Delivery_time, Real_time_location, Special_Instructions, Status, OrderItem_Price, Taxes, Delivery_Fee, Customer_ID, Restaurant_ID, Personnel_ID, Delivery_Address_ID) VALUES (249, '2025-01-20 08:46:30', '2025-01-20 09:54:30', '00231 Thomas Road, Port Tammyville, WA 44854', 'Dark lose none know.', 'Processing', 96.54, 7.72, 2.74, 47, 3, 16, 112);
INSERT INTO Order_Item (OrderItem_ID, Quantity, MenuItem_ID, Order_ID) VALUES (1412, 1, 9, 249);
INSERT INTO Order_Item (OrderItem_ID, Quantity, MenuItem_ID, Order_ID) VALUES (1413, 3, 6, 249);
INSERT INTO Order_Item (OrderItem_ID, Quantity, MenuItem_ID, Order_ID) VALUES (1414, 2, 55, 249);
INSERT INTO Order_Item (OrderItem_ID, Quantity, MenuItem_ID, Order_ID) VALUES (1415, 3, 42, 249);
INSERT INTO Order_Item (OrderItem_ID, Quantity, MenuItem_ID, Order_ID) VALUES (1416, 1, 27, 249);
INSERT INTO Order_Item (OrderItem_ID, Quantity, MenuItem_ID, Order_ID) VALUES (1417, 3, 30, 249);
INSERT INTO Order_Item (OrderItem_ID, Quantity, MenuItem_ID, Order_ID) VALUES (1418, 3, 45, 249);
INSERT INTO Payments (Payment_ID, Order_ID, PaymentMethod_ID, Transaction_ID, Amount, Payment_Status, Timestamp) VALUES (249, 249, 97, '7a99bd76-54ed-4b70-8eb0-c86629c3d598', 107.0, 'Completed', '2025-01-20 09:54:30');
INSERT INTO Orders (Order_ID, Created_At, Delivery_time, Real_time_location, Special_Instructions, Status, OrderItem_Price, Taxes, Delivery_Fee, Customer_ID, Restaurant_ID, Personnel_ID, Delivery_Address_ID) VALUES (250, '2025-01-31 00:05:03', '2025-01-31 00:42:03', '810 Curtis Hill Apt. 862, East Andrewchester, FL 46810', 'Difficult these his this state.', 'Processing', 16.36, 1.31, 4.82, 48, 9, 19, 113);
INSERT INTO Order_Item (OrderItem_ID, Quantity, MenuItem_ID, Order_ID) VALUES (1419, 3, 3, 250);
INSERT INTO Payments (Payment_ID, Order_ID, PaymentMethod_ID, Transaction_ID, Amount, Payment_Status, Timestamp) VALUES (250, 250, 99, 'fda2f9a0-2b68-48e3-bde7-f41a1cc6d08a', 22.49, 'Completed', '2025-01-31 00:42:03');
INSERT INTO Orders (Order_ID, Created_At, Delivery_time, Real_time_location, Special_Instructions, Status, OrderItem_Price, Taxes, Delivery_Fee, Customer_ID, Restaurant_ID, Personnel_ID, Delivery_Address_ID) VALUES (251, '2025-01-22 09:16:09', '2025-01-22 10:16:09', '1951 Mclean Corner Apt. 922, Morenoburgh, NE 20190', 'Person expert then even material.', 'Processing', 118.41000000000003, 9.47, 5.11, 48, 2, 5, 113);
INSERT INTO Order_Item (OrderItem_ID, Quantity, MenuItem_ID, Order_ID) VALUES (1420, 2, 34, 251);
INSERT INTO Order_Item (OrderItem_ID, Quantity, MenuItem_ID, Order_ID) VALUES (1421, 3, 6, 251);
INSERT INTO Order_Item (OrderItem_ID, Quantity, MenuItem_ID, Order_ID) VALUES (1422, 2, 55, 251);
INSERT INTO Order_Item (OrderItem_ID, Quantity, MenuItem_ID, Order_ID) VALUES (1423, 3, 40, 251);
INSERT INTO Order_Item (OrderItem_ID, Quantity, MenuItem_ID, Order_ID) VALUES (1424, 3, 54, 251);
INSERT INTO Order_Item (OrderItem_ID, Quantity, MenuItem_ID, Order_ID) VALUES (1425, 2, 16, 251);
INSERT INTO Order_Item (OrderItem_ID, Quantity, MenuItem_ID, Order_ID) VALUES (1426, 2, 31, 251);
INSERT INTO Order_Item (OrderItem_ID, Quantity, MenuItem_ID, Order_ID) VALUES (1427, 2, 41, 251);
INSERT INTO Payments (Payment_ID, Order_ID, PaymentMethod_ID, Transaction_ID, Amount, Payment_Status, Timestamp) VALUES (251, 251, 99, 'cf8b4eb2-43f1-4176-aed1-58095e7e2813', 132.99, 'Completed', '2025-01-22 10:16:09');
INSERT INTO Orders (Order_ID, Created_At, Delivery_time, Real_time_location, Special_Instructions, Status, OrderItem_Price, Taxes, Delivery_Fee, Customer_ID, Restaurant_ID, Personnel_ID, Delivery_Address_ID) VALUES (252, '2025-05-19 02:55:45', '2025-05-19 03:42:45', '25267 Briggs Creek, Moyerview, CO 42844', 'Consider his floor interest.', 'Processing', 142.98000000000002, 11.44, 2.53, 48, 5, 6, 113);
INSERT INTO Order_Item (OrderItem_ID, Quantity, MenuItem_ID, Order_ID) VALUES (1428, 2, 48, 252);
INSERT INTO Order_Item (OrderItem_ID, Quantity, MenuItem_ID, Order_ID) VALUES (1429, 2, 20, 252);
INSERT INTO Order_Item (OrderItem_ID, Quantity, MenuItem_ID, Order_ID) VALUES (1430, 1, 47, 252);
INSERT INTO Order_Item (OrderItem_ID, Quantity, MenuItem_ID, Order_ID) VALUES (1431, 3, 51, 252);
INSERT INTO Order_Item (OrderItem_ID, Quantity, MenuItem_ID, Order_ID) VALUES (1432, 1, 37, 252);
INSERT INTO Order_Item (OrderItem_ID, Quantity, MenuItem_ID, Order_ID) VALUES (1433, 3, 17, 252);
INSERT INTO Order_Item (OrderItem_ID, Quantity, MenuItem_ID, Order_ID) VALUES (1434, 1, 4, 252);
INSERT INTO Order_Item (OrderItem_ID, Quantity, MenuItem_ID, Order_ID) VALUES (1435, 3, 41, 252);
INSERT INTO Order_Item (OrderItem_ID, Quantity, MenuItem_ID, Order_ID) VALUES (1436, 3, 31, 252);
INSERT INTO Order_Item (OrderItem_ID, Quantity, MenuItem_ID, Order_ID) VALUES (1437, 1, 38, 252);
INSERT INTO Payments (Payment_ID, Order_ID, PaymentMethod_ID, Transaction_ID, Amount, Payment_Status, Timestamp) VALUES (252, 252, 99, '9a0bd63d-69f8-41b0-b90c-9f84b184071c', 156.95, 'Completed', '2025-05-19 03:42:45');
INSERT INTO Orders (Order_ID, Created_At, Delivery_time, Real_time_location, Special_Instructions, Status, OrderItem_Price, Taxes, Delivery_Fee, Customer_ID, Restaurant_ID, Personnel_ID, Delivery_Address_ID) VALUES (253, '2025-05-04 14:47:25', '2025-05-04 15:26:25', '6878 Patel View, South Christopher, MT 69568', 'Since specific despite beautiful gun data sure.', 'Processing', 48.68999999999999, 3.9, 5.74, 48, 6, 6, 113);
INSERT INTO Order_Item (OrderItem_ID, Quantity, MenuItem_ID, Order_ID) VALUES (1438, 2, 32, 253);
INSERT INTO Order_Item (OrderItem_ID, Quantity, MenuItem_ID, Order_ID) VALUES (1439, 2, 12, 253);
INSERT INTO Order_Item (OrderItem_ID, Quantity, MenuItem_ID, Order_ID) VALUES (1440, 2, 52, 253);
INSERT INTO Order_Item (OrderItem_ID, Quantity, MenuItem_ID, Order_ID) VALUES (1441, 1, 34, 253);
INSERT INTO Payments (Payment_ID, Order_ID, PaymentMethod_ID, Transaction_ID, Amount, Payment_Status, Timestamp) VALUES (253, 253, 99, 'f5264ea2-7953-4cb7-8ef1-a1145cc624ef', 58.33, 'Completed', '2025-05-04 15:26:25');
INSERT INTO Orders (Order_ID, Created_At, Delivery_time, Real_time_location, Special_Instructions, Status, OrderItem_Price, Taxes, Delivery_Fee, Customer_ID, Restaurant_ID, Personnel_ID, Delivery_Address_ID) VALUES (254, '2025-01-26 22:35:13', '2025-01-26 23:08:13', 'PSC 0552, Box 4728, APO AA 32285', 'Still argue case while region.', 'Processing', 10.29, 0.82, 5.28, 48, 3, 7, 113);
INSERT INTO Order_Item (OrderItem_ID, Quantity, MenuItem_ID, Order_ID) VALUES (1442, 1, 42, 254);
INSERT INTO Payments (Payment_ID, Order_ID, PaymentMethod_ID, Transaction_ID, Amount, Payment_Status, Timestamp) VALUES (254, 254, 99, 'b2351615-06be-4b4a-bbab-3b0e60a1451d', 16.39, 'Completed', '2025-01-26 23:08:13');
INSERT INTO Orders (Order_ID, Created_At, Delivery_time, Real_time_location, Special_Instructions, Status, OrderItem_Price, Taxes, Delivery_Fee, Customer_ID, Restaurant_ID, Personnel_ID, Delivery_Address_ID) VALUES (255, '2025-03-24 11:17:10', '2025-03-24 11:49:10', '917 Anthony Lakes, North John, OK 55091', 'She like cell month.', 'Processing', 130.37, 10.43, 4.73, 48, 7, 16, 113);
INSERT INTO Order_Item (OrderItem_ID, Quantity, MenuItem_ID, Order_ID) VALUES (1443, 1, 48, 255);
INSERT INTO Order_Item (OrderItem_ID, Quantity, MenuItem_ID, Order_ID) VALUES (1444, 3, 49, 255);
INSERT INTO Order_Item (OrderItem_ID, Quantity, MenuItem_ID, Order_ID) VALUES (1445, 3, 35, 255);
INSERT INTO Order_Item (OrderItem_ID, Quantity, MenuItem_ID, Order_ID) VALUES (1446, 2, 15, 255);
INSERT INTO Order_Item (OrderItem_ID, Quantity, MenuItem_ID, Order_ID) VALUES (1447, 2, 25, 255);
INSERT INTO Order_Item (OrderItem_ID, Quantity, MenuItem_ID, Order_ID) VALUES (1448, 3, 44, 255);
INSERT INTO Order_Item (OrderItem_ID, Quantity, MenuItem_ID, Order_ID) VALUES (1449, 3, 46, 255);
INSERT INTO Order_Item (OrderItem_ID, Quantity, MenuItem_ID, Order_ID) VALUES (1450, 2, 51, 255);
INSERT INTO Payments (Payment_ID, Order_ID, PaymentMethod_ID, Transaction_ID, Amount, Payment_Status, Timestamp) VALUES (255, 255, 99, '69598983-785e-42ee-8cac-895cf2e2503a', 145.53, 'Completed', '2025-03-24 11:49:10');
INSERT INTO Orders (Order_ID, Created_At, Delivery_time, Real_time_location, Special_Instructions, Status, OrderItem_Price, Taxes, Delivery_Fee, Customer_ID, Restaurant_ID, Personnel_ID, Delivery_Address_ID) VALUES (256, '2025-05-21 07:21:41', '2025-05-21 08:02:41', '1200 Wesley Branch, Wallmouth, VT 34324', 'Maybe remember interest church win miss within.', 'Processing', 82.60000000000001, 6.61, 4.71, 48, 5, 9, 113);
INSERT INTO Order_Item (OrderItem_ID, Quantity, MenuItem_ID, Order_ID) VALUES (1451, 2, 42, 256);
INSERT INTO Order_Item (OrderItem_ID, Quantity, MenuItem_ID, Order_ID) VALUES (1452, 3, 38, 256);
INSERT INTO Order_Item (OrderItem_ID, Quantity, MenuItem_ID, Order_ID) VALUES (1453, 1, 26, 256);
INSERT INTO Order_Item (OrderItem_ID, Quantity, MenuItem_ID, Order_ID) VALUES (1454, 3, 30, 256);
INSERT INTO Order_Item (OrderItem_ID, Quantity, MenuItem_ID, Order_ID) VALUES (1455, 1, 50, 256);
INSERT INTO Payments (Payment_ID, Order_ID, PaymentMethod_ID, Transaction_ID, Amount, Payment_Status, Timestamp) VALUES (256, 256, 98, '6680c5e3-363c-4c32-be3e-14022008bd4c', 93.92, 'Completed', '2025-05-21 08:02:41');
INSERT INTO Orders (Order_ID, Created_At, Delivery_time, Real_time_location, Special_Instructions, Status, OrderItem_Price, Taxes, Delivery_Fee, Customer_ID, Restaurant_ID, Personnel_ID, Delivery_Address_ID) VALUES (257, '2025-05-01 04:57:10', '2025-05-01 06:05:10', '89177 Delgado Lodge Suite 205, Leeville, CA 48041', 'Single friend dream clear blood deep action travel.', 'Processing', 121.21999999999998, 9.7, 2.35, 49, 7, 4, 114);
INSERT INTO Order_Item (OrderItem_ID, Quantity, MenuItem_ID, Order_ID) VALUES (1456, 1, 23, 257);
INSERT INTO Order_Item (OrderItem_ID, Quantity, MenuItem_ID, Order_ID) VALUES (1457, 2, 15, 257);
INSERT INTO Order_Item (OrderItem_ID, Quantity, MenuItem_ID, Order_ID) VALUES (1458, 3, 47, 257);
INSERT INTO Order_Item (OrderItem_ID, Quantity, MenuItem_ID, Order_ID) VALUES (1459, 3, 19, 257);
INSERT INTO Order_Item (OrderItem_ID, Quantity, MenuItem_ID, Order_ID) VALUES (1460, 3, 17, 257);
INSERT INTO Order_Item (OrderItem_ID, Quantity, MenuItem_ID, Order_ID) VALUES (1461, 1, 13, 257);
INSERT INTO Order_Item (OrderItem_ID, Quantity, MenuItem_ID, Order_ID) VALUES (1462, 1, 3, 257);
INSERT INTO Order_Item (OrderItem_ID, Quantity, MenuItem_ID, Order_ID) VALUES (1463, 3, 2, 257);
INSERT INTO Payments (Payment_ID, Order_ID, PaymentMethod_ID, Transaction_ID, Amount, Payment_Status, Timestamp) VALUES (257, 257, 100, 'a36d7567-33a4-4f40-8d3b-a57f300ffa68', 133.27, 'Completed', '2025-05-01 06:05:10');
INSERT INTO Orders (Order_ID, Created_At, Delivery_time, Real_time_location, Special_Instructions, Status, OrderItem_Price, Taxes, Delivery_Fee, Customer_ID, Restaurant_ID, Personnel_ID, Delivery_Address_ID) VALUES (258, '2025-01-07 06:50:24', '2025-01-07 07:51:24', '909 Williams Island, West Alanstad, LA 52685', 'Crime sell rise wind reflect best imagine.', 'Processing', 100.16999999999999, 8.01, 3.76, 50, 5, 15, 116);
INSERT INTO Order_Item (OrderItem_ID, Quantity, MenuItem_ID, Order_ID) VALUES (1464, 1, 18, 258);
INSERT INTO Order_Item (OrderItem_ID, Quantity, MenuItem_ID, Order_ID) VALUES (1465, 3, 50, 258);
INSERT INTO Order_Item (OrderItem_ID, Quantity, MenuItem_ID, Order_ID) VALUES (1466, 2, 28, 258);
INSERT INTO Order_Item (OrderItem_ID, Quantity, MenuItem_ID, Order_ID) VALUES (1467, 1, 45, 258);
INSERT INTO Order_Item (OrderItem_ID, Quantity, MenuItem_ID, Order_ID) VALUES (1468, 3, 43, 258);
INSERT INTO Order_Item (OrderItem_ID, Quantity, MenuItem_ID, Order_ID) VALUES (1469, 2, 54, 258);
INSERT INTO Order_Item (OrderItem_ID, Quantity, MenuItem_ID, Order_ID) VALUES (1470, 1, 21, 258);
INSERT INTO Order_Item (OrderItem_ID, Quantity, MenuItem_ID, Order_ID) VALUES (1471, 1, 17, 258);
INSERT INTO Payments (Payment_ID, Order_ID, PaymentMethod_ID, Transaction_ID, Amount, Payment_Status, Timestamp) VALUES (258, 258, 103, '808eadf2-19db-433e-80ea-83afbdcfc159', 111.94, 'Completed', '2025-01-07 07:51:24');
INSERT INTO Orders (Order_ID, Created_At, Delivery_time, Real_time_location, Special_Instructions, Status, OrderItem_Price, Taxes, Delivery_Fee, Customer_ID, Restaurant_ID, Personnel_ID, Delivery_Address_ID) VALUES (259, '2025-01-30 03:55:14', '2025-01-30 05:22:14', '9042 Faith Common Apt. 332, New Zachary, PA 85880', 'Us game size fund growth task issue.', 'Processing', 124.92999999999999, 9.99, 4.8, 50, 4, 20, 116);
INSERT INTO Order_Item (OrderItem_ID, Quantity, MenuItem_ID, Order_ID) VALUES (1472, 2, 46, 259);
INSERT INTO Order_Item (OrderItem_ID, Quantity, MenuItem_ID, Order_ID) VALUES (1473, 3, 17, 259);
INSERT INTO Order_Item (OrderItem_ID, Quantity, MenuItem_ID, Order_ID) VALUES (1474, 1, 7, 259);
INSERT INTO Order_Item (OrderItem_ID, Quantity, MenuItem_ID, Order_ID) VALUES (1475, 3, 3, 259);
INSERT INTO Order_Item (OrderItem_ID, Quantity, MenuItem_ID, Order_ID) VALUES (1476, 3, 5, 259);
INSERT INTO Order_Item (OrderItem_ID, Quantity, MenuItem_ID, Order_ID) VALUES (1477, 2, 51, 259);
INSERT INTO Order_Item (OrderItem_ID, Quantity, MenuItem_ID, Order_ID) VALUES (1478, 2, 37, 259);
INSERT INTO Order_Item (OrderItem_ID, Quantity, MenuItem_ID, Order_ID) VALUES (1479, 2, 47, 259);
INSERT INTO Payments (Payment_ID, Order_ID, PaymentMethod_ID, Transaction_ID, Amount, Payment_Status, Timestamp) VALUES (259, 259, 103, 'aed0cbcf-c630-4536-b677-9a11e403999b', 139.72, 'Completed', '2025-01-30 05:22:14');
INSERT INTO Orders (Order_ID, Created_At, Delivery_time, Real_time_location, Special_Instructions, Status, OrderItem_Price, Taxes, Delivery_Fee, Customer_ID, Restaurant_ID, Personnel_ID, Delivery_Address_ID) VALUES (260, '2025-03-17 06:30:23', '2025-03-17 07:30:23', '97102 Payne Union, South Clintonmouth, LA 21665', 'Evidence guy become condition.', 'Processing', 24.08, 1.93, 5.27, 50, 2, 18, 116);
INSERT INTO Order_Item (OrderItem_ID, Quantity, MenuItem_ID, Order_ID) VALUES (1480, 1, 25, 260);
INSERT INTO Payments (Payment_ID, Order_ID, PaymentMethod_ID, Transaction_ID, Amount, Payment_Status, Timestamp) VALUES (260, 260, 103, 'fc73e358-4208-4fc8-b5f3-21cbc59de4aa', 31.28, 'Completed', '2025-03-17 07:30:23');
INSERT INTO Orders (Order_ID, Created_At, Delivery_time, Real_time_location, Special_Instructions, Status, OrderItem_Price, Taxes, Delivery_Fee, Customer_ID, Restaurant_ID, Personnel_ID, Delivery_Address_ID) VALUES (261, '2025-04-02 21:33:21', '2025-04-02 22:26:21', 'Unit 7219 Box 7054, DPO AA 54113', 'True can happen suddenly weight health radio media.', 'Processing', 24.94, 2.0, 4.59, 50, 6, 10, 117);
INSERT INTO Order_Item (OrderItem_ID, Quantity, MenuItem_ID, Order_ID) VALUES (1481, 3, 41, 261);
INSERT INTO Payments (Payment_ID, Order_ID, PaymentMethod_ID, Transaction_ID, Amount, Payment_Status, Timestamp) VALUES (261, 261, 103, 'fdc2705c-e023-482a-a09d-d9e84348a887', 31.53, 'Completed', '2025-04-02 22:26:21');
INSERT INTO Orders (Order_ID, Created_At, Delivery_time, Real_time_location, Special_Instructions, Status, OrderItem_Price, Taxes, Delivery_Fee, Customer_ID, Restaurant_ID, Personnel_ID, Delivery_Address_ID) VALUES (262, '2025-05-13 12:56:22', '2025-05-13 13:57:22', '380 Melissa Highway, Moorefurt, CA 29736', 'Them protect give life movement stand.', 'Processing', 49.13, 3.93, 4.76, 50, 2, 15, 117);
INSERT INTO Order_Item (OrderItem_ID, Quantity, MenuItem_ID, Order_ID) VALUES (1482, 1, 12, 262);
INSERT INTO Order_Item (OrderItem_ID, Quantity, MenuItem_ID, Order_ID) VALUES (1483, 3, 36, 262);
INSERT INTO Order_Item (OrderItem_ID, Quantity, MenuItem_ID, Order_ID) VALUES (1484, 2, 3, 262);
INSERT INTO Order_Item (OrderItem_ID, Quantity, MenuItem_ID, Order_ID) VALUES (1485, 3, 25, 262);
INSERT INTO Payments (Payment_ID, Order_ID, PaymentMethod_ID, Transaction_ID, Amount, Payment_Status, Timestamp) VALUES (262, 262, 102, 'bb55cfa3-2e26-4519-95f8-77681bef39f1', 57.82, 'Completed', '2025-05-13 13:57:22');

UPDATE Orders SET Status = 'Processing' WHERE Order_ID = 1;
UPDATE Orders SET Status = 'Delivered' WHERE Order_ID = 2;
UPDATE Orders SET Status = 'Delivered' WHERE Order_ID = 3;
UPDATE Orders SET Status = 'Delivered' WHERE Order_ID = 4;
UPDATE Orders SET Status = 'Cancelled' WHERE Order_ID = 5;
UPDATE Orders SET Status = 'Processing' WHERE Order_ID = 6;
UPDATE Orders SET Status = 'Out for Delivery' WHERE Order_ID = 7;
UPDATE Orders SET Status = 'Delivered' WHERE Order_ID = 8;
UPDATE Orders SET Status = 'Processing' WHERE Order_ID = 9;
UPDATE Orders SET Status = 'Delivered' WHERE Order_ID = 10;
UPDATE Orders SET Status = 'Delivered' WHERE Order_ID = 11;
UPDATE Orders SET Status = 'Processing' WHERE Order_ID = 12;
UPDATE Orders SET Status = 'Delivered' WHERE Order_ID = 13;
UPDATE Orders SET Status = 'Delivered' WHERE Order_ID = 14;
UPDATE Orders SET Status = 'Processing' WHERE Order_ID = 15;
UPDATE Orders SET Status = 'Processing' WHERE Order_ID = 16;
UPDATE Orders SET Status = 'Delivered' WHERE Order_ID = 17;
UPDATE Orders SET Status = 'Processing' WHERE Order_ID = 18;
UPDATE Orders SET Status = 'Out for Delivery' WHERE Order_ID = 19;
UPDATE Orders SET Status = 'Delivered' WHERE Order_ID = 20;
UPDATE Orders SET Status = 'Out for Delivery' WHERE Order_ID = 21;
UPDATE Orders SET Status = 'Processing' WHERE Order_ID = 22;
UPDATE Orders SET Status = 'Delivered' WHERE Order_ID = 23;
UPDATE Orders SET Status = 'Delivered' WHERE Order_ID = 24;
UPDATE Orders SET Status = 'Preparing' WHERE Order_ID = 25;
UPDATE Orders SET Status = 'Delivered' WHERE Order_ID = 26;
UPDATE Orders SET Status = 'Delivered' WHERE Order_ID = 27;
UPDATE Orders SET Status = 'Delivered' WHERE Order_ID = 28;
UPDATE Orders SET Status = 'Out for Delivery' WHERE Order_ID = 29;
UPDATE Orders SET Status = 'Processing' WHERE Order_ID = 30;
UPDATE Orders SET Status = 'Out for Delivery' WHERE Order_ID = 31;
UPDATE Orders SET Status = 'Cancelled' WHERE Order_ID = 32;
UPDATE Orders SET Status = 'Processing' WHERE Order_ID = 33;
UPDATE Orders SET Status = 'Preparing' WHERE Order_ID = 34;
UPDATE Orders SET Status = 'Delivered' WHERE Order_ID = 35;
UPDATE Orders SET Status = 'Processing' WHERE Order_ID = 36;
UPDATE Orders SET Status = 'Out for Delivery' WHERE Order_ID = 37;
UPDATE Orders SET Status = 'Processing' WHERE Order_ID = 38;
UPDATE Orders SET Status = 'Out for Delivery' WHERE Order_ID = 39;
UPDATE Orders SET Status = 'Processing' WHERE Order_ID = 40;
UPDATE Orders SET Status = 'Cancelled' WHERE Order_ID = 41;
UPDATE Orders SET Status = 'Delivered' WHERE Order_ID = 42;
UPDATE Orders SET Status = 'Delivered' WHERE Order_ID = 43;
UPDATE Orders SET Status = 'Delivered' WHERE Order_ID = 44;
UPDATE Orders SET Status = 'Delivered' WHERE Order_ID = 45;
UPDATE Orders SET Status = 'Delivered' WHERE Order_ID = 46;
UPDATE Orders SET Status = 'Delivered' WHERE Order_ID = 47;
UPDATE Orders SET Status = 'Delivered' WHERE Order_ID = 48;
UPDATE Orders SET Status = 'Processing' WHERE Order_ID = 49;
UPDATE Orders SET Status = 'Delivered' WHERE Order_ID = 50;
UPDATE Orders SET Status = 'Delivered' WHERE Order_ID = 51;
UPDATE Orders SET Status = 'Delivered' WHERE Order_ID = 52;
UPDATE Orders SET Status = 'Delivered' WHERE Order_ID = 53;
UPDATE Orders SET Status = 'Preparing' WHERE Order_ID = 54;
UPDATE Orders SET Status = 'Processing' WHERE Order_ID = 55;
UPDATE Orders SET Status = 'Processing' WHERE Order_ID = 56;
UPDATE Orders SET Status = 'Delivered' WHERE Order_ID = 57;
UPDATE Orders SET Status = 'Cancelled' WHERE Order_ID = 58;
UPDATE Orders SET Status = 'Delivered' WHERE Order_ID = 59;
UPDATE Orders SET Status = 'Delivered' WHERE Order_ID = 60;
UPDATE Orders SET Status = 'Preparing' WHERE Order_ID = 61;
UPDATE Orders SET Status = 'Processing' WHERE Order_ID = 62;
UPDATE Orders SET Status = 'Processing' WHERE Order_ID = 63;
UPDATE Orders SET Status = 'Processing' WHERE Order_ID = 64;
UPDATE Orders SET Status = 'Out for Delivery' WHERE Order_ID = 65;
UPDATE Orders SET Status = 'Cancelled' WHERE Order_ID = 66;
UPDATE Orders SET Status = 'Delivered' WHERE Order_ID = 67;
UPDATE Orders SET Status = 'Delivered' WHERE Order_ID = 68;
UPDATE Orders SET Status = 'Delivered' WHERE Order_ID = 69;
UPDATE Orders SET Status = 'Delivered' WHERE Order_ID = 70;
UPDATE Orders SET Status = 'Delivered' WHERE Order_ID = 71;
UPDATE Orders SET Status = 'Preparing' WHERE Order_ID = 72;
UPDATE Orders SET Status = 'Out for Delivery' WHERE Order_ID = 73;
UPDATE Orders SET Status = 'Delivered' WHERE Order_ID = 74;
UPDATE Orders SET Status = 'Processing' WHERE Order_ID = 75;
UPDATE Orders SET Status = 'Delivered' WHERE Order_ID = 76;
UPDATE Orders SET Status = 'Preparing' WHERE Order_ID = 77;
UPDATE Orders SET Status = 'Processing' WHERE Order_ID = 78;
UPDATE Orders SET Status = 'Delivered' WHERE Order_ID = 79;
UPDATE Orders SET Status = 'Delivered' WHERE Order_ID = 80;
UPDATE Orders SET Status = 'Processing' WHERE Order_ID = 81;
UPDATE Orders SET Status = 'Delivered' WHERE Order_ID = 82;
UPDATE Orders SET Status = 'Processing' WHERE Order_ID = 83;
UPDATE Orders SET Status = 'Out for Delivery' WHERE Order_ID = 84;
UPDATE Orders SET Status = 'Delivered' WHERE Order_ID = 85;
UPDATE Orders SET Status = 'Delivered' WHERE Order_ID = 86;
UPDATE Orders SET Status = 'Preparing' WHERE Order_ID = 87;
UPDATE Orders SET Status = 'Processing' WHERE Order_ID = 88;
UPDATE Orders SET Status = 'Delivered' WHERE Order_ID = 89;
UPDATE Orders SET Status = 'Delivered' WHERE Order_ID = 90;
UPDATE Orders SET Status = 'Delivered' WHERE Order_ID = 91;
UPDATE Orders SET Status = 'Processing' WHERE Order_ID = 92;
UPDATE Orders SET Status = 'Cancelled' WHERE Order_ID = 93;
UPDATE Orders SET Status = 'Processing' WHERE Order_ID = 94;
UPDATE Orders SET Status = 'Delivered' WHERE Order_ID = 95;
UPDATE Orders SET Status = 'Delivered' WHERE Order_ID = 96;
UPDATE Orders SET Status = 'Preparing' WHERE Order_ID = 97;
UPDATE Orders SET Status = 'Processing' WHERE Order_ID = 98;
UPDATE Orders SET Status = 'Preparing' WHERE Order_ID = 99;
UPDATE Orders SET Status = 'Out for Delivery' WHERE Order_ID = 100;
UPDATE Orders SET Status = 'Delivered' WHERE Order_ID = 101;
UPDATE Orders SET Status = 'Cancelled' WHERE Order_ID = 102;
UPDATE Orders SET Status = 'Processing' WHERE Order_ID = 103;
UPDATE Orders SET Status = 'Processing' WHERE Order_ID = 104;
UPDATE Orders SET Status = 'Delivered' WHERE Order_ID = 105;
UPDATE Orders SET Status = 'Processing' WHERE Order_ID = 106;
UPDATE Orders SET Status = 'Delivered' WHERE Order_ID = 107;
UPDATE Orders SET Status = 'Processing' WHERE Order_ID = 108;
UPDATE Orders SET Status = 'Processing' WHERE Order_ID = 109;
UPDATE Orders SET Status = 'Preparing' WHERE Order_ID = 110;
UPDATE Orders SET Status = 'Out for Delivery' WHERE Order_ID = 111;
UPDATE Orders SET Status = 'Delivered' WHERE Order_ID = 112;
UPDATE Orders SET Status = 'Processing' WHERE Order_ID = 113;
UPDATE Orders SET Status = 'Delivered' WHERE Order_ID = 114;
UPDATE Orders SET Status = 'Preparing' WHERE Order_ID = 115;
UPDATE Orders SET Status = 'Out for Delivery' WHERE Order_ID = 116;
UPDATE Orders SET Status = 'Delivered' WHERE Order_ID = 117;
UPDATE Orders SET Status = 'Processing' WHERE Order_ID = 118;
UPDATE Orders SET Status = 'Processing' WHERE Order_ID = 119;
UPDATE Orders SET Status = 'Delivered' WHERE Order_ID = 120;
UPDATE Orders SET Status = 'Cancelled' WHERE Order_ID = 121;
UPDATE Orders SET Status = 'Processing' WHERE Order_ID = 122;
UPDATE Orders SET Status = 'Cancelled' WHERE Order_ID = 123;
UPDATE Orders SET Status = 'Processing' WHERE Order_ID = 124;
UPDATE Orders SET Status = 'Delivered' WHERE Order_ID = 125;
UPDATE Orders SET Status = 'Delivered' WHERE Order_ID = 126;
UPDATE Orders SET Status = 'Delivered' WHERE Order_ID = 127;
UPDATE Orders SET Status = 'Preparing' WHERE Order_ID = 128;
UPDATE Orders SET Status = 'Out for Delivery' WHERE Order_ID = 129;
UPDATE Orders SET Status = 'Out for Delivery' WHERE Order_ID = 130;
UPDATE Orders SET Status = 'Delivered' WHERE Order_ID = 131;
UPDATE Orders SET Status = 'Delivered' WHERE Order_ID = 132;
UPDATE Orders SET Status = 'Out for Delivery' WHERE Order_ID = 133;
UPDATE Orders SET Status = 'Preparing' WHERE Order_ID = 134;
UPDATE Orders SET Status = 'Delivered' WHERE Order_ID = 135;
UPDATE Orders SET Status = 'Processing' WHERE Order_ID = 136;
UPDATE Orders SET Status = 'Delivered' WHERE Order_ID = 137;
UPDATE Orders SET Status = 'Cancelled' WHERE Order_ID = 138;
UPDATE Orders SET Status = 'Cancelled' WHERE Order_ID = 139;
UPDATE Orders SET Status = 'Delivered' WHERE Order_ID = 140;
UPDATE Orders SET Status = 'Processing' WHERE Order_ID = 141;
UPDATE Orders SET Status = 'Processing' WHERE Order_ID = 142;
UPDATE Orders SET Status = 'Delivered' WHERE Order_ID = 143;
UPDATE Orders SET Status = 'Out for Delivery' WHERE Order_ID = 144;
UPDATE Orders SET Status = 'Processing' WHERE Order_ID = 145;
UPDATE Orders SET Status = 'Delivered' WHERE Order_ID = 146;
UPDATE Orders SET Status = 'Processing' WHERE Order_ID = 147;
UPDATE Orders SET Status = 'Cancelled' WHERE Order_ID = 148;
UPDATE Orders SET Status = 'Delivered' WHERE Order_ID = 149;
UPDATE Orders SET Status = 'Delivered' WHERE Order_ID = 150;
UPDATE Orders SET Status = 'Preparing' WHERE Order_ID = 151;
UPDATE Orders SET Status = 'Processing' WHERE Order_ID = 152;
UPDATE Orders SET Status = 'Processing' WHERE Order_ID = 153;
UPDATE Orders SET Status = 'Processing' WHERE Order_ID = 154;
UPDATE Orders SET Status = 'Delivered' WHERE Order_ID = 155;
UPDATE Orders SET Status = 'Delivered' WHERE Order_ID = 156;
UPDATE Orders SET Status = 'Delivered' WHERE Order_ID = 157;
UPDATE Orders SET Status = 'Processing' WHERE Order_ID = 158;
UPDATE Orders SET Status = 'Delivered' WHERE Order_ID = 159;
UPDATE Orders SET Status = 'Delivered' WHERE Order_ID = 160;
UPDATE Orders SET Status = 'Delivered' WHERE Order_ID = 161;
UPDATE Orders SET Status = 'Processing' WHERE Order_ID = 162;
UPDATE Orders SET Status = 'Delivered' WHERE Order_ID = 163;
UPDATE Orders SET Status = 'Preparing' WHERE Order_ID = 164;
UPDATE Orders SET Status = 'Out for Delivery' WHERE Order_ID = 165;
UPDATE Orders SET Status = 'Delivered' WHERE Order_ID = 166;
UPDATE Orders SET Status = 'Delivered' WHERE Order_ID = 167;
UPDATE Orders SET Status = 'Processing' WHERE Order_ID = 168;
UPDATE Orders SET Status = 'Delivered' WHERE Order_ID = 169;
UPDATE Orders SET Status = 'Delivered' WHERE Order_ID = 170;
UPDATE Orders SET Status = 'Preparing' WHERE Order_ID = 171;
UPDATE Orders SET Status = 'Processing' WHERE Order_ID = 172;
UPDATE Orders SET Status = 'Processing' WHERE Order_ID = 173;
UPDATE Orders SET Status = 'Cancelled' WHERE Order_ID = 174;
UPDATE Orders SET Status = 'Out for Delivery' WHERE Order_ID = 175;
UPDATE Orders SET Status = 'Delivered' WHERE Order_ID = 176;
UPDATE Orders SET Status = 'Delivered' WHERE Order_ID = 177;
UPDATE Orders SET Status = 'Processing' WHERE Order_ID = 178;
UPDATE Orders SET Status = 'Processing' WHERE Order_ID = 179;
UPDATE Orders SET Status = 'Processing' WHERE Order_ID = 180;
UPDATE Orders SET Status = 'Cancelled' WHERE Order_ID = 181;
UPDATE Orders SET Status = 'Processing' WHERE Order_ID = 182;
UPDATE Orders SET Status = 'Preparing' WHERE Order_ID = 183;
UPDATE Orders SET Status = 'Delivered' WHERE Order_ID = 184;
UPDATE Orders SET Status = 'Processing' WHERE Order_ID = 185;
UPDATE Orders SET Status = 'Delivered' WHERE Order_ID = 186;
UPDATE Orders SET Status = 'Out for Delivery' WHERE Order_ID = 187;
UPDATE Orders SET Status = 'Delivered' WHERE Order_ID = 188;
UPDATE Orders SET Status = 'Delivered' WHERE Order_ID = 189;
UPDATE Orders SET Status = 'Processing' WHERE Order_ID = 190;
UPDATE Orders SET Status = 'Processing' WHERE Order_ID = 191;
UPDATE Orders SET Status = 'Delivered' WHERE Order_ID = 192;
UPDATE Orders SET Status = 'Delivered' WHERE Order_ID = 193;
UPDATE Orders SET Status = 'Preparing' WHERE Order_ID = 194;
UPDATE Orders SET Status = 'Processing' WHERE Order_ID = 195;
UPDATE Orders SET Status = 'Out for Delivery' WHERE Order_ID = 196;
UPDATE Orders SET Status = 'Processing' WHERE Order_ID = 197;
UPDATE Orders SET Status = 'Delivered' WHERE Order_ID = 198;
UPDATE Orders SET Status = 'Preparing' WHERE Order_ID = 199;
UPDATE Orders SET Status = 'Out for Delivery' WHERE Order_ID = 200;
UPDATE Orders SET Status = 'Preparing' WHERE Order_ID = 201;
UPDATE Orders SET Status = 'Preparing' WHERE Order_ID = 202;
UPDATE Orders SET Status = 'Out for Delivery' WHERE Order_ID = 203;
UPDATE Orders SET Status = 'Delivered' WHERE Order_ID = 204;
UPDATE Orders SET Status = 'Processing' WHERE Order_ID = 205;
UPDATE Orders SET Status = 'Delivered' WHERE Order_ID = 206;
UPDATE Orders SET Status = 'Processing' WHERE Order_ID = 207;
UPDATE Orders SET Status = 'Delivered' WHERE Order_ID = 208;
UPDATE Orders SET Status = 'Delivered' WHERE Order_ID = 209;
UPDATE Orders SET Status = 'Preparing' WHERE Order_ID = 210;
UPDATE Orders SET Status = 'Delivered' WHERE Order_ID = 211;
UPDATE Orders SET Status = 'Cancelled' WHERE Order_ID = 212;
UPDATE Orders SET Status = 'Processing' WHERE Order_ID = 213;
UPDATE Orders SET Status = 'Processing' WHERE Order_ID = 214;
UPDATE Orders SET Status = 'Preparing' WHERE Order_ID = 215;
UPDATE Orders SET Status = 'Preparing' WHERE Order_ID = 216;
UPDATE Orders SET Status = 'Processing' WHERE Order_ID = 217;
UPDATE Orders SET Status = 'Cancelled' WHERE Order_ID = 218;
UPDATE Orders SET Status = 'Delivered' WHERE Order_ID = 219;
UPDATE Orders SET Status = 'Delivered' WHERE Order_ID = 220;
UPDATE Orders SET Status = 'Preparing' WHERE Order_ID = 221;
UPDATE Orders SET Status = 'Processing' WHERE Order_ID = 222;
UPDATE Orders SET Status = 'Processing' WHERE Order_ID = 223;
UPDATE Orders SET Status = 'Cancelled' WHERE Order_ID = 224;
UPDATE Orders SET Status = 'Delivered' WHERE Order_ID = 225;
UPDATE Orders SET Status = 'Processing' WHERE Order_ID = 226;
UPDATE Orders SET Status = 'Processing' WHERE Order_ID = 227;
UPDATE Orders SET Status = 'Out for Delivery' WHERE Order_ID = 228;
UPDATE Orders SET Status = 'Delivered' WHERE Order_ID = 229;
UPDATE Orders SET Status = 'Preparing' WHERE Order_ID = 230;
UPDATE Orders SET Status = 'Delivered' WHERE Order_ID = 231;
UPDATE Orders SET Status = 'Delivered' WHERE Order_ID = 232;
UPDATE Orders SET Status = 'Processing' WHERE Order_ID = 233;
UPDATE Orders SET Status = 'Processing' WHERE Order_ID = 234;
UPDATE Orders SET Status = 'Delivered' WHERE Order_ID = 235;
UPDATE Orders SET Status = 'Delivered' WHERE Order_ID = 236;
UPDATE Orders SET Status = 'Out for Delivery' WHERE Order_ID = 237;
UPDATE Orders SET Status = 'Delivered' WHERE Order_ID = 238;
UPDATE Orders SET Status = 'Processing' WHERE Order_ID = 239;
UPDATE Orders SET Status = 'Processing' WHERE Order_ID = 240;
UPDATE Orders SET Status = 'Processing' WHERE Order_ID = 241;
UPDATE Orders SET Status = 'Processing' WHERE Order_ID = 242;
UPDATE Orders SET Status = 'Processing' WHERE Order_ID = 243;
UPDATE Orders SET Status = 'Preparing' WHERE Order_ID = 244;
UPDATE Orders SET Status = 'Delivered' WHERE Order_ID = 245;
UPDATE Orders SET Status = 'Cancelled' WHERE Order_ID = 246;
UPDATE Orders SET Status = 'Delivered' WHERE Order_ID = 247;
UPDATE Orders SET Status = 'Delivered' WHERE Order_ID = 248;
UPDATE Orders SET Status = 'Processing' WHERE Order_ID = 249;
UPDATE Orders SET Status = 'Delivered' WHERE Order_ID = 250;
UPDATE Orders SET Status = 'Delivered' WHERE Order_ID = 251;
UPDATE Orders SET Status = 'Cancelled' WHERE Order_ID = 252;
UPDATE Orders SET Status = 'Delivered' WHERE Order_ID = 253;
UPDATE Orders SET Status = 'Processing' WHERE Order_ID = 254;
UPDATE Orders SET Status = 'Preparing' WHERE Order_ID = 255;
UPDATE Orders SET Status = 'Preparing' WHERE Order_ID = 256;
UPDATE Orders SET Status = 'Delivered' WHERE Order_ID = 257;
UPDATE Orders SET Status = 'Delivered' WHERE Order_ID = 258;
UPDATE Orders SET Status = 'Delivered' WHERE Order_ID = 259;
UPDATE Orders SET Status = 'Preparing' WHERE Order_ID = 260;
UPDATE Orders SET Status = 'Out for Delivery' WHERE Order_ID = 261;
UPDATE Orders SET Status = 'Out for Delivery' WHERE Order_ID = 262;
UPDATE Orders SET Status = 'Delivered' WHERE Order_ID = 263;
UPDATE Orders SET Status = 'Delivered' WHERE Order_ID = 264;
UPDATE Orders SET Status = 'Out for Delivery' WHERE Order_ID = 265;
UPDATE Orders SET Status = 'Cancelled' WHERE Order_ID = 266;
UPDATE Orders SET Status = 'Processing' WHERE Order_ID = 267;
UPDATE Orders SET Status = 'Preparing' WHERE Order_ID = 268;
UPDATE Orders SET Status = 'Processing' WHERE Order_ID = 269;
UPDATE Orders SET Status = 'Delivered' WHERE Order_ID = 270;
UPDATE Orders SET Status = 'Out for Delivery' WHERE Order_ID = 271;
UPDATE Orders SET Status = 'Delivered' WHERE Order_ID = 272;
UPDATE Orders SET Status = 'Processing' WHERE Order_ID = 273;
UPDATE Orders SET Status = 'Preparing' WHERE Order_ID = 274;
UPDATE Orders SET Status = 'Delivered' WHERE Order_ID = 275;
UPDATE Orders SET Status = 'Delivered' WHERE Order_ID = 276;
UPDATE Orders SET Status = 'Delivered' WHERE Order_ID = 277;
UPDATE Orders SET Status = 'Processing' WHERE Order_ID = 278;
UPDATE Orders SET Status = 'Delivered' WHERE Order_ID = 279;
UPDATE Orders SET Status = 'Processing' WHERE Order_ID = 280;
UPDATE Orders SET Status = 'Cancelled' WHERE Order_ID = 281;
UPDATE Orders SET Status = 'Delivered' WHERE Order_ID = 282;
UPDATE Orders SET Status = 'Processing' WHERE Order_ID = 283;
UPDATE Orders SET Status = 'Delivered' WHERE Order_ID = 284;
UPDATE Orders SET Status = 'Processing' WHERE Order_ID = 285;
UPDATE Orders SET Status = 'Preparing' WHERE Order_ID = 286;
UPDATE Orders SET Status = 'Out for Delivery' WHERE Order_ID = 287;
UPDATE Orders SET Status = 'Delivered' WHERE Order_ID = 288;
UPDATE Orders SET Status = 'Processing' WHERE Order_ID = 289;
UPDATE Orders SET Status = 'Delivered' WHERE Order_ID = 290;
UPDATE Orders SET Status = 'Delivered' WHERE Order_ID = 291;
UPDATE Orders SET Status = 'Cancelled' WHERE Order_ID = 292;
UPDATE Orders SET Status = 'Processing' WHERE Order_ID = 293;
UPDATE Orders SET Status = 'Delivered' WHERE Order_ID = 294;
UPDATE Orders SET Status = 'Cancelled' WHERE Order_ID = 295;
UPDATE Orders SET Status = 'Processing' WHERE Order_ID = 296;
UPDATE Orders SET Status = 'Processing' WHERE Order_ID = 297;
UPDATE Orders SET Status = 'Delivered' WHERE Order_ID = 298;
UPDATE Orders SET Status = 'Delivered' WHERE Order_ID = 299;
UPDATE Orders SET Status = 'Out for Delivery' WHERE Order_ID = 300;